"# procedencia: {""fecha"": ""2026-09-15T12:09:59"", ""rama"": ""3K_kenyon_aprendido"", ""T"": 200000, ""fase2_en"": 100000, ""semillas"": 20, ""python"": ""3.14.2"", ""numpy"": ""2.4.3"", ""plataforma"": ""Windows-11-10.0.26200-SP0"", ""sha256_16"": {""organismo_3k"": ""cb5a528d123056a7"", ""run_3k"": ""8fa9aa6b38c68942"", ""PREREGISTRO"": ""f303e55005fcdec1"", ""organismo_v6"": ""5f38f83cf49248a3""}, ""malla"": {""celdas"": [[""fijo"", 0.0], [""hebb_visita"", 0.003], [""hebb_visita"", 0.01], [""hebb_visita"", 0.03], [""hebb_mordida"", 0.003], [""hebb_mordida"", 0.01], [""hebb_mordida"", 0.03], [""error"", 0.003], [""error"", 0.01], [""error"", 0.03]], ""variantes"": [""congelado"", ""aprende""]}, ""mundo"": {""n_patrones"": 20, ""px_activos"": 3, ""px_relevante"": 0, ""tren"": 10, ""test"": 10, ""particion_rng"": ""default_rng(10000+seed)""}, ""segundos"": 709.205012}"
seed,modo,k_lr,variante,deaths,acc_signo,r_clase,r_solap,Wa_test_comida,Wa_test_veneno,Wa_tren_comida,Wa_tren_veneno,prec_test,tasa_test_comida,tasa_test_veneno,prec_test_q1,tasaC_test_q1,tasaV_test_q1,prec_test_q2,tasaC_test_q2,tasaV_test_q2,prec_test_q3,tasaC_test_q3,tasaV_test_q3,prec_test_q4,tasaC_test_q4,tasaV_test_q4,prec_tren,tasa_tren_comida,tasa_tren_veneno,prec_tren_f1,mord_comida,mord_veneno,ratio_disp,ratio_media,sel_clase,solap_intra,solap_inter,ratio_solap,celdas_usadas,uso_max,ratio_disp_f2,ratio_media_f2,sel_clase_f2,solap_intra_f2,solap_inter_f2,ratio_solap_f2,celdas_usadas_f2,uso_max_f2,deriva_kw
1,fijo,0.0,congelado,253,0.85,0.679499335150939,0.951409849907614,1.525843158835454,-0.07226051385072374,1.011599233406176,-2.7589490360354048,0.7163579276674286,0.9846153846153847,0.5518995292805277,0.7288215286114446,1.0,0.5423569427771108,0.6879259259259259,0.9866666666666667,0.6108148148148148,0.7235896212830297,0.9789473684210526,0.5317681258549931,0.7163233082706766,0.9714285714285713,0.538781954887218,0.998976680124909,1.0,0.002046639750181919,0.9684624736751775,894,446,1.1719056793367177,1.0770761144272207,0.16,1.3444444444444446,1.1,1.2222222222222223,20,19,1.1719056793367177,1.0770761144272207,0.16,1.3444444444444446,1.1,1.2222222222222223,20,19,0.0
2,fijo,0.0,congelado,276,0.8,0.409302330154502,0.8719364522075012,0.4768108973412584,-0.6709867133976536,0.9501095892567039,-2.951883247680641,0.7125509240201275,0.8002343749999999,0.3751325269597447,0.6961769330963292,0.7890909090909091,0.39673704289825074,0.7078847392406714,0.8181818181818181,0.4024123397004753,0.7039381486251459,0.7778095919828203,0.36993329473252856,0.7139815961312999,0.8223776223776224,0.39441443011502264,0.9972206233816848,1.0,0.0055587532366303104,0.9847306430171879,882,376,1.089325879854932,1.1114895019382307,0.16190476190476194,0.6444444444444445,0.53,1.2159329140461217,21,10,1.089325879854932,1.1114895019382307,0.16190476190476194,0.6444444444444445,0.53,1.2159329140461217,21,10,0.0
3,fijo,0.0,congelado,310,0.9,0.8361050047599019,0.7467185045495753,1.00375465126307,-0.5220870177085608,1.00375465126307,-2.619181539216106,0.7107836556626685,0.9972972972972972,0.5757299859719602,0.7060964912280702,1.0,0.5878070175438597,0.7126514958894823,0.9894736842105264,0.5641706924315619,0.7204330963154493,1.0,0.5591338073691016,0.6953019491403668,1.0,0.6093961017192664,0.9933353808492599,0.9962264150943396,0.009555653395819926,0.9379568393695606,1016,559,1.0540447655741854,1.2075236965671654,0.19999999999999998,0.9333333333333333,0.73,1.2785388127853883,16,11,1.0540447655741854,1.2075236965671654,0.19999999999999998,0.9333333333333333,0.73,1.2785388127853883,16,11,0.0
4,fijo,0.0,congelado,323,0.65,0.3903558510896512,0.6333805104942402,0.0,-0.7266505879626172,0.9267933601428275,-2.5351746349711934,0.6594745630229678,0.7797328786587098,0.46078375261277416,0.6529672688415731,0.7554717480481673,0.4495372103650211,0.6587331394967817,0.8082397003745319,0.49077342138096836,0.6572599227808255,0.7938364779874214,0.47931663242577055,0.6709620964790908,0.7797044334975369,0.4377802405393553,0.9873826907968613,1.0,0.02523461840627738,0.9171051252161304,958,584,0.9952662638663577,0.978053190967051,0.1368421052631579,1.1666666666666667,1.09,1.070336391437309,19,17,0.9952662638663577,0.978053190967051,0.1368421052631579,1.1666666666666667,1.09,1.070336391437309,19,17,0.0
5,fijo,0.0,congelado,319,0.5,-0.06955490007172985,0.6997577361513443,0.042031393393003214,0.9594163061390012,0.9071422940636028,-2.6767192124376615,0.4697482685636451,0.5926610940893156,0.6531645569620254,0.45652645222104393,0.5565311653116531,0.6434782608695653,0.4777277093616997,0.602823839776031,0.6473684210526316,0.47038070911634133,0.6036185610898255,0.6628571428571428,0.4713819029510675,0.6043022674405966,0.6615384615384615,0.8002898197176516,0.9740297063304666,0.3734500668951636,0.8160705362676358,1208,796,0.9254037910059225,0.9627577463893238,0.1625,0.9777777777777777,0.86,1.1369509043927648,16,15,0.9254037910059225,0.9627577463893238,0.1625,0.9777777777777777,0.86,1.1369509043927648,16,15,0.0
6,fijo,0.0,congelado,239,0.55,0.006335709929619489,0.9078611936564256,-1.2618451412082348,-0.5793425819644151,1.0301084700293497,-2.663951134894609,0.48481293096345707,0.4571917271785447,0.48756586525163054,0.47899025830466146,0.4917893147399742,0.5338087981306513,0.500985049944753,0.4524829204023266,0.4505128205128205,0.47642283931924173,0.4375358851674641,0.48469020652898065,0.47780107722757903,0.4607362756507813,0.5051341211956233,0.9972370761538463,1.0,0.005525847692307418,0.9807604273651609,831,364,1.0603169034293325,0.9438916860592695,0.17777777777777778,0.5777777777777777,0.43,1.3436692506459946,18,6,1.0603169034293325,0.9438916860592695,0.17777777777777778,0.5777777777777777,0.43,1.3436692506459946,18,6,0.0
7,fijo,0.0,congelado,271,0.6,0.31195027021402794,0.840118272878347,-0.2174103568298913,-0.5611026525425042,0.880490024622604,-2.563797982250117,0.577205221864793,0.6080955228341642,0.4536850791045782,0.5875649973157451,0.6280312907431552,0.452901296111665,0.5614356639702013,0.5839884380867988,0.4611171101463962,0.5540088659466471,0.6264992503748126,0.5184815184815184,0.5862913177421801,0.6157658569500676,0.4431832214657073,0.9924625228455934,0.9964912280701753,0.011566182378988422,0.9619881828345029,1000,458,0.9473274786707737,0.7262712901351707,0.13684210526315793,0.8333333333333334,0.71,1.1737089201877935,19,10,0.9473274786707737,0.7262712901351707,0.13684210526315793,0.8333333333333334,0.71,1.1737089201877935,19,10,0.0
8,fijo,0.0,congelado,321,0.5,0.2168409799623427,0.2240798593330403,-2.457193508935727,-2.457193508935727,0.8235842920310723,-2.4976448938522227,0.6286875198140186,0.3376922681990068,0.08031722857096954,0.648385439835574,0.36352959121415496,0.06675871154300693,0.6346274189728303,0.33661375661375664,0.06735891866809614,0.6209461238525069,0.3372727272727273,0.09538047956771362,0.5882009892879294,0.32817204301075265,0.15177006443489377,0.9928883980297042,1.0,0.014223203940591612,0.9501357643203858,714,355,0.9179598118485959,1.3463726774420206,0.14666666666666667,0.8,0.74,1.0810810810810811,15,12,0.9179598118485959,1.3463726774420206,0.14666666666666667,0.8,0.74,1.0810810810810811,15,12,0.0
9,fijo,0.0,congelado,278,0.55,0.17488095925804872,0.9605006843012106,0.574434846944014,0.3240796872739272,0.9398805112887754,-2.611737263525121,0.5820326397422,0.769414077093864,0.605348797609464,0.5950609431619491,0.7933333333333333,0.603211447009435,0.5695748465337849,0.7471847231715653,0.6080350301039956,0.5711879402850966,0.7511709401709401,0.6087950596007469,0.5891071006566398,0.7885752688172043,0.6103610675039246,0.8985599871647788,0.9811320754716981,0.18401210114214056,0.8847446630482152,1046,557,1.0207441969051838,1.031366353382923,0.2,1.0222222222222221,0.81,1.2620027434842247,15,13,1.0207441969051838,1.031366353382923,0.2,1.0222222222222221,0.81,1.2620027434842247,15,13,0.0
10,fijo,0.0,congelado,249,0.8,0.6899705774073567,0.8940151607929706,0.26312387974794443,-2.222868104410362,0.9721960304374984,-2.7095998928397904,0.7391996551309474,0.6677682977386095,0.18936898747671466,0.7323942183397429,0.6884946949602122,0.22370625828072632,0.7412133322244545,0.6758139534883721,0.19338728903946295,0.7690641959067522,0.6862772695285011,0.14814887771499663,0.7158873252833513,0.642169540229885,0.21039488966318237,0.9908593986929508,0.9956521739130434,0.01393337652714167,0.9319407742753208,865,282,0.9029639661454535,0.9218743142416189,0.22666666666666663,0.9777777777777777,0.6,1.6296296296296295,15,12,0.9029639661454535,0.9218743142416189,0.22666666666666663,0.9777777777777777,0.6,1.6296296296296295,15,12,0.0
11,fijo,0.0,congelado,297,0.7,0.6797698926978423,0.8839619080771091,-0.18843172912187844,-1.4285967645514615,0.9200788858560556,-2.636818325785288,0.7660478022920374,0.6424720519293184,0.11037644734524377,0.7491597994754643,0.6317296678121421,0.13341006886121354,0.7510576750492781,0.6269105599820447,0.12479520988348851,0.7577988169116403,0.6309696969696971,0.11537206314641657,0.8075995058064879,0.701008991008991,0.08580997939601516,0.9956726948043333,0.9962962962962962,0.004950906687629594,0.9742955175494454,829,409,1.0200648595559154,0.9149974777223149,0.17777777777777778,0.9777777777777777,0.78,1.2535612535612535,18,15,1.0200648595559154,0.9149974777223149,0.17777777777777778,0.9777777777777777,0.78,1.2535612535612535,18,15,0.0
12,fijo,0.0,congelado,294,0.85,0.8022179846880346,0.9132454089318273,0.6247989515830732,-2.5287716198036936,0.5399630072808108,-2.354940963782642,0.8564383312672492,0.9709090909090909,0.2580324283745926,0.8092134135963671,0.96,0.34157317280726573,0.8572379478107033,0.9857142857142858,0.2712383900928793,0.8738814847817618,0.9818181818181818,0.23405521225465825,0.8524452649762891,0.96,0.25510947004742174,0.896433407798187,0.9765656565656566,0.1836988409692825,0.8424175982330213,962,480,1.0107900473897657,0.8901136030428496,0.2,0.8777777777777778,0.6,1.462962962962963,17,10,1.0107900473897657,0.8901136030428496,0.2,0.8777777777777778,0.6,1.462962962962963,17,10,0.0
13,fijo,0.0,congelado,290,0.35,-0.029482966650943576,0.717782681943054,-0.4528296721578725,-0.4528296721578725,0.8279930934507952,-2.365474942490922,0.5161087675612615,0.5490375396971746,0.5168200045746516,0.5042472520588039,0.5471232790198307,0.5386287749022229,0.5069972527104212,0.5335496284230887,0.5195551230022464,0.5606061302051344,0.6359208880550343,0.5147086276447657,0.5244005461254766,0.5655775142731665,0.5167764220222132,0.902419089636463,0.968046783625731,0.163208604352805,0.9262848746936858,1124,594,0.9554642887774804,1.1494799068553057,0.15294117647058825,0.6555555555555556,0.59,1.1111111111111112,17,8,0.9554642887774804,1.1494799068553057,0.15294117647058825,0.6555555555555556,0.59,1.1111111111111112,17,8,0.0
14,fijo,0.0,congelado,336,1.0,0.9999449307136177,0.9610815023606503,0.9934266056139534,-2.765028420646391,0.931391666875157,-2.835018504443857,0.9969198538054991,1.0,0.006160292389001975,0.9970251599147122,1.0,0.005949680170575693,0.9964098948234326,1.0,0.007180210353134732,0.992190228881331,1.0,0.015619542237337991,0.9987662714384133,1.0,0.002467457123173429,0.8848236410551681,0.9727272727272727,0.20307999061693643,0.8745239735741661,623,264,0.9977954688312608,0.9616185230645757,0.24285714285714288,1.5444444444444445,0.8,1.9305555555555556,14,15,0.9977954688312608,0.9616185230645757,0.24285714285714288,1.5444444444444445,0.8,1.9305555555555556,14,15,0.0
15,fijo,0.0,congelado,264,0.4,0.2618707352989456,0.7182531712464165,-0.6842277448532306,-1.3855243067527163,0.9504642248316018,-2.641167224562431,0.5286371074657453,0.4753543500571249,0.4180801351256342,0.5134957858252878,0.44741917186613733,0.4204276002155619,0.5455142592643363,0.5042263738771784,0.4131978553485059,0.5752647709823647,0.5799045915324985,0.429375049567769,0.5194626909487217,0.4561471261930479,0.4172217442956045,0.9936976130559025,0.9966101694915255,0.009214943379720385,0.9512083504352757,879,407,1.118469958386748,1.0417426943172468,0.1625,0.7777777777777778,0.68,1.1437908496732025,16,9,1.118469958386748,1.0417426943172468,0.1625,0.7777777777777778,0.68,1.1437908496732025,16,9,0.0
16,fijo,0.0,congelado,294,0.9,0.8059501068389814,0.9911381540186603,0.44824753099797054,-1.5470662001000115,0.9994329222036527,-3.0286472814464274,0.8952859221280802,0.9944444444444445,0.20387260018828415,0.8862946912242686,1.0,0.22741061755146266,0.883909090909091,1.0,0.23218181818181818,0.8854005150447275,0.975,0.20419896991054487,0.9053333333333333,1.0,0.18933333333333333,0.9980763206128905,1.0,0.003847358774218888,0.9949250224768399,703,193,1.1839077208095419,0.8008115599607806,0.32499999999999996,1.2,0.16,7.5,16,8,1.1839077208095419,0.8008115599607806,0.32499999999999996,1.2,0.16,7.5,16,8,0.0
17,fijo,0.0,congelado,289,0.6,0.290510341599013,0.7014587075263398,-0.6774800258693864,-1.3449695461072233,0.9843849235583699,-2.8502239173744086,0.6204674010105569,0.4547005496981166,0.21376574767700282,0.5523340202057678,0.3819261520372631,0.2772581116257274,0.639005112676536,0.4830980626203184,0.2050878372672463,0.6230022289191623,0.50258860569021,0.2565841478518853,0.6361156067033618,0.4817886602825448,0.20955744687582128,0.9980789083253605,1.0,0.003842183349278967,0.9805871878705783,757,394,1.0745728998221518,0.9554301690560488,0.15294117647058825,0.6333333333333333,0.54,1.1728395061728394,17,8,1.0745728998221518,0.9554301690560488,0.15294117647058825,0.6333333333333333,0.54,1.1728395061728394,17,8,0.0
18,fijo,0.0,congelado,253,0.6,0.4072802486926726,0.5744601240625997,-1.0009749183930634,-1.8449749041183559,0.9980501632138732,-2.299574116021509,0.5581774409360458,0.4876343737051224,0.37127949183303083,0.5640133666198575,0.4952062204192022,0.36717948717948723,0.5198250473250472,0.4450555000555,0.40540540540540543,0.5769028757140009,0.5087055532337714,0.3548998018057697,0.5622418137230689,0.5042521978082132,0.3797685703620754,0.955496297661814,0.9969230769230769,0.08593048159944905,0.945687137625796,1199,661,1.1411065630890056,1.1289942514470364,0.16000000000000003,0.8888888888888888,0.82,1.084010840108401,15,10,1.1411065630890056,1.1289942514470364,0.16000000000000003,0.8888888888888888,0.82,1.084010840108401,15,10,0.0
19,fijo,0.0,congelado,337,0.7,0.5033290065753342,0.8599441423233501,0.5828932309376564,-0.23296656858770248,0.9422249339341326,-2.7450548682837907,0.7056901095695807,0.940979020979021,0.5295988018398597,0.6972964885388626,0.9384615384615385,0.5438685613838132,0.7025366411771521,0.9261904761904761,0.5211171938361719,0.7327042887355024,0.9625,0.4970914225289952,0.6837633232749705,0.9428571428571428,0.5753304963072019,0.8956652418685719,0.9767722473604827,0.18544176362333897,0.868731587292414,952,632,0.9032972279601446,1.0258677128423555,0.13333333333333336,1.3444444444444446,1.32,1.0185185185185186,15,19,0.9032972279601446,1.0258677128423555,0.13333333333333336,1.3444444444444446,1.32,1.0185185185185186,15,19,0.0
20,fijo,0.0,congelado,292,0.8,0.7884512421350783,0.9168561986048692,0.2073162110285398,-2.5103539565297845,1.0072069646925494,-3.223915234395788,0.8294296865127945,0.8653214285714286,0.20646205554583957,0.8795911865529301,0.9714285714285713,0.21224619832271108,0.8763036552139403,0.9428571428571428,0.19024983242926216,0.8187186320876308,0.8786324786324787,0.24119521445721706,0.8140058750689666,0.839787798408488,0.21177604827055485,0.9985709350839739,1.0,0.0028581298320522613,0.9862272080120184,687,230,1.0602634582125166,0.919913441871044,0.18823529411764706,0.9222222222222223,0.56,1.6468253968253967,17,11,1.0602634582125166,0.919913441871044,0.18823529411764706,0.9222222222222223,0.56,1.6468253968253967,17,11,0.0
1,fijo,0.0,aprende,293,0.85,0.679499335150939,0.951409849907614,1.525843158835454,-0.07226051385072374,1.011599233406176,-2.7589490360354048,0.9487227551531583,0.9409648789748457,0.043519368668529256,0.8512654435606812,0.9277957336780867,0.22526484655672424,0.9341239641426047,0.925,0.05675207171479054,0.9638749601594465,0.9550000000000001,0.027250079681107188,0.9548741190862632,0.9442307692307692,0.03448253105824288,0.9887210470243941,0.9809183064997018,0.003476212450913417,0.9684624736751775,930,389,1.1719056793367177,1.0770761144272207,0.16,1.3444444444444446,1.1,1.2222222222222223,20,19,1.1719056793367177,1.0770761144272207,0.16,1.3444444444444446,1.1,1.2222222222222223,20,19,0.0
2,fijo,0.0,aprende,296,0.8,0.409302330154502,0.8719364522075012,0.4768108973412584,-0.6709867133976536,0.9501095892567039,-2.951883247680641,0.8158944127707752,0.8124313186813188,0.18064249313976818,0.7523630404805057,0.7385964912280701,0.23387041026705865,0.8088065525083239,0.8435714285714285,0.2259583235547807,0.8958943089430895,0.9700000000000001,0.17821138211382115,0.9026778777989901,0.9714285714285713,0.16607281583059103,0.9708430164489877,0.9442890442890443,0.0026030113910688185,0.9847306430171879,789,299,1.089325879854932,1.1114895019382307,0.16190476190476194,0.6444444444444445,0.53,1.2159329140461217,21,10,1.089325879854932,1.1114895019382307,0.16190476190476194,0.6444444444444445,0.53,1.2159329140461217,21,10,0.0
3,fijo,0.0,aprende,300,0.9,0.8361050047599019,0.7467185045495753,1.00375465126307,-0.5220870177085608,1.00375465126307,-2.619181539216106,0.9846038858401416,0.9838095238095239,0.014601752129240897,0.9673319624095464,0.9866666666666667,0.05200274184757396,0.982800001856477,0.9818181818181818,0.016218178105227805,0.9939198899617208,1.0,0.012160220076558637,0.9832428742210921,0.9714285714285713,0.004942822986387055,0.9971508794639785,1.0,0.00569824107204313,0.9379568393695606,816,373,1.0540447655741854,1.2075236965671654,0.19999999999999998,0.9333333333333333,0.73,1.2785388127853883,16,11,1.0540447655741854,1.2075236965671654,0.19999999999999998,0.9333333333333333,0.73,1.2785388127853883,16,11,0.0
4,fijo,0.0,aprende,300,0.65,0.3903558510896512,0.6333805104942402,0.0,-0.7266505879626172,0.9267933601428275,-2.5351746349711934,0.8517761026024571,0.8260549748354625,0.12250276963054851,0.7395611923096811,0.7735979292493529,0.2944755446299907,0.8206955847965935,0.7973333333333332,0.155942163740146,0.8731684971535427,0.8857142857142858,0.1393772914072003,0.8418665413583768,0.9111111111111111,0.22737802839435756,0.9438459164118234,0.9455092990358164,0.05781746621216964,0.9171051252161304,999,552,0.9952662638663577,0.978053190967051,0.1368421052631579,1.1666666666666667,1.09,1.070336391437309,19,17,0.9952662638663577,0.978053190967051,0.1368421052631579,1.1666666666666667,1.09,1.070336391437309,19,17,0.0
5,fijo,0.0,aprende,288,0.5,-0.06955490007172985,0.6997577361513443,0.042031393393003214,0.9594163061390012,0.9071422940636028,-2.6767192124376615,0.6565623386098358,0.6560220040007274,0.3428973267810557,0.6751926625954159,0.6005517682302198,0.25016644303938806,0.8095696615833916,0.84005994005994,0.22092061689315692,0.77162769387336,0.9764705882352942,0.43321520048857415,0.736904870069218,0.9748060313277704,0.5009962911893343,0.7318463250213343,0.8269135514359476,0.36322090139327906,0.8160705362676358,1444,926,0.9254037910059225,0.9627577463893238,0.1625,0.9777777777777777,0.86,1.1369509043927648,16,15,0.9254037910059225,0.9627577463893238,0.1625,0.9777777777777777,0.86,1.1369509043927648,16,15,0.0
6,fijo,0.0,aprende,295,0.55,0.006335709929619489,0.9078611936564256,-1.2618451412082348,-0.5793425819644151,1.0301084700293497,-2.663951134894609,0.8408828498020711,0.7066317290552585,0.024866029451116232,0.7458766214466852,0.5883333333333333,0.09658009043996268,0.9271588289427555,0.8828571428571429,0.028539484971631827,0.9750053277937973,0.9666666666666666,0.016656011079071966,0.9774267186793306,0.975,0.02014656264133876,0.990773848699535,0.9884868421052632,0.006939144706193115,0.9807604273651609,800,335,1.0603169034293325,0.9438916860592695,0.17777777777777778,0.5777777777777777,0.43,1.3436692506459946,18,6,1.0603169034293325,0.9438916860592695,0.17777777777777778,0.5777777777777777,0.43,1.3436692506459946,18,6,0.0
7,fijo,0.0,aprende,283,0.6,0.31195027021402794,0.840118272878347,-0.2174103568298913,-0.5611026525425042,0.880490024622604,-2.563797982250117,0.9440564552156723,0.9133266292024056,0.025213718771061145,0.8109282556209281,0.7672268907563025,0.14537037951444623,0.9727715482954375,0.9800000000000001,0.03445690340912508,0.978036691453132,0.9818181818181818,0.02574479891191777,0.9923847509663165,1.0,0.015230498067366963,0.9281823605777545,0.9066666666666666,0.05030194551115763,0.9619881828345029,909,372,0.9473274786707737,0.7262712901351707,0.13684210526315793,0.8333333333333334,0.71,1.1737089201877935,19,10,0.9473274786707737,0.7262712901351707,0.13684210526315793,0.8333333333333334,0.71,1.1737089201877935,19,10,0.0
8,fijo,0.0,aprende,278,0.5,0.2168409799623427,0.2240798593330403,-2.457193508935727,-2.457193508935727,0.8235842920310723,-2.4976448938522227,0.6562346090598954,0.33992483642704985,0.02745561830725904,0.5616870090366975,0.3325343973582829,0.2091603792848878,0.6457839738585626,0.3234366064195623,0.03186865870243721,0.645687573251468,0.320224358974359,0.028849212471423157,0.7237481264603258,0.4835753342763356,0.03607908135568399,0.9951350189302703,1.0,0.009729962139459166,0.9501357643203858,834,352,0.9179598118485959,1.3463726774420206,0.14666666666666667,0.8,0.74,1.0810810810810811,15,12,0.9179598118485959,1.3463726774420206,0.14666666666666667,0.8,0.74,1.0810810810810811,15,12,0.0
9,fijo,0.0,aprende,314,0.55,0.17488095925804872,0.9605006843012106,0.574434846944014,0.3240796872739272,0.9398805112887754,-2.611737263525121,0.8716800052831598,0.8050406270073662,0.06168061644104663,0.8716265375420442,0.7905211480362537,0.04726807295216525,0.878531019563429,0.7967024539877301,0.03964041486087204,0.8760425137579051,0.8952380952380953,0.14315306772228503,0.8084798790744397,0.9817805383022774,0.3648207801533979,0.7957217842066879,0.803170731707317,0.21172716329394112,0.8847446630482152,1235,770,1.0207441969051838,1.031366353382923,0.2,1.0222222222222221,0.81,1.2620027434842247,15,13,1.0207441969051838,1.031366353382923,0.2,1.0222222222222221,0.81,1.2620027434842247,15,13,0.0
10,fijo,0.0,aprende,289,0.8,0.6899705774073567,0.8940151607929706,0.26312387974794443,-2.222868104410362,0.9721960304374984,-2.7095998928397904,0.8894202641116578,0.7992332526230832,0.020392724399767588,0.8362359450645555,0.7152380952380952,0.04276620510898427,0.9542728837686132,0.9205128205128205,0.011967052975594005,0.9226042481148986,0.8596153846153847,0.01440688838558736,0.8975837383909484,0.8266666666666665,0.03149918988476982,0.9856897885687663,0.9897368421052631,0.01835726496773036,0.9319407742753208,848,317,0.9029639661454535,0.9218743142416189,0.22666666666666663,0.9777777777777777,0.6,1.6296296296296295,15,12,0.9029639661454535,0.9218743142416189,0.22666666666666663,0.9777777777777777,0.6,1.6296296296296295,15,12,0.0
11,fijo,0.0,aprende,289,0.7,0.6797698926978423,0.8839619080771091,-0.18843172912187844,-1.4285967645514615,0.9200788858560556,-2.636818325785288,0.9223739712730731,0.8653209520375045,0.020573009491358346,0.8856992174884677,0.8073099415204679,0.03591150654353233,0.9543350036529776,0.9473684210526315,0.03869841374667622,0.9677394009595461,0.9692307692307693,0.033751967311677185,0.9711718093771183,0.96,0.017656381245763256,0.9949781263924861,0.9935483870967742,0.003592134311802022,0.9742955175494454,818,317,1.0200648595559154,0.9149974777223149,0.17777777777777778,0.9777777777777777,0.78,1.2535612535612535,18,15,1.0200648595559154,0.9149974777223149,0.17777777777777778,0.9777777777777777,0.78,1.2535612535612535,18,15,0.0
12,fijo,0.0,aprende,315,0.85,0.8022179846880346,0.9132454089318273,0.6247989515830732,-2.5287716198036936,0.5399630072808108,-2.354940963782642,0.9827064325888537,0.9833333333333332,0.01792046815562585,0.907087653948119,0.975,0.16082469210376188,0.9876794154509039,1.0,0.02464116909819213,0.9736766455989962,0.96,0.01264670880200732,0.9928682368906063,1.0,0.014263526218787195,0.8817967475401101,0.9451511344430983,0.1815576393628782,0.8424175982330213,872,405,1.0107900473897657,0.8901136030428496,0.2,0.8777777777777778,0.6,1.462962962962963,17,10,1.0107900473897657,0.8901136030428496,0.2,0.8777777777777778,0.6,1.462962962962963,17,10,0.0
13,fijo,0.0,aprende,263,0.35,-0.029482966650943576,0.717782681943054,-0.4528296721578725,-0.4528296721578725,0.8279930934507952,-2.365474942490922,0.8802795227051202,0.8338227170841493,0.07326367167390888,0.7721172924614241,0.6642299442299442,0.11999535930709604,0.9245016340797207,0.8982905982905983,0.04928733013115685,0.921317268262958,0.9846153846153847,0.1419808480894688,0.8870965965554969,0.9789473684210528,0.20475417531005896,0.7004137770011332,0.7147632572094895,0.31393570320722314,0.9262848746936858,1089,531,0.9554642887774804,1.1494799068553057,0.15294117647058825,0.6555555555555556,0.59,1.1111111111111112,17,8,0.9554642887774804,1.1494799068553057,0.15294117647058825,0.6555555555555556,0.59,1.1111111111111112,17,8,0.0
14,fijo,0.0,aprende,322,1.0,0.9999449307136177,0.9610815023606503,0.9934266056139534,-2.765028420646391,0.931391666875157,-2.835018504443857,0.9981379302905456,1.0,0.003724139418908723,0.9979259490910288,1.0,0.004148101817942409,0.9972877946467806,1.0,0.0054244107064386924,0.9975735028391846,1.0,0.004852994321630781,0.9984977933323669,1.0,0.003004413335266234,0.9158371893696757,0.9935483870967742,0.1618740083574227,0.8745239735741661,747,313,0.9977954688312608,0.9616185230645757,0.24285714285714288,1.5444444444444445,0.8,1.9305555555555556,14,15,0.9977954688312608,0.9616185230645757,0.24285714285714288,1.5444444444444445,0.8,1.9305555555555556,14,15,0.0
15,fijo,0.0,aprende,326,0.4,0.2618707352989456,0.7182531712464165,-0.6842277448532306,-1.3855243067527163,0.9504642248316018,-2.641167224562431,0.7416648268745716,0.8126500274954322,0.329320373746289,0.6834075183088038,0.7831443688586546,0.41632933224104696,0.7656728863198929,0.86,0.32865422736021416,0.7356590414741961,0.8308333333333333,0.35951525038494114,0.8189684478924422,0.9800000000000001,0.34206310421511565,0.9405649068625348,0.9174216027874564,0.036291789062386705,0.9512083504352757,979,569,1.118469958386748,1.0417426943172468,0.1625,0.7777777777777778,0.68,1.1437908496732025,16,9,1.118469958386748,1.0417426943172468,0.1625,0.7777777777777778,0.68,1.1437908496732025,16,9,0.0
16,fijo,0.0,aprende,302,0.9,0.8059501068389814,0.9911381540186603,0.44824753099797054,-1.5470662001000115,0.9994329222036527,-3.0286472814464274,0.9855294065353111,0.9935483870967742,0.022489574026151878,0.8893722943722944,1.0,0.22125541125541126,0.9744910141764906,1.0,0.05101797164701882,0.9891948051948052,1.0,0.02161038961038961,0.9808157352538289,0.9714285714285715,0.00979710092091359,0.999664838007877,1.0,0.0006703239842459285,0.9949250224768399,647,155,1.1839077208095419,0.8008115599607806,0.32499999999999996,1.2,0.16,7.5,16,8,1.1839077208095419,0.8008115599607806,0.32499999999999996,1.2,0.16,7.5,16,8,0.0
17,fijo,0.0,aprende,292,0.6,0.290510341599013,0.7014587075263398,-0.6774800258693864,-1.3449695461072233,0.9843849235583699,-2.8502239173744086,0.8474251950854599,0.7733759688240032,0.07852557865308354,0.7995588741394648,0.6633197648123021,0.0642020165333726,0.9080628321709916,0.9111111111111111,0.09498544676912798,0.9541097876570608,0.9846153846153847,0.07639580930126297,0.9148897042698177,0.9714285714285713,0.14164916288893578,0.9886323495422608,0.9819648789748457,0.0047001798903242055,0.9805871878705783,820,337,1.0745728998221518,0.9554301690560488,0.15294117647058825,0.6333333333333333,0.54,1.1728395061728394,17,8,1.0745728998221518,0.9554301690560488,0.15294117647058825,0.6333333333333333,0.54,1.1728395061728394,17,8,0.0
18,fijo,0.0,aprende,323,0.6,0.4072802486926726,0.5744601240625997,-1.0009749183930634,-1.8449749041183559,0.9980501632138732,-2.299574116021509,0.7125532397288374,0.7204444568108744,0.2953379773531995,0.5845867399919469,0.529312925170068,0.3601394451861742,0.7864112121245452,0.8706876456876456,0.2978652214385551,0.8438694119750518,0.9461988304093566,0.2584600064592529,0.8034840538849968,0.9679487179487181,0.3609806101787244,0.7830507230481226,0.9009708737864077,0.33486942769016254,0.945687137625796,1231,759,1.1411065630890056,1.1289942514470364,0.16000000000000003,0.8888888888888888,0.82,1.084010840108401,15,10,1.1411065630890056,1.1289942514470364,0.16000000000000003,0.8888888888888888,0.82,1.084010840108401,15,10,0.0
19,fijo,0.0,aprende,314,0.7,0.5033290065753342,0.8599441423233501,0.5828932309376564,-0.23296656858770248,0.9422249339341326,-2.7450548682837907,0.8787699348245469,0.9512813292030413,0.1937414595539475,0.7945068084703932,0.919047619047619,0.3300340021068327,0.860443921821801,0.96,0.2391121563563979,0.9118670696157887,0.96,0.13626586076842276,0.8916902508326747,0.9625,0.17911949833465052,0.8692660520717154,0.9241504290287708,0.18561832488534002,0.868731587292414,984,507,0.9032972279601446,1.0258677128423555,0.13333333333333336,1.3444444444444446,1.32,1.0185185185185186,15,19,0.9032972279601446,1.0258677128423555,0.13333333333333336,1.3444444444444446,1.32,1.0185185185185186,15,19,0.0
20,fijo,0.0,aprende,318,0.8,0.7884512421350783,0.9168561986048692,0.2073162110285398,-2.5103539565297845,1.0072069646925494,-3.223915234395788,0.9823494070987205,0.9797979797979798,0.015099165600538682,0.926598494756167,0.9692307692307693,0.1160337797184354,0.9945666466713063,1.0,0.010866706657387266,0.9778082226365261,0.9714285714285715,0.015812126155519305,0.9927357036027762,1.0,0.014528592794447704,0.9921201057589113,0.9866666666666667,0.002426455148844038,0.9862272080120184,680,221,1.0602634582125166,0.919913441871044,0.18823529411764706,0.9222222222222223,0.56,1.6468253968253967,17,11,1.0602634582125166,0.919913441871044,0.18823529411764706,0.9222222222222223,0.56,1.6468253968253967,17,11,0.0
1,hebb_visita,0.003,congelado,290,0.9,0.7509605391294704,0.9286426175967302,1.00141127093681,-0.8082160044978349,0.8967719518403446,-2.6825016172442977,0.8073512272050494,0.9660892738174549,0.3513868194073563,0.8202239045101337,0.9761403508771929,0.3356925418569254,0.7847983648215666,0.9757142857142858,0.4061175560711524,0.8123717637111094,0.968421052631579,0.3436775252093602,0.8031071674100163,0.9496376811594203,0.34342334633938754,0.9955031744665193,0.9971014492753623,0.006095100342323713,0.9719627153053232,1018,475,1.2085966539911988,0.8118204984148769,0.2090909090909091,1.011111111111111,0.35,2.888888888888889,22,10,1.2085966539911988,0.8118204984148769,0.2090909090909091,1.011111111111111,0.35,2.888888888888889,22,10,0.13139442920260938
2,hebb_visita,0.003,congelado,376,0.5,-0.011781192903065773,0.6520145071648114,0.25908554941648676,0.25908554941648676,0.9264321313560471,0.0,0.49760042007537403,0.9487753539992345,0.9535745138484865,0.4928896761133603,0.9578947368421054,0.9721153846153847,0.5304278149386845,0.9788043478260869,0.917948717948718,0.47729341736694675,0.9379201680672269,0.9833333333333334,0.49104585070102313,0.9314285714285715,0.9493368700265252,0.723516802040693,0.9584276354973198,0.5113940314159339,0.79387090765405,1269,1055,0.980787490836583,0.9946575742464965,0.125,0.4777777777777778,0.48,0.9953703703703705,24,9,0.980787490836583,0.9946575742464965,0.125,0.4777777777777778,0.48,0.9953703703703705,24,9,0.11412073379312812
3,hebb_visita,0.003,congelado,364,1.0,0.6435653130725192,0.5290010950553087,0.3243206073469006,-0.46814479421542776,1.0220891379171995,-2.551542339593033,0.6818329569318778,0.9382171174106659,0.5745512035469102,0.6724576731285592,0.9279487179487178,0.5830333716915995,0.6860718817399607,0.9296826625386997,0.5575388990587783,0.6301641623620398,0.926984126984127,0.6666558022600474,0.6902039397136455,0.9646241830065361,0.5842163035792451,0.9953778459239557,0.9964285714285713,0.005672879580659844,0.9085223142283059,954,710,1.1562956798053203,0.9279909319404318,0.19090909090909092,0.7666666666666667,0.43,1.7829457364341086,22,9,1.1562956798053203,0.9279909319404318,0.19090909090909092,0.7666666666666667,0.43,1.7829457364341086,22,9,0.1141803113712574
4,hebb_visita,0.003,congelado,258,0.7,0.6833724390640705,0.8947263247291009,-0.14163087654175843,-1.7954928088905207,1.001692418684613,-2.781232106474719,0.7245874038820848,0.6543486590038314,0.20517385123966206,0.7097163422330958,0.6845238095238095,0.265091125057618,0.7404160596051688,0.67,0.18916788078966254,0.7132193346270819,0.6369128384053757,0.21047416915121192,0.7095163015990567,0.6513658322353975,0.23233322903728423,0.9968802143772941,1.0,0.006239571245411671,0.978289940022538,842,311,1.0672017662201625,0.7192775703364214,0.2,0.7666666666666667,0.22,3.484848484848485,25,8,1.0672017662201625,0.7192775703364214,0.2,0.7666666666666667,0.22,3.484848484848485,25,8,0.13276988657782746
5,hebb_visita,0.003,congelado,340,0.7,0.4924341542933716,0.4109936956223557,0.2846860550156971,-0.10130883386777345,0.927205678901138,-2.3530885681534235,0.6159416112688534,0.9422760702143897,0.710392847676683,0.6205932352541179,0.9382352941176471,0.6970488236094111,0.624889008234873,0.9666666666666668,0.7168886501969208,0.611527450560434,0.9391304347826086,0.7160755336617405,0.5939857102261195,0.9301587301587302,0.7421873097064913,0.887710398964218,0.9711888111888112,0.1957680132603752,0.8506138694480956,1124,818,0.931963448410323,0.7054640872151295,0.18000000000000002,0.7555555555555555,0.52,1.452991452991453,20,9,0.931963448410323,0.7054640872151295,0.18000000000000002,0.7555555555555555,0.52,1.452991452991453,20,9,0.12068941117191447
6,hebb_visita,0.003,congelado,312,0.55,0.0066949144848169615,0.5782143075225955,-0.18260339974870865,-0.2513694081005089,0.7818069994700005,-2.8210256173830204,0.5324002335902402,0.6601024867573091,0.5953020195768287,0.5418061462792437,0.6898964455639519,0.6062841530054645,0.5610125139367315,0.7013179571663921,0.5792929292929292,0.5300569800569801,0.7203703703703704,0.6602564102564102,0.5024350041560118,0.591558461471065,0.5866884531590413,0.9976302331921121,1.0,0.004739533615775705,0.9184710566746113,754,389,0.921386924040882,0.5651706642189989,0.13913043478260873,0.4777777777777778,0.42,1.1375661375661377,23,7,0.921386924040882,0.5651706642189989,0.13913043478260873,0.4777777777777778,0.42,1.1375661375661377,23,7,0.1559963942123155
7,hebb_visita,0.003,congelado,311,0.5,-0.06846421280009418,0.34524629792272243,-1.3882527006863257,-0.594021588919761,0.9842513693737581,-2.536099881340129,0.3997915253006274,0.26319972386341417,0.4636166732621594,0.4049872858132076,0.2753871020751383,0.46541253044872305,0.370870360055203,0.2466533347269423,0.5049126146165362,0.40790739849173013,0.2905096390855241,0.47469484210206375,0.43089472813972174,0.2943017584472849,0.4325123021678414,0.9762159998171183,0.9642857142857142,0.011853714651477673,0.9685242142377375,693,430,0.8194327101377546,0.527357495263162,0.14782608695652175,0.7333333333333333,0.48,1.5277777777777777,23,9,0.8194327101377546,0.527357495263162,0.14782608695652175,0.7333333333333333,0.48,1.5277777777777777,23,9,0.11719695188732437
8,hebb_visita,0.003,congelado,244,0.7,0.7963595700519959,0.8465769697171825,-0.586398495950184,-2.073727397158022,0.9134801040013111,-2.6480531229798823,0.772351700888634,0.6217071086807928,0.07700370690352476,0.7951037053056005,0.6401314217443249,0.049924011133123794,0.7678415938407197,0.6545098039215687,0.11882661624012932,0.7480500481456176,0.5578807082945014,0.06178061200326608,0.7530297353921642,0.6207614607614608,0.1147019899771323,0.9935652151309814,0.9947368421052631,0.007606411843300383,0.9627775798144077,853,335,1.0286748446189042,0.8311496115971992,0.19,0.7555555555555555,0.44,1.7171717171717171,20,9,1.0286748446189042,0.8311496115971992,0.19,0.7555555555555555,0.44,1.7171717171717171,20,9,0.14949662807335698
9,hebb_visita,0.003,congelado,355,0.7,0.3162544795416927,0.8468977268931025,0.5025832406248465,-0.9260162294651554,0.9967935041779039,-2.3347183327972347,0.6511251836487708,0.8159579011592435,0.5137075338617018,0.6328751456876457,0.8079487179487179,0.5421984265734265,0.6630586931133899,0.8254545454545454,0.49933715922776545,0.6532882297028737,0.8136321195144725,0.507055660108725,0.6461747422210056,0.8196923076923077,0.5273428232502966,0.9928838557845019,0.9934486373165619,0.007680925747558118,0.8796735596087252,1100,822,1.0917508244540632,0.7759776975596993,0.19000000000000003,0.7444444444444445,0.47,1.5839243498817968,20,9,1.0917508244540632,0.7759776975596993,0.19000000000000003,0.7444444444444445,0.47,1.5839243498817968,20,9,0.13100787493620974
10,hebb_visita,0.003,congelado,270,0.6,0.44530211488214727,0.8203611886957989,-0.02947098586011504,-0.9659196999072663,0.9432804292778716,-2.5811230787130452,0.6498116166224392,0.6538102723332174,0.35418703908833904,0.6428572571986226,0.629910174750939,0.3441956603536937,0.679347391813603,0.6824460499487313,0.3237512663215251,0.6515530454130941,0.6376691123457314,0.33456302151954326,0.6101405703524347,0.6712301587301587,0.4509490180252892,0.9605304615666403,0.9966666666666667,0.07560574353338602,0.8954725226498956,988,512,0.8671262231746913,0.7490719543944909,0.1473684210526316,0.6888888888888889,0.59,1.167608286252354,19,8,0.8671262231746913,0.7490719543944909,0.1473684210526316,0.6888888888888889,0.59,1.167608286252354,19,8,0.12325047205036768
11,hebb_visita,0.003,congelado,269,0.95,0.9149454290981435,0.8846843195676081,0.650115353705641,-1.604404749478682,0.9507319631324984,-2.6826448804535694,0.9425127418044725,0.9670807453416149,0.08205526173266973,0.9023940746023728,0.95,0.1452118507952544,0.9424167014570505,0.9636363636363636,0.0788029607222627,0.9680569758498935,1.0,0.06388604830021302,0.9340962483766813,0.9525641025641025,0.08437160581073995,0.9685355364597099,1.0,0.06292892708058018,0.9797845329142674,815,371,1.0894831799389293,0.7744049004366874,0.22000000000000003,0.8666666666666667,0.34,2.549019607843137,20,8,1.0894831799389293,0.7744049004366874,0.22000000000000003,0.8666666666666667,0.34,2.549019607843137,20,8,0.11340715799133658
12,hebb_visita,0.003,congelado,341,0.85,0.798799104819757,0.4988083097323152,1.2371995304991152,0.0,0.9016905964979216,-2.479378562835671,0.5978008079128911,0.990485124631466,0.7948835088056837,0.575262554769127,1.0,0.849474890461746,0.6256223737348965,1.0,0.7487552525302071,0.5974024162971532,0.992,0.7971951674056937,0.5896745476745477,0.9756666666666668,0.7963175713175714,0.9383743453150383,1.0,0.1232513093699235,0.8460470503148436,1498,1050,0.8429713336530318,0.592297407850958,0.16666666666666663,0.7555555555555555,0.54,1.3991769547325101,18,9,0.8429713336530318,0.592297407850958,0.16666666666666663,0.7555555555555555,0.54,1.3991769547325101,18,9,0.1304882599879647
13,hebb_visita,0.003,congelado,281,0.6,0.3786739118468262,0.9482719492397298,0.0,-0.5799505193986282,0.8678650444255926,-2.9531509406487935,0.6477268915712773,0.7663597159364911,0.47090593279393644,0.6546956115779645,0.7732959850606909,0.46390476190476193,0.6227012856424621,0.7654025712849242,0.52,0.6395522733758028,0.7309063485534073,0.4518018018018018,0.6891260221260221,0.8151515151515152,0.4368994708994709,0.9021099456481121,0.980952380952381,0.1767324896561569,0.8863540181962497,923,457,1.052484532459472,0.9206764058279568,0.16363636363636366,0.6,0.4,1.4999999999999998,22,7,1.052484532459472,0.9206764058279568,0.16363636363636366,0.6,0.4,1.4999999999999998,22,7,0.1103521254101921
14,hebb_visita,0.003,congelado,272,0.6,0.30393771683113574,0.7705394110211027,0.0,0.0,0.9946182227380408,-2.8017670079022614,0.525122086689673,0.7914382079617395,0.7411940345823935,0.5367038764658405,0.8077985739750446,0.7343908210433635,0.5445790121777229,0.8159978511952726,0.7268398268398268,0.5254276046861859,0.7804548494983278,0.7295996401259559,0.5063075594679136,0.7803030303030303,0.767687911367203,0.8968966870043933,0.9697941726811014,0.1760007986723146,0.8855299223732322,1247,746,0.9737791567440827,0.8908098112487581,0.13636363636363635,0.7555555555555555,0.65,1.1623931623931623,22,12,0.9737791567440827,0.8908098112487581,0.13636363636363635,0.7555555555555555,0.65,1.1623931623931623,22,12,0.15023466103341454
15,hebb_visita,0.003,congelado,320,0.65,0.3743737183547145,0.8976467636639016,0.06015506511500546,-1.1770216722860911,0.9499224688930092,-3.028821983820641,0.6684626747517532,0.7330971688718168,0.39617181936831025,0.7091551491635711,0.7776086956521739,0.3592983973250317,0.6815125885596868,0.779522978475858,0.4164978013564845,0.6203648511966283,0.680199791748015,0.4394700893547584,0.6635121604431271,0.7150889870998567,0.38806466621360236,0.9987376773568621,1.0,0.0025246452862756367,0.9896983301806106,750,385,1.2177356495383025,0.8606601251057532,0.22000000000000003,0.8,0.37,2.1621621621621623,20,10,1.2177356495383025,0.8606601251057532,0.22000000000000003,0.8,0.37,2.1621621621621623,20,10,0.10634242167208635
16,hebb_visita,0.003,congelado,273,0.7,0.6517161582818654,0.985040939985279,0.13544369402300963,-2.922800037274689,0.9126681893993763,-3.2154291584723382,0.7564263208353291,0.7243322818086224,0.21147964013796416,0.7984106369820656,0.7931818181818182,0.19636054421768706,0.7626711844612453,0.7508021390374331,0.2254597701149425,0.7321869577022513,0.6850574712643678,0.22068355585986535,0.7717616633739475,0.7502564102564102,0.20673308350851535,0.9983378438994915,1.0,0.0033243122010169516,0.9938083537215351,751,216,1.1079979218744767,0.6532423661932101,0.25882352941176473,1.1111111111111112,0.39,2.849002849002849,17,9,1.1079979218744767,0.6532423661932101,0.25882352941176473,1.1111111111111112,0.39,2.849002849002849,17,9,0.10429693546887961
17,hebb_visita,0.003,congelado,289,0.5,0.23716575910759402,0.7829781876329194,-0.19893736711667753,-0.5669410041700074,0.9881261805604519,-2.8962420861500457,0.5559253540921694,0.7322975517890772,0.6204468436047383,0.572417239623122,0.7322943722943723,0.5874598930481284,0.5389880952380952,0.7875,0.7095238095238096,0.5912056737588653,0.76,0.5775886524822694,0.5183333333333333,0.6950000000000001,0.6583333333333333,0.998556677865613,1.0,0.0028866442687740562,0.9875821584404043,658,290,1.0125923444578127,0.6432537629313387,0.16,0.5666666666666667,0.44,1.2878787878787878,20,7,1.0125923444578127,0.6432537629313387,0.16,0.5666666666666667,0.44,1.2878787878787878,20,7,0.13354513925514538
18,hebb_visita,0.003,congelado,278,0.8,0.5113607029352139,0.807757894395731,0.14707489698099196,-0.372422422292758,0.9999528001904006,-2.7301362342823294,0.6612514849981252,0.8202290463160027,0.4977260763197521,0.6664471834557917,0.8287878787878787,0.49589351187629527,0.638613844514026,0.8146198830409357,0.5373921940128836,0.6564884582291619,0.8282922684791844,0.5153153520208604,0.6570596131809368,0.8105654761904763,0.49644624982860275,0.9958750998809507,1.0,0.008249800238098553,0.9332712609196812,1096,499,1.1457599514786696,0.9231663916497163,0.19,0.7555555555555555,0.36,2.0987654320987654,20,8,1.1457599514786696,0.9231663916497163,0.19,0.7555555555555555,0.36,2.0987654320987654,20,8,0.1114900033101667
19,hebb_visita,0.003,congelado,296,0.7,0.4235806105711268,0.6147964524158996,-0.07438767131005693,-0.1681251782103459,0.9994980846108386,-1.7841658754561731,0.5982233371293397,0.7339890710382514,0.5375423967795719,0.5993305155537152,0.7423279524214104,0.5436669213139801,0.5674044910881937,0.7128458498023715,0.578036867625984,0.616503038503537,0.7138964060200351,0.4808903290129611,0.6045283283967495,0.7805213032581454,0.5714646464646465,0.881937847519716,1.0,0.23612430496056797,0.8975164144224059,1204,798,0.912113031813707,0.7824829022906583,0.17777777777777778,0.7777777777777778,0.53,1.4675052410901468,18,10,0.912113031813707,0.7824829022906583,0.17777777777777778,0.7777777777777778,0.53,1.4675052410901468,18,10,0.12273594824266017
20,hebb_visita,0.003,congelado,297,0.8,0.4528301693126392,0.9427243568028771,0.34772092630816376,-0.5406317493867463,1.0888782132074541,-3.1342443638691995,0.6602186879292966,0.7933940273562915,0.4729566514976981,0.6426008013264102,0.8066225165562914,0.5214209139034709,0.6180637445540829,0.7657471264367816,0.5296196373286157,0.6971868774450933,0.8056338028169014,0.41126004792671467,0.6736616318141782,0.8039735099337749,0.4566502463054188,0.9964802934469904,0.9949999999999999,0.002039413106019115,0.9676884863539353,809,327,1.1033290400820033,0.7713177645704871,0.21904761904761902,0.8444444444444444,0.31,2.7240143369175627,21,10,1.1033290400820033,0.7713177645704871,0.21904761904761902,0.8444444444444444,0.31,2.7240143369175627,21,10,0.10463817420367304
1,hebb_visita,0.003,aprende,319,0.9,0.7509605391294704,0.9286426175967302,1.00141127093681,-0.8082160044978349,0.8967719518403446,-2.6825016172442977,0.9061698134259515,0.9042935716068854,0.09195394475498256,0.887390698947113,0.9257971014492753,0.1510157035550495,0.9446759150423784,0.9733333333333334,0.08398150324857667,0.9524668124778592,0.9777777777777779,0.07284415282205942,0.8068336042429998,0.8328205128205128,0.21915330433451324,0.9828021834421885,0.9731225296442687,0.007518162759891586,0.9719627153053232,900,434,1.0256501761617292,0.5865095510718421,0.14400000000000002,0.7222222222222222,0.45,1.6049382716049383,25,10,1.2085966539911988,0.8118204984148769,0.2090909090909091,1.011111111111111,0.35,2.888888888888889,22,10,0.18869106321296272
2,hebb_visita,0.003,aprende,355,0.5,-0.011781192903065773,0.6520145071648114,0.25908554941648676,0.25908554941648676,0.9264321313560471,0.0,0.7225300430385566,0.9265939235907721,0.4815338375136588,0.6652663415312003,0.8918013021461297,0.561268619083729,0.7329083804549571,0.9010526315789473,0.4352358706690332,0.7304202775529101,1.0,0.5391594448941799,0.7011189758639991,0.9714285714285715,0.5691906197005733,0.6696683231600419,0.8788417955093406,0.5395051491892568,0.79387090765405,1379,1003,0.9827515384482914,0.7704475370383891,0.12000000000000002,0.4777777777777778,0.51,0.9368191721132898,25,8,0.980787490836583,0.9946575742464965,0.125,0.4777777777777778,0.48,0.9953703703703705,24,9,0.16654807099540878
3,hebb_visita,0.003,aprende,313,1.0,0.6435653130725192,0.5290010950553087,0.3243206073469006,-0.46814479421542776,1.0220891379171995,-2.551542339593033,0.9194309487832656,0.993103448275862,0.15424155070933093,0.8839078021836594,0.9833333333333332,0.21551772896601434,0.9406999814748778,1.0,0.11860003705024462,0.8689805613635606,0.9882352941176471,0.250274171390526,0.8964237598559632,1.0,0.20715248028807348,0.9311096409418546,0.8672327672327672,0.005013485349058093,0.9085223142283059,914,504,1.1857993417670198,0.8624737994694271,0.20869565217391303,0.8555555555555555,0.3,2.8518518518518516,23,10,1.1562956798053203,0.9279909319404318,0.19090909090909092,0.7666666666666667,0.43,1.7829457364341086,22,9,0.13833395732814097
4,hebb_visita,0.003,aprende,282,0.7,0.6833724390640705,0.8947263247291009,-0.14163087654175843,-1.7954928088905207,1.001692418684613,-2.781232106474719,0.9419948936137386,0.9011476244475501,0.01715783722007317,0.885250013566056,0.8133333333333332,0.04283330620122118,0.9732444116512592,0.9800000000000001,0.03351117669748176,0.9255662947526638,0.8950226244343892,0.043890034929061544,0.9670190885758623,0.95,0.01596182284827548,0.9897791990033759,0.9883794466403162,0.008821048633564506,0.978289940022538,895,389,1.0775547927328708,0.6063112875124409,0.20800000000000002,0.9333333333333333,0.16,5.833333333333333,25,9,1.0672017662201625,0.7192775703364214,0.2,0.7666666666666667,0.22,3.484848484848485,25,8,0.1572453894347211
5,hebb_visita,0.003,aprende,363,0.7,0.4924341542933716,0.4109936956223557,0.2846860550156971,-0.10130883386777345,0.927205678901138,-2.3530885681534235,0.8290057847056375,0.9507111236458685,0.29269955423459365,0.6961609662662295,0.9169059011164276,0.5245839685839686,0.7094607995917707,0.925,0.5060784008164587,0.7931804369304369,1.0,0.4136391261391261,0.6877943669674597,1.0,0.6244112660650807,0.884077892908218,0.9609147374364767,0.19275895162004056,0.8506138694480956,1398,1039,0.9293634618103925,0.6881802111404443,0.19,0.7111111111111111,0.48,1.4814814814814816,20,9,0.931963448410323,0.7054640872151295,0.18000000000000002,0.7555555555555555,0.52,1.452991452991453,20,9,0.14907190307863422
6,hebb_visita,0.003,aprende,297,0.55,0.0066949144848169615,0.5782143075225955,-0.18260339974870865,-0.2513694081005089,0.7818069994700005,-2.8210256173830204,0.6780823176989652,0.37883409524860784,0.022669459850677483,0.5897062051183743,0.24226024939901047,0.06284783916226167,0.8786778666207551,0.802954252954253,0.04559851971274271,0.8961961311669027,0.8091379310344827,0.016745668700677254,0.7937945188635376,0.6136367136367136,0.026047675909638572,0.9683536338397158,0.9572060123784262,0.020498744698994507,0.9184710566746113,941,451,0.89637967607914,0.5297730736323119,0.16666666666666666,0.4777777777777778,0.31,1.5412186379928317,24,5,0.921386924040882,0.5651706642189989,0.13913043478260873,0.4777777777777778,0.42,1.1375661375661377,23,7,0.17538904691010032
7,hebb_visita,0.003,aprende,298,0.5,-0.06846421280009418,0.34524629792272243,-1.3882527006863257,-0.594021588919761,0.9842513693737581,-2.536099881340129,0.6884451847044171,0.4495809540215848,0.07269058461275084,0.5563308005712803,0.2744299614678923,0.16176836032533184,0.8203481241721874,0.7218045112781954,0.08110826293382073,0.9020926472896906,0.9228991596638656,0.1187138650844843,0.819894544319417,0.9394736842105263,0.29968459557169236,0.9802299921008362,0.9929824561403509,0.03252247193867855,0.9685242142377375,991,587,0.8150941459256769,0.5607268322497864,0.14166666666666666,0.6666666666666666,0.52,1.282051282051282,24,10,0.8194327101377546,0.527357495263162,0.14782608695652175,0.7333333333333333,0.48,1.5277777777777777,23,9,0.1662581917717971
8,hebb_visita,0.003,aprende,263,0.7,0.7963595700519959,0.8465769697171825,-0.586398495950184,-2.073727397158022,0.9134801040013111,-2.6480531229798823,0.7310683363267875,0.4825478321049534,0.020411159451378464,0.8187251309715795,0.6599078341013824,0.022457572158223547,0.817796602538307,0.657596227527262,0.02200302245064801,0.8909263413575113,0.8047619047619048,0.022909222046882293,0.9051242865873579,0.8444444444444444,0.034195871269728624,0.993662239960076,1.0,0.012675520079848058,0.9627775798144077,946,377,1.0584323487494263,0.8475683871125513,0.22000000000000003,0.8555555555555555,0.29,2.950191570881226,20,9,1.0286748446189042,0.8311496115971992,0.19,0.7555555555555555,0.44,1.7171717171717171,20,9,0.158447775200531
9,hebb_visita,0.003,aprende,312,0.7,0.3162544795416927,0.8468977268931025,0.5025832406248465,-0.9260162294651554,0.9967935041779039,-2.3347183327972347,0.8958933046786617,0.8456158177001777,0.053829208342854165,0.8535276205446811,0.7614285714285713,0.05437333033920896,0.9606954692304811,0.9600000000000002,0.03860906153903794,0.9766346967056492,1.0,0.04673060658870156,0.8472351480298467,0.8402614379084967,0.14579114184880337,0.9808513767354157,0.978328689604527,0.016625936133695583,0.8796735596087252,1070,613,0.9833116578588279,0.723530129897314,0.18000000000000005,0.6777777777777778,0.5,1.3555555555555556,20,9,1.0917508244540632,0.7759776975596993,0.19000000000000003,0.7444444444444445,0.47,1.5839243498817968,20,9,0.15437809107649178
10,hebb_visita,0.003,aprende,274,0.6,0.44530211488214727,0.8203611886957989,-0.02947098586011504,-0.9659196999072663,0.9432804292778716,-2.5811230787130452,0.697198697563103,0.6578508110855833,0.2634534159593774,0.6576050435786914,0.5541353383458646,0.2389252511884817,0.6855585609033756,0.5851142390860873,0.21399711727933607,0.7081270088854501,0.7911874203826568,0.3749334026117565,0.7346765902351369,0.8320574162679426,0.36270423579766886,0.8612884174826352,0.8009303657529502,0.07835353078767981,0.8954725226498956,1062,575,0.8490207391562731,0.7566662973391136,0.1363636363636364,0.6444444444444445,0.58,1.1111111111111112,22,10,0.8671262231746913,0.7490719543944909,0.1473684210526316,0.6888888888888889,0.59,1.167608286252354,19,8,0.14753185273903927
11,hebb_visita,0.003,aprende,294,0.95,0.9149454290981435,0.8846843195676081,0.650115353705641,-1.604404749478682,0.9507319631324984,-2.6826448804535694,0.9104196040900638,0.8368193186651111,0.01598011048498333,0.8764651716934594,0.8185815602836879,0.06565121689676914,0.9733214268202133,0.9636363636363636,0.016993509995937184,0.9746592061762768,0.9625,0.013181587647446457,0.9789404147419174,0.9733333333333334,0.015452503849498705,0.9909948164846317,0.9916666666666668,0.009677033697403328,0.9797845329142674,772,322,0.9759039991067352,0.5081527737232209,0.21739130434782608,0.9777777777777777,0.16,6.111111111111111,23,10,1.0894831799389293,0.7744049004366874,0.22000000000000003,0.8666666666666667,0.34,2.549019607843137,20,8,0.17076476998703807
12,hebb_visita,0.003,aprende,343,0.85,0.798799104819757,0.4988083097323152,1.2371995304991152,0.0,0.9016905964979216,-2.479378562835671,0.8231105889300898,0.9802314227501634,0.33401024488998365,0.8217198648860913,1.0,0.35656027022781733,0.8201124204234801,0.9913043478260869,0.3510795069791267,0.7946490326795124,0.9533333333333334,0.36403526797430863,0.7973234505747181,0.9733333333333334,0.37868643218389714,0.9516088773036995,0.9936491935483872,0.09043143894098829,0.8460470503148436,1227,833,0.9177374343664199,0.5537237122254752,0.16999999999999998,0.6444444444444445,0.42,1.5343915343915346,20,7,0.8429713336530318,0.592297407850958,0.16666666666666663,0.7555555555555555,0.54,1.3991769547325101,18,9,0.1566561396853266
13,hebb_visita,0.003,aprende,286,0.6,0.3786739118468262,0.9482719492397298,0.0,-0.5799505193986282,0.8678650444255926,-2.9531509406487935,0.8622812025705098,0.7681522198731501,0.043589814732130375,0.8089719400248506,0.7648842245543894,0.1469403445046882,0.8722974240899819,0.7844806517311609,0.039885803551197245,0.9093481057133849,0.9228571428571428,0.10416093143037311,0.9744102198026259,0.9875,0.038679560394748166,0.9117126344680895,0.83496003996004,0.011534771023860902,0.8863540181962497,894,390,0.9981955640905261,0.6707474800420639,0.17500000000000002,0.4666666666666667,0.24,1.9444444444444446,24,5,1.052484532459472,0.9206764058279568,0.16363636363636366,0.6,0.4,1.4999999999999998,22,7,0.17083775921150535
14,hebb_visita,0.003,aprende,285,0.6,0.30393771683113574,0.7705394110211027,0.0,0.0,0.9946182227380408,-2.8017670079022614,0.8017121261891538,0.8520692649577434,0.24864501257943572,0.7505315801975257,0.7963357546408394,0.2952725942457879,0.8349912092767011,0.8446376811594204,0.17465526260601805,0.7723838386881865,0.9018518518518519,0.3570841744754788,0.7670137945943971,0.9411764705882353,0.40714888139944116,0.9045604486008734,0.8660333642261353,0.056912467024388444,0.8855299223732322,1031,557,1.005222530017571,0.7670660802913323,0.17142857142857143,1.1222222222222222,0.7,1.6031746031746033,21,11,0.9737791567440827,0.8908098112487581,0.13636363636363635,0.7555555555555555,0.65,1.1623931623931623,22,12,0.17207667351947334
15,hebb_visita,0.003,aprende,296,0.65,0.3743737183547145,0.8976467636639016,0.06015506511500546,-1.1770216722860911,0.9499224688930092,-3.028821983820641,0.813254763288298,0.6609418221448214,0.03443229556822523,0.7731576390019066,0.6156946650950648,0.0693793870912515,0.9328718678415728,0.895475113122172,0.02973137743902629,0.9082764715351748,0.8603683897801545,0.043815446709804855,0.8932960471718998,0.8380952380952381,0.05150314375143846,0.9698797430792716,0.9446524064171123,0.0048929202585692375,0.9896983301806106,780,283,1.0266077223445038,0.6780159542428663,0.2,0.6444444444444445,0.34,1.8954248366013071,20,7,1.2177356495383025,0.8606601251057532,0.22000000000000003,0.8,0.37,2.1621621621621623,20,10,0.15977794830696898
16,hebb_visita,0.003,aprende,272,0.7,0.6517161582818654,0.985040939985279,0.13544369402300963,-2.922800037274689,0.9126681893993763,-3.2154291584723382,0.7833437818297944,0.5960222455132775,0.029334681853688687,0.7106758847181502,0.4426659786721706,0.021314209235870053,0.8380903878860253,0.7030357142857142,0.02685493851366349,0.8721544936476606,0.7935757575757576,0.049266770280436356,0.8956330569612929,0.8635477582846004,0.07228164436201459,0.8864515662283685,0.7932333568840166,0.020330224427279716,0.9938083537215351,944,412,0.9392234716233264,0.4977605315412804,0.21052631578947367,1.0333333333333334,0.31,3.3333333333333335,19,9,1.1079979218744767,0.6532423661932101,0.25882352941176473,1.1111111111111112,0.39,2.849002849002849,17,9,0.1526218795820625
17,hebb_visita,0.003,aprende,301,0.5,0.23716575910759402,0.7829781876329194,-0.19893736711667753,-0.5669410041700074,0.9881261805604519,-2.8962420861500457,0.8283453941808019,0.69345579793341,0.03676500957180622,0.6628631106168572,0.5359866341301093,0.2102604128963949,0.8778112077741738,0.7944186046511628,0.038796189102815216,0.9387953931626716,0.8971153846153846,0.019524598290041644,0.9837888125547248,1.0,0.032422374890550276,0.9509039273395931,0.9063967611336032,0.004588906454417091,0.9875821584404043,706,299,0.9385957968672205,0.493997902640634,0.22000000000000003,0.8,0.23,3.4782608695652173,20,8,1.0125923444578127,0.6432537629313387,0.16,0.5666666666666667,0.44,1.2878787878787878,20,7,0.16416147801028946
18,hebb_visita,0.003,aprende,299,0.8,0.5113607029352139,0.807757894395731,0.14707489698099196,-0.372422422292758,0.9999528001904006,-2.7301362342823294,0.8462033635046385,0.8647867336083228,0.17238000659904568,0.851286255318052,0.8532367149758455,0.15066420433974134,0.8837629520588092,0.9,0.1324740958823817,0.7859353303277391,0.8203508771929824,0.24848021653750418,0.8503639601132504,0.9666666666666666,0.26593874644016563,0.9777108001358297,0.9681607744107744,0.012739174139115095,0.9332712609196812,1071,560,1.11418659786361,0.8208171680894535,0.19047619047619047,0.7444444444444445,0.35,2.126984126984127,21,8,1.1457599514786696,0.9231663916497163,0.19,0.7555555555555555,0.36,2.0987654320987654,20,8,0.14448003379760788
19,hebb_visita,0.003,aprende,323,0.7,0.4235806105711268,0.6147964524158996,-0.07438767131005693,-0.1681251782103459,0.9994980846108386,-1.7841658754561731,0.7333010214316289,0.7242023927175985,0.25760034985434055,0.6806501094136994,0.6591949505359815,0.29789473170858277,0.6955050510033973,0.777034718269778,0.3860246162629834,0.7244371505248589,0.7775978407557356,0.3287235397060178,0.7267210832210425,0.9201702127659575,0.46672804632387244,0.9651537087473374,0.9736868418253378,0.043379424330663025,0.8975164144224059,1512,965,0.9773695215469337,0.7945369688856154,0.18095238095238095,0.7777777777777778,0.43,1.8087855297157622,21,10,0.912113031813707,0.7824829022906583,0.17777777777777778,0.7777777777777778,0.53,1.4675052410901468,18,10,0.1535584011401
20,hebb_visita,0.003,aprende,314,0.8,0.4528301693126392,0.9427243568028771,0.34772092630816376,-0.5406317493867463,1.0888782132074541,-3.1342443638691995,0.8645943096815994,0.7521172124796752,0.02292859311647636,0.8487709652225401,0.7727272727272727,0.07518534228219245,0.8759358593128952,0.7756132756132755,0.023741556987485236,0.9403860346031253,0.8953560371517029,0.0145839679454523,0.8695158617633694,0.8175438596491228,0.07851213612238399,0.9768267439378104,0.9612326656394453,0.007579177763824355,0.9676884863539353,836,343,1.0784302704487119,0.6902584389283413,0.19999999999999998,0.5777777777777777,0.17,3.398692810457516,24,6,1.1033290400820033,0.7713177645704871,0.21904761904761902,0.8444444444444444,0.31,2.7240143369175627,21,10,0.12383544671707299
1,hebb_visita,0.01,congelado,295,0.9,0.7269939683805333,0.867141344681129,0.7816899851468653,-0.4493096188618426,0.9078164408893924,-2.550128654832293,0.7697268613583832,0.9794871794871796,0.44003345677041317,0.7876605679337051,0.9888888888888889,0.4135677530214788,0.7754141434156323,0.9913043478260869,0.4404760609948223,0.7569951688427246,0.9800000000000001,0.46600966231455115,0.7553717224612796,0.9529411764705882,0.442197731548029,0.996291584210192,1.0,0.007416831579616076,0.9567926537034757,1031,475,1.208457158865298,0.7637808610199746,0.21739130434782608,1.1555555555555554,0.19,6.081871345029239,23,10,1.208457158865298,0.7637808610199746,0.21739130434782608,1.1555555555555554,0.19,6.081871345029239,23,10,0.15976519081989837
2,hebb_visita,0.01,congelado,307,0.65,0.22779289329462607,0.8886059410217452,0.4333326250530595,-0.2475248097353231,0.9209792777654475,-2.796539229455636,0.5166355734589643,0.6962563625940992,0.6629852156761705,0.5221261623732136,0.696924581153216,0.6526722564067888,0.5191639610389609,0.7098484848484848,0.6715205627705629,0.5084928545943398,0.7086229086229087,0.6916371994342291,0.49712675449162536,0.6822556390977443,0.6880021301144936,0.9039956664966441,0.975,0.16700866700671177,0.8921461561733068,970,598,1.0126077953658912,0.8914159225203847,0.16,0.5444444444444444,0.29,1.8773946360153257,25,7,1.0126077953658912,0.8914159225203847,0.16,0.5444444444444444,0.29,1.8773946360153257,25,7,0.15014826685106006
3,hebb_visita,0.01,congelado,290,0.95,0.7921392102365654,0.7772444379512367,0.9846545022398846,-0.7092452225175732,1.0097960999567372,-2.7821415129898504,0.8173559365594826,0.9568181818181818,0.3221063086992167,0.808145945073514,0.9436532507739939,0.32736136062696597,0.8252700489986204,0.9390476190476191,0.2885075210503782,0.7857229832572297,0.9833333333333332,0.4118873668188737,0.840149100893975,0.9866666666666667,0.3063684648787167,0.9023453683499981,0.9766666666666666,0.17197592996667035,0.9045274036108737,1097,592,1.0877841544236417,1.006650406614668,0.2095238095238095,0.7666666666666667,0.37,2.0720720720720722,21,9,1.0877841544236417,1.006650406614668,0.2095238095238095,0.7666666666666667,0.37,2.0720720720720722,21,9,0.14004320772979342
4,hebb_visita,0.01,congelado,333,0.6,0.4129593229741098,0.8718600101725351,-0.30971718654978897,-0.5257331462251722,0.797060702575145,-2.398592785176005,0.6024022876344389,0.6641079074553908,0.4593033321865129,0.5974549932556739,0.7019005847953216,0.5069905982839737,0.6420657346750411,0.7366666666666667,0.4525351973165844,0.607340094417808,0.6626903178122692,0.4480101289766531,0.6132100731894097,0.6587535014005602,0.43233335502174086,0.9921763294146886,0.9952380952380953,0.010885436408717952,0.9511386958079655,858,531,0.9753953796861974,0.7018514471117845,0.16153846153846152,0.6444444444444445,0.39,1.6524216524216524,26,8,0.9753953796861974,0.7018514471117845,0.16153846153846152,0.6444444444444445,0.39,1.6524216524216524,26,8,0.16580095185347568
5,hebb_visita,0.01,congelado,360,0.7,0.48505189023273804,0.4469839155713552,-0.2270412222101319,-0.8926426635602702,1.1439245431125924,-2.3342540639655245,0.6996141304284587,0.5758981574543436,0.17666989659742618,0.6968852546636591,0.576964243707363,0.18319373438004477,0.7011591067753402,0.611170871382139,0.20885265783145868,0.6909107442752047,0.5889701064701065,0.207148617919697,0.6939682772194964,0.5555542481671708,0.16761769372817786,0.9773542050055892,0.9764705882352942,0.021762178224115754,0.86806200160751,1091,827,0.9528230131607884,0.6767490748228502,0.15454545454545457,0.6666666666666666,0.46,1.4492753623188404,22,8,0.9528230131607884,0.6767490748228502,0.15454545454545457,0.6666666666666666,0.46,1.4492753623188404,22,8,0.16717621483013484
6,hebb_visita,0.01,congelado,258,0.55,-0.22444710517906905,0.35264937975858895,-1.6709703602180128,-0.6038815569036077,0.9082194254663146,-2.8479439351101252,0.42691311975415513,0.22009385372845053,0.36626761422014026,0.39852961426700373,0.20014378251370207,0.4030845539796946,0.43173237468198367,0.20540901252668603,0.34194426316271875,0.44768793302206356,0.22369779590589395,0.3283219298617669,0.41960453752453414,0.2610739908667753,0.4218649158177071,0.9897014585139747,0.9855694692903996,0.00616655226245027,0.9869525741363725,828,399,0.9526204299739877,0.5636741495905913,0.13333333333333333,0.4666666666666667,0.4,1.1666666666666665,24,7,0.9526204299739877,0.5636741495905913,0.13333333333333333,0.4666666666666667,0.4,1.1666666666666665,24,7,0.1827921308179063
7,hebb_visita,0.01,congelado,309,0.45,-0.09246172906768443,0.453658987305772,-0.5508805383654516,-0.35947733110420854,0.9995838331851042,-2.634099778057271,0.4541839862078079,0.4976347013186828,0.589266728903067,0.42986923589648296,0.4970096139028177,0.6372711421098518,0.4703185172611174,0.5507260799056464,0.6100890453834116,0.45273268398268396,0.4675075523996387,0.5620421844342708,0.45255608742678566,0.5020214788141995,0.5969093039606281,0.9316007085136386,0.8929824561403509,0.029781039113073633,0.9574245816547745,928,583,0.867138729531662,0.6299437621229315,0.1153846153846154,0.4666666666666667,0.45,1.037037037037037,26,7,0.867138729531662,0.6299437621229315,0.1153846153846154,0.4666666666666667,0.45,1.037037037037037,26,7,0.17325748032473914
8,hebb_visita,0.01,congelado,289,0.5,0.26040882537049515,0.29621861291122575,-1.9098292511331871,-2.338666652856693,0.7740949386455258,-2.763650616627623,0.4832382097766293,0.03273033062490581,0.06625391107164728,0.4603989478374029,0.03903041979705701,0.11823252412225113,0.4559772488549317,0.03225338371246965,0.12029888600260633,0.4977809465900205,0.03325642719225634,0.037694534012215376,0.4884049683961133,0.03429978768857449,0.057489850896347824,0.9974763543925147,1.0,0.005047291214970622,0.9316144613129226,682,338,0.9529321238584849,0.7926460224603205,0.13684210526315793,0.7555555555555555,0.66,1.1447811447811447,19,10,0.9529321238584849,0.7926460224603205,0.13684210526315793,0.7555555555555555,0.66,1.1447811447811447,19,10,0.18982139215307295
9,hebb_visita,0.01,congelado,342,0.5,-0.08619556469456685,0.4358513981337982,-1.0292261778715548,-0.9546259827628583,0.9931401845005832,-2.466050277351728,0.45037467427112776,0.3081310477879437,0.4073816992456882,0.4443876967095851,0.3102863872626179,0.4215109938434477,0.46367320561755687,0.35002253037637493,0.4226761191412611,0.3987052462183295,0.32058783233813676,0.5231773399014779,0.45003125057525595,0.3040857955283803,0.4040232943778683,0.9930280121209263,0.992,0.005943975758147479,0.9233560667804541,859,632,1.0791826252198977,0.8173351469310888,0.18,0.7222222222222222,0.38,1.9005847953216373,20,8,1.0791826252198977,0.8173351469310888,0.18,0.7222222222222222,0.38,1.9005847953216373,20,8,0.1489435609157796
10,hebb_visita,0.01,congelado,249,0.7,0.8115112475626275,0.9491843440949013,-0.2255880265609299,-2.792281257893558,0.9485864698785568,-2.706038930822779,0.8468651658620352,0.7121290183503544,0.018398686626284126,0.8442822462797532,0.7064621774902149,0.017897684930708372,0.8798446069259467,0.7780401416765053,0.018350927824612038,0.8299071567110294,0.6798268212394447,0.020012507817385866,0.8408722192846622,0.7027107279693486,0.02096628940002434,0.9937448167053573,0.9947368421052631,0.0072472086945486345,0.9407854574484751,817,244,1.0719663153964032,0.8059106164380059,0.219047619047619,1.0444444444444445,0.3,3.481481481481482,21,9,1.0719663153964032,0.8059106164380059,0.219047619047619,1.0444444444444445,0.3,3.481481481481482,21,9,0.16096252669931402
11,hebb_visita,0.01,congelado,268,0.7,0.7715930754949808,0.9160693197936266,-0.46292409295919346,-1.8920073603263643,0.8281834228527578,-2.9336546484294823,0.7749623824139432,0.5983119730848665,0.04838720825698008,0.7496451014600323,0.5539704308268665,0.054680227906801916,0.7512559042437524,0.5815204678362573,0.07900865934875247,0.8008416520403685,0.66125,0.059566695919262835,0.8249995768917029,0.6838770685579196,0.033877914774513886,0.9151637087449732,0.8324022346368715,0.002074817146925002,0.9802542895963244,755,274,1.0995253784590928,0.8323718669348548,0.22000000000000003,0.8111111111111111,0.33,2.4579124579124576,20,9,1.0995253784590928,0.8323718669348548,0.22000000000000003,0.8111111111111111,0.33,2.4579124579124576,20,9,0.13530556210092087
12,hebb_visita,0.01,congelado,341,0.7,0.03387418383071515,0.11612761778572736,0.0,-0.2749708781217799,0.9470782449466824,-2.59313327439456,0.48264502899477435,0.8571731748726655,0.8918831168831168,0.49166666666666664,0.9333333333333332,0.95,0.55,1.0,0.9,0.475,0.85,0.9,0.4526190476190476,0.8147619047619047,0.9095238095238095,0.9797764049494305,0.9904761904761905,0.030923380577329407,0.9092817977723047,696,383,0.8535272123078311,0.5950923681194272,0.16999999999999998,0.7111111111111111,0.53,1.3417190775681342,20,9,0.8535272123078311,0.5950923681194272,0.16999999999999998,0.7111111111111111,0.53,1.3417190775681342,20,9,0.17807765872150108
13,hebb_visita,0.01,congelado,286,0.7,0.6626191587552968,0.8252218518767583,0.0,-1.8993325340929628,0.9322343814033418,-2.9345679437292875,0.7712961906575906,0.6527744682527274,0.11018208693754636,0.771998096134962,0.6647050114738322,0.12070881920390815,0.7825914023319394,0.6776850468915214,0.11250224222764268,0.751730101977366,0.6344924937447873,0.13103228979005535,0.7790064414902126,0.6451152073732719,0.08710232439284671,0.9043643550384595,0.9886590038314177,0.17993029375449887,0.8838522773445011,834,376,1.047171383095924,0.9551364377024919,0.18260869565217389,0.5666666666666667,0.28,2.0238095238095237,23,6,1.047171383095924,0.9551364377024919,0.18260869565217389,0.5666666666666667,0.28,2.0238095238095237,23,6,0.14332736228055556
14,hebb_visita,0.01,congelado,295,0.8,0.5375627976380865,0.8046989323491691,0.23681618345683475,-1.2681251265704572,1.0359538092207248,-2.6609394533136577,0.7816544080010364,0.601418236717573,0.03810942071550044,0.7883745051594331,0.6064381728130159,0.029689162494149806,0.7793198316267445,0.604097441020518,0.04545777776702924,0.7678624376148817,0.5862065687194822,0.05048169348971876,0.7810052874002167,0.6087135278514588,0.04670295305102555,0.9953611286947741,0.9958333333333332,0.005111075943785144,0.9251575499491037,893,541,1.0066793254787805,0.8043267056100571,0.15833333333333333,0.8666666666666667,0.58,1.4942528735632186,24,12,1.0066793254787805,0.8043267056100571,0.15833333333333333,0.8666666666666667,0.58,1.4942528735632186,24,12,0.15427139657038177
15,hebb_visita,0.01,congelado,266,0.6,0.740680512795138,0.9457864662246018,-0.337912540209913,-1.4506813818677013,1.0518036888828879,-2.7301854117531015,0.7579126905817601,0.6014026094790701,0.08557722831554988,0.761089268622683,0.6544576196750109,0.1322790824296449,0.7608999075124061,0.5962418300653595,0.07444201504054723,0.7556967150496563,0.5931428571428572,0.0817494270435447,0.7915175350728016,0.6619623719933317,0.07892730184772842,0.9960989707408083,1.0,0.007802058518383217,0.9907588696371651,813,279,1.1393304813843934,0.756731050033927,0.20000000000000007,0.9444444444444444,0.27,3.4979423868312756,22,10,1.1393304813843934,0.756731050033927,0.20000000000000007,0.9444444444444444,0.27,3.4979423868312756,22,10,0.16987858250421786
16,hebb_visita,0.01,congelado,245,0.8,0.7405113644700013,0.9624362751826694,0.07075884822232936,-2.388005409427854,0.9808713851633492,-2.636998175859161,0.7937047594694903,0.6434266245683227,0.056017105629342125,0.7904293786182137,0.6325550673044833,0.05169631006805601,0.7977011890168415,0.6594098883572568,0.06400751032357385,0.7919054629382681,0.6486751152073732,0.06486418933083689,0.8025065352478427,0.6516679399032339,0.046654869407548594,0.9863503794275577,0.9876521739130435,0.014951415057928033,0.8661082422765403,871,350,1.0775521513296673,0.682814170470855,0.21052631578947367,0.9333333333333333,0.47,1.9858156028368796,19,8,1.0775521513296673,0.682814170470855,0.21052631578947367,0.9333333333333333,0.47,1.9858156028368796,19,8,0.15691930321914718
17,hebb_visita,0.01,congelado,301,0.5,0.6104787468968844,0.7682611199851452,-0.7865082370668179,-1.9020521119827045,0.8587729923025842,-2.869363813021736,0.6238394066364839,0.2787200244417446,0.03104121116877685,0.6166112974754121,0.2687358366631566,0.03551324171233231,0.6570381976348308,0.33019185786781213,0.016115462598150394,0.5992859808479376,0.2768448846750734,0.07827292297919833,0.6821096995150787,0.4425137362637363,0.07829433723357895,0.9986457292134991,1.0,0.0027085415730016276,0.9819378065099127,753,367,1.0839509615864624,0.6981676749143884,0.18947368421052632,0.7333333333333333,0.36,2.0370370370370368,19,8,1.0839509615864624,0.6981676749143884,0.18947368421052632,0.7333333333333333,0.36,2.0370370370370368,19,8,0.16903876080062089
18,hebb_visita,0.01,congelado,290,0.8,0.7680905636117686,0.9522674110749246,0.4587129208393751,-2.198514894359439,0.8807389721279475,-2.7540336984355096,0.8078749972644309,0.7117832750291521,0.0960332805002903,0.8002647619914223,0.7244212962962963,0.12389177231345187,0.7776646193032516,0.7022988505747126,0.14696961196820946,0.8212199476952786,0.7118181818181818,0.0693782864276245,0.8344008869607366,0.7376282051282053,0.06882643120673217,0.9865373109578058,0.9771537985823701,0.004079176666758404,0.9463153588659414,819,315,1.1329701831131331,0.9043957152202886,0.20952380952380953,1.0,0.43,2.3255813953488373,21,11,1.1329701831131331,0.9043957152202886,0.20952380952380953,1.0,0.43,2.3255813953488373,21,11,0.16289472447033196
19,hebb_visita,0.01,congelado,269,0.75,0.5733637660994169,0.8356101008017,0.4203303663748006,-1.1995667943987125,1.084588208478205,-2.625725492970065,0.6964954282472069,0.6717221738571937,0.2787313173627798,0.7155065442775125,0.6930669800235018,0.2620538914684768,0.6994595478611241,0.6632636181023278,0.26434452238007966,0.6731192426161363,0.6383303367113436,0.2920918514790711,0.7081785973416119,0.7192885375494071,0.3029313428661832,0.9945339556250227,0.9957446808510639,0.006676769601018646,0.9393849342863596,989,482,0.9865142507697101,0.7743929267327084,0.17272727272727273,0.8666666666666667,0.49,1.7687074829931975,22,10,0.9865142507697101,0.7743929267327084,0.17272727272727273,0.8666666666666667,0.49,1.7687074829931975,22,10,0.16428429120230462
20,hebb_visita,0.01,congelado,282,0.7,0.5898418754663006,0.8592592363530541,-0.3566931108233329,-1.368788053337933,1.0119890823533253,-2.950502869701999,0.6805092160210193,0.6449730892809502,0.28395465723891145,0.6937287261047104,0.6962857142857144,0.3088282620762936,0.713983748648281,0.7117735042735042,0.2838060069769421,0.6691995057527489,0.6259994669509595,0.2876004554454617,0.672938971099377,0.644015444015444,0.29813750181669,0.9939020538217258,0.9904761904761905,0.0026720828327389144,0.9765477750912156,883,352,1.0899703207207034,0.7891101928536917,0.19090909090909092,0.7,0.35,2.0,22,9,1.0899703207207034,0.7891101928536917,0.19090909090909092,0.7,0.35,2.0,22,9,0.15595126172036927
1,hebb_visita,0.01,aprende,323,0.9,0.7269939683805333,0.867141344681129,0.7816899851468653,-0.4493096188618426,0.9078164408893924,-2.550128654832293,0.9418138081794791,0.9068387096774193,0.023211093318461173,0.8965289563778178,0.8952380952380953,0.10218018248245961,0.9326404536090893,0.9,0.03471909278182138,0.9737616514433151,0.975,0.027476697113369863,0.9404325518861965,0.8954545454545455,0.014589441682152537,0.9826815835282858,0.975405982905983,0.010042815849411486,0.9567926537034757,893,448,1.0107836175821139,0.5379522665980004,0.18260869565217397,1.0444444444444445,0.39,2.678062678062678,23,10,1.208457158865298,0.7637808610199746,0.21739130434782608,1.1555555555555554,0.19,6.081871345029239,23,10,0.2285910548477321
2,hebb_visita,0.01,aprende,320,0.65,0.22779289329462607,0.8886059410217452,0.4333326250530595,-0.2475248097353231,0.9209792777654475,-2.796539229455636,0.8461542585409672,0.7375507881164179,0.04524227103448347,0.7790682019198361,0.7285359071164698,0.1703995032767976,0.7969676320261305,0.8851851851851851,0.2912499211329241,0.8090347454495463,0.7413919413919414,0.12332245049284865,0.8867059948657641,0.8144715032513069,0.04105951351977878,0.8742180712882697,0.9261944834034596,0.17775834082692035,0.8921461561733068,1149,676,1.029237636325519,0.8315163198206368,0.14400000000000002,0.5333333333333333,0.46,1.1594202898550725,25,7,1.0126077953658912,0.8914159225203847,0.16,0.5444444444444444,0.29,1.8773946360153257,25,7,0.2349330045748671
3,hebb_visita,0.01,aprende,301,0.95,0.7921392102365654,0.7772444379512367,0.9846545022398846,-0.7092452225175732,1.0097960999567372,-2.7821415129898504,0.8717047625920942,0.7601548104521696,0.016745285267981216,0.8401287002272593,0.7072268907563025,0.02696949030178387,0.8900684547213651,0.8138339920948617,0.03369708265213166,0.8908881257963595,0.7969442322383499,0.01516798064563082,0.9884507221770122,1.0,0.023098555645975658,0.9028049812011045,0.8770946796528192,0.07148471725061006,0.9045274036108737,1053,548,1.0917495147476224,0.7506949999017979,0.18260869565217389,0.7,0.38,1.8421052631578947,23,10,1.0877841544236417,1.006650406614668,0.2095238095238095,0.7666666666666667,0.37,2.0720720720720722,21,9,0.20902756794848693
4,hebb_visita,0.01,aprende,299,0.6,0.4129593229741098,0.8718600101725351,-0.30971718654978897,-0.5257331462251722,0.797060702575145,-2.398592785176005,0.9366333126960479,0.9087952802141472,0.03552865482205146,0.8720236314625429,0.8273412698412699,0.0832940069161839,0.9749652439073153,0.968421052631579,0.018490564816948267,0.8630064333232058,0.9151515151515153,0.1891386485051036,0.8669019703367302,0.9882352941176471,0.2544313534441866,0.9308293588350756,0.870358374202354,0.008699656532202782,0.9511386958079655,1054,515,1.0647364276279823,0.7923027581593193,0.1692307692307692,0.6111111111111112,0.31,1.9713261648745521,26,7,0.9753953796861974,0.7018514471117845,0.16153846153846152,0.6444444444444445,0.39,1.6524216524216524,26,8,0.21730282915655116
5,hebb_visita,0.01,aprende,339,0.7,0.48505189023273804,0.4469839155713552,-0.2270412222101319,-0.8926426635602702,1.1439245431125924,-2.3342540639655245,0.7998704434311998,0.8425126885498402,0.24277180168744064,0.7613568879568874,0.8060224089635856,0.2833086330498108,0.8011421567656806,0.8733333333333334,0.27104901980197227,0.7828313401330589,0.959047619047619,0.3933849387815013,0.7151475609895042,0.91875,0.48845487802099175,0.9478936506366868,0.9876005608863061,0.09181325961293245,0.86806200160751,1232,839,0.9491924345820153,0.6961872143369312,0.13333333333333336,0.6777777777777778,0.65,1.0427350427350428,21,8,0.9528230131607884,0.6767490748228502,0.15454545454545457,0.6666666666666666,0.46,1.4492753623188404,22,8,0.19258667396949147
6,hebb_visita,0.01,aprende,286,0.55,-0.22444710517906905,0.35264937975858895,-1.6709703602180128,-0.6038815569036077,0.9082194254663146,-2.8479439351101252,0.8118102908148479,0.6471275331312771,0.02350695150158138,0.6715407923619151,0.4026196581196581,0.05953807339582784,0.9794564941048328,0.9857142857142858,0.026801297504620118,0.8982716943544697,0.8224836601307188,0.0259402714217792,0.8926822416100443,0.8259677419354838,0.04060325871539531,0.9766732549801791,0.9668852459016394,0.013538735941281224,0.9869525741363725,970,429,0.9275802758955148,0.6023453170757984,0.15833333333333333,0.5444444444444444,0.39,1.3960113960113958,24,7,0.9526204299739877,0.5636741495905913,0.13333333333333333,0.4666666666666667,0.4,1.1666666666666665,24,7,0.20267009497136468
7,hebb_visita,0.01,aprende,308,0.45,-0.09246172906768443,0.453658987305772,-0.5508805383654516,-0.35947733110420854,0.9995838331851042,-2.634099778057271,0.7162913598477341,0.48408807881071747,0.05150535911524924,0.5152297310999889,0.392513470993117,0.3620540087931392,0.910465101546702,0.9011363636363636,0.0802061605429596,0.8172118201013758,0.6744025157232705,0.0399788755205188,0.7911291392596913,0.7576599870717519,0.17540170855236936,0.9468594847709598,0.9742324561403508,0.08051348659843119,0.9574245816547745,1027,610,0.9867451603277358,0.6884257034942645,0.18333333333333335,0.7666666666666667,0.39,1.965811965811966,24,9,0.867138729531662,0.6299437621229315,0.1153846153846154,0.4666666666666667,0.45,1.037037037037037,26,7,0.22154364058414183
8,hebb_visita,0.01,aprende,301,0.5,0.26040882537049515,0.29621861291122575,-1.9098292511331871,-2.338666652856693,0.7740949386455258,-2.763650616627623,0.6901050921521066,0.4012855497183856,0.021075365414172383,0.6070411234368969,0.2249856436437574,0.0109033967699637,0.8185393488739348,0.6530405405405405,0.015961842792671068,0.8332720832357313,0.6892064893499613,0.022662322878498724,0.7620518164220307,0.6311288566243194,0.10702522378025803,0.9868901655879676,0.9963636363636365,0.022583305187701214,0.9316144613129226,933,534,1.0234026142247614,0.9465270729328807,0.2090909090909091,0.7444444444444445,0.34,2.1895424836601305,22,8,0.9529321238584849,0.7926460224603205,0.13684210526315793,0.7555555555555555,0.66,1.1447811447811447,19,10,0.2186493339113856
9,hebb_visita,0.01,aprende,331,0.5,-0.08619556469456685,0.4358513981337982,-1.0292261778715548,-0.9546259827628583,0.9931401845005832,-2.466050277351728,0.7473607424958764,0.5597986960328563,0.0650772110411036,0.6629236238368,0.4703463203463203,0.1444990726727202,0.7421423455599864,0.5251711863784815,0.040886495258508765,0.8402847166723817,0.7607591754650579,0.08018974212029448,0.86191133866154,0.9857142857142858,0.26189160839120584,0.9073550833402335,0.8394250584122803,0.024714891731813186,0.9233560667804541,1148,799,0.9475902674452296,0.6932705096159288,0.19,0.6777777777777778,0.42,1.613756613756614,20,8,1.0791826252198977,0.8173351469310888,0.18,0.7222222222222222,0.38,1.9005847953216373,20,8,0.2074282520149411
10,hebb_visita,0.01,aprende,269,0.7,0.8115112475626275,0.9491843440949013,-0.2255880265609299,-2.792281257893558,0.9485864698785568,-2.706038930822779,0.8852602672060172,0.7875584893499816,0.017037954937947273,0.8691158413486437,0.7507763975155279,0.012544714818240463,0.8626910679980997,0.7415384615384616,0.01615632554226218,0.9095748023543947,0.8465116279069769,0.02736202319818748,0.9187105749843882,0.8816666666666666,0.044245516697889994,0.9425790640232439,0.9052901167867702,0.020131988740282544,0.9407854574484751,1010,460,1.0111029330413885,0.7614694380223778,0.1909090909090909,0.9222222222222223,0.35,2.6349206349206353,22,9,1.0719663153964032,0.8059106164380059,0.219047619047619,1.0444444444444445,0.3,3.481481481481482,21,9,0.16960547239458557
11,hebb_visita,0.01,aprende,313,0.7,0.7715930754949808,0.9160693197936266,-0.46292409295919346,-1.8920073603263643,0.8281834228527578,-2.9336546484294823,0.7710306592334207,0.5621044638114275,0.020043145344586077,0.7070199150608274,0.43771127793360093,0.02367144781194619,0.9583027812258168,0.9618181818181817,0.045212619366548086,0.9520726090240125,0.9236363636363636,0.01949114558833866,0.9529691555816351,0.9444444444444444,0.0385061332811743,0.9737204540718531,0.9552380952380952,0.007797187094389002,0.9802542895963244,755,354,1.0989150960347651,0.6463690750547065,0.2090909090909091,0.8888888888888888,0.34,2.61437908496732,22,8,1.0995253784590928,0.8323718669348548,0.22000000000000003,0.8111111111111111,0.33,2.4579124579124576,20,9,0.19466779067676906
12,hebb_visita,0.01,aprende,311,0.7,0.03387418383071515,0.11612761778572736,0.0,-0.2749708781217799,0.9470782449466824,-2.59313327439456,0.7572517035164237,0.93712661498708,0.4226232079542326,0.7955928153993618,0.91859243697479,0.3274068061760665,0.727663970654763,0.9619047619047618,0.5065768205952359,0.7039870745445597,0.9145320197044334,0.5065578706153141,0.7113691744813868,0.96,0.5372616510372265,0.9952041619448756,1.0,0.009591676110248843,0.9092817977723047,1208,742,0.9378401140536536,0.6031551355070947,0.16,0.6444444444444445,0.48,1.3425925925925928,20,8,0.8535272123078311,0.5950923681194272,0.16999999999999998,0.7111111111111111,0.53,1.3417190775681342,20,9,0.19408578593789894
13,hebb_visita,0.01,aprende,290,0.7,0.6626191587552968,0.8252218518767583,0.0,-1.8993325340929628,0.9322343814033418,-2.9345679437292875,0.8882243177313188,0.7974466768344889,0.02099804137185121,0.8192712902126595,0.7318994708994709,0.09335689047415195,0.9342405691869624,0.9046753246753246,0.03619418630139981,0.9197217797609749,0.85,0.01055644047805028,0.9263618661424666,0.8708333333333332,0.01810960104839999,0.9746919674133978,0.9634932920536634,0.01410935722686767,0.8838522773445011,843,318,1.063420341043853,0.7710958101753725,0.21739130434782605,0.6222222222222222,0.16,3.888888888888889,23,5,1.047171383095924,0.9551364377024919,0.18260869565217389,0.5666666666666667,0.28,2.0238095238095237,23,6,0.2119143214595637
14,hebb_visita,0.01,aprende,307,0.8,0.5375627976380865,0.8046989323491691,0.23681618345683475,-1.2681251265704572,1.0359538092207248,-2.6609394533136577,0.7697840022635372,0.5824253568331345,0.04285735230606022,0.7723409565970925,0.5659190221543163,0.021237108960131507,0.8389867570880122,0.7512132518324469,0.0732397376564226,0.7575908850161219,0.6714285714285714,0.15624680139632746,0.8516910731317111,0.8318077803203661,0.1284256340569438,0.9753270106873005,0.9633802816901408,0.012726260315539684,0.9251575499491037,1033,578,0.9785610191648577,0.884410233041323,0.16666666666666666,0.7,0.47,1.4893617021276595,24,10,1.0066793254787805,0.8043267056100571,0.15833333333333333,0.8666666666666667,0.58,1.4942528735632186,24,12,0.20858518026423384
15,hebb_visita,0.01,aprende,286,0.6,0.740680512795138,0.9457864662246018,-0.337912540209913,-1.4506813818677013,1.0518036888828879,-2.7301854117531015,0.9285235528109722,0.8702309603086518,0.013183854686707408,0.9497067635253503,0.9256038647342996,0.02619033768359889,0.8796648344191096,0.7733333333333333,0.014003664495114008,0.9677837325182805,0.9684848484848485,0.0329173834482875,0.948681901351661,0.9142857142857143,0.016921911582392334,0.9941039071068692,0.9952380952380953,0.007030281024356745,0.9907588696371651,750,262,1.125416765567537,0.5898363774652624,0.22727272727272727,1.011111111111111,0.11,9.191919191919192,22,10,1.1393304813843934,0.756731050033927,0.20000000000000007,0.9444444444444444,0.27,3.4979423868312756,22,10,0.19726445580315982
16,hebb_visita,0.01,aprende,316,0.8,0.7405113644700013,0.9624362751826694,0.07075884822232936,-2.388005409427854,0.9808713851633492,-2.636998175859161,0.7142101087420223,0.5835405187994531,0.15512030131540866,0.6350571367755002,0.4102058608643332,0.14009158731333274,0.8372139219984412,0.8092055692055691,0.13477772520868658,0.7125070259216907,0.7926984126984127,0.36768436085503137,0.7490707443725755,0.9603864734299516,0.4622449846848006,0.7988787276817204,0.618282298190328,0.020524842826887046,0.8661082422765403,1111,698,0.944733997457819,0.5935188209432599,0.17,0.6666666666666666,0.44,1.5151515151515151,20,7,1.0775521513296673,0.682814170470855,0.21052631578947367,0.9333333333333333,0.47,1.9858156028368796,19,8,0.20085967828586687
17,hebb_visita,0.01,aprende,285,0.5,0.6104787468968844,0.7682611199851452,-0.7865082370668179,-1.9020521119827045,0.8587729923025842,-2.869363813021736,0.7832275270102947,0.5775386395172803,0.011083585496690872,0.6996001764310021,0.4201330346067188,0.020932681744714573,0.8056253255073417,0.6249874308697838,0.013736779855100467,0.9258288697074761,0.8723809523809525,0.020723212966000257,0.9414881585261732,0.888888888888889,0.005912571836542452,0.995299574875527,0.9954545454545455,0.004855395703491522,0.9819378065099127,840,297,1.0282022489625378,0.5633785862063667,0.22999999999999998,0.8666666666666667,0.21,4.126984126984127,20,8,1.0839509615864624,0.6981676749143884,0.18947368421052632,0.7333333333333333,0.36,2.0370370370370368,19,8,0.22356307516673835
18,hebb_visita,0.01,aprende,339,0.8,0.7680905636117686,0.9522674110749246,0.4587129208393751,-2.198514894359439,0.8807389721279475,-2.7540336984355096,0.8721476416755918,0.7803461664494791,0.03605088309829561,0.7404748219631883,0.6540259740259741,0.17307633009959764,0.8953794095010772,0.8373581011351909,0.046599282133036504,0.8988051341952634,0.8289813486370159,0.031371080246489005,0.887513012550967,0.9457142857142857,0.1706882606123517,0.9473078110739032,0.9066423013606112,0.012026679212804921,0.9463153588659414,987,570,1.1126773705153084,0.7788828287884247,0.21818181818181817,0.8,0.27,2.962962962962963,22,8,1.1329701831131331,0.9043957152202886,0.20952380952380953,1.0,0.43,2.3255813953488373,21,11,0.19293863855593954
19,hebb_visita,0.01,aprende,335,0.75,0.5733637660994169,0.8356101008017,0.4203303663748006,-1.1995667943987125,1.084588208478205,-2.625725492970065,0.8672463529697899,0.7666495067579524,0.03215680081837259,0.9037940739641579,0.8403508771929825,0.03276272926466659,0.8471213998696077,0.7375302065906454,0.043287406851430045,0.872629177146031,0.8153846153846154,0.07012626109255324,0.8252790864419317,0.7637114845938375,0.11315331170997411,0.9116693038208368,0.8379036159918514,0.014565008350177827,0.9393849342863596,1020,597,1.0065746845260986,0.7852222258289403,0.21000000000000002,0.9777777777777777,0.37,2.6426426426426426,20,9,0.9865142507697101,0.7743929267327084,0.17272727272727273,0.8666666666666667,0.49,1.7687074829931975,22,10,0.18314669817961912
20,hebb_visita,0.01,aprende,285,0.7,0.5898418754663006,0.8592592363530541,-0.3566931108233329,-1.368788053337933,1.0119890823533253,-2.950502869701999,0.7478508222631032,0.5162081416464892,0.020506497120282872,0.7581981613153297,0.5645699614890887,0.04817363885842926,0.6683711725227477,0.39917781989881307,0.062435474853317595,0.8852526070856278,0.7900505050505051,0.01954529087924948,0.9161894727528118,0.8671428571428571,0.03476391163723347,0.97038329021969,0.9484959908075836,0.00772941036820358,0.9765477750912156,861,331,1.0510383911687067,0.7090682701017198,0.19999999999999998,0.6444444444444445,0.28,2.3015873015873014,23,8,1.0899703207207034,0.7891101928536917,0.19090909090909092,0.7,0.35,2.0,22,9,0.1968116823282362
1,hebb_visita,0.03,congelado,289,0.9,0.7441986145364748,0.901265404814675,0.6185784398508969,-1.1865259528209295,0.9924818729628713,-2.654613901174155,0.8500260314371788,0.9921568627450981,0.29210479987074056,0.8330241327300152,0.9800000000000001,0.31395173453996983,0.8533769214700312,1.0,0.2932461570599376,0.860371818053722,1.0,0.279256363892556,0.8590190512722158,1.0,0.2819618974555683,0.9954217762011258,0.9966666666666667,0.005823114264415075,0.9597348577862862,918,432,1.130309458512771,0.7533226169089775,0.18333333333333335,0.9444444444444444,0.29,3.256704980842912,24,10,1.130309458512771,0.7533226169089775,0.18333333333333335,0.9444444444444444,0.29,3.256704980842912,24,10,0.1748160689007615
2,hebb_visita,0.03,congelado,259,0.5,-0.03484487872622103,0.720447693076128,-0.22574571488325423,0.0,1.0001537941691998,-2.3708994654057407,0.4628966916487809,0.5754804534990294,0.6496870702014677,0.4670706792755858,0.5730305782066452,0.6388892196554735,0.46066836323873234,0.5759985147401704,0.6546617882627057,0.4807705522295154,0.5944312814556717,0.6328901769966409,0.44695552520028,0.5778693837338933,0.6839583333333333,0.9616287150446996,1.0,0.07674256991060074,0.8637946175942912,1102,650,0.9287013833053793,0.8008012111620807,0.14400000000000002,0.6333333333333333,0.37,1.7117117117117115,25,9,0.9287013833053793,0.8008012111620807,0.14400000000000002,0.6333333333333333,0.37,1.7117117117117115,25,9,0.1908022009538795
3,hebb_visita,0.03,congelado,338,0.85,0.6930353178891855,0.6365567452468343,0.8036894949146886,-1.0241127270951134,0.9720567785787915,-2.6606777764414953,0.7868509269505293,0.7962779156327544,0.22257606173169578,0.7691574324106484,0.8069498069498069,0.26863494212851013,0.7715910126952396,0.7709090909090909,0.2277270655186118,0.7365589305286826,0.7912044634066294,0.3180866023492643,0.8133159584046629,0.81125,0.18461808319067424,0.9979214300788188,1.0,0.004157139842362276,0.9491538616021493,861,571,0.9927992242721241,0.8869491849885334,0.1565217391304348,0.7111111111111111,0.51,1.3943355119825709,23,9,0.9927992242721241,0.8869491849885334,0.1565217391304348,0.7111111111111111,0.51,1.3943355119825709,23,9,0.18980262559835437
4,hebb_visita,0.03,congelado,333,0.6,0.3598829121565941,0.773494004627857,-0.3805538980512049,-0.5535750895718046,1.0820276569302338,-2.4431705054504143,0.6256937122718115,0.6517711047122812,0.4003836801686583,0.6344733044733044,0.7023809523809523,0.4334343434343434,0.6041573243960341,0.6391146487920681,0.43079999999999996,0.5943434870469755,0.614508547008547,0.4258215729145961,0.7146266791385408,0.7906403940886699,0.36138703581158826,0.9966303016618201,1.0,0.006739396676359653,0.9240128502905216,931,627,0.9639319808851561,0.7242331055631945,0.16153846153846152,0.6555555555555556,0.44,1.4898989898989898,26,9,0.9639319808851561,0.7242331055631945,0.16153846153846152,0.6555555555555556,0.44,1.4898989898989898,26,9,0.190375019780617
5,hebb_visita,0.03,congelado,288,0.8,0.737994589337839,0.5621037372800756,0.2519363123948737,-1.1597364544955502,0.853160650251015,-2.4152997003358463,0.8199829245539195,0.7401402321935062,0.10017438308566717,0.8275732016780002,0.7397708427559173,0.08462443939991701,0.8089384395517805,0.7393939393939395,0.12151706029037856,0.8272512293627304,0.7668577981651377,0.1123553394396768,0.8090707441604669,0.7313343328335832,0.11319284451264941,0.9758331096814142,1.0,0.048333780637171565,0.7942206492355119,1055,571,0.9546218455991754,0.7874578967148391,0.14545454545454548,0.6666666666666666,0.53,1.2578616352201257,22,9,0.9546218455991754,0.7874578967148391,0.14545454545454548,0.6666666666666666,0.53,1.2578616352201257,22,9,0.1851347677136256
6,hebb_visita,0.03,congelado,287,0.55,0.39819670140455155,0.9638161372353355,-0.8711026417515444,-2.8356380248827318,1.000000000007184,-2.8699657986664278,0.6005193853322685,0.3172321851205691,0.11619341445603211,0.6017110698499124,0.36822598870056494,0.1648038490007402,0.625665826736529,0.3242263483642794,0.07289469489122136,0.5628156729656283,0.30777486703183293,0.18214352110057633,0.618578868559687,0.36034188034188036,0.1231841432225064,0.993368350245937,0.99375,0.007013299508126266,0.9643291508424805,720,305,1.0079205520261472,0.6451418288155457,0.17391304347826092,0.5666666666666667,0.32,1.7708333333333333,23,7,1.0079205520261472,0.6451418288155457,0.17391304347826092,0.5666666666666667,0.32,1.7708333333333333,23,7,0.180355621846795
7,hebb_visita,0.03,congelado,345,0.5,-0.232937564842875,0.8078020883085674,-0.6635349519513858,-0.6266175524772728,1.1067248617843626,-2.5431903885591884,0.5184985355077292,0.4138034380177191,0.3768063670022609,0.4766104434183319,0.42994046355624055,0.47671957671957665,0.5199232616453646,0.48448938043358647,0.4446428571428571,0.5483027418433344,0.45206753440734015,0.35546205072067144,0.4935959828074773,0.37660214214662646,0.38941017653167187,0.9970759782120586,1.0,0.005848043575882695,0.9361336265505423,837,614,0.8607091145936333,0.6677659093454711,0.10833333333333334,0.6111111111111112,0.61,1.0018214936247725,24,10,0.8607091145936333,0.6677659093454711,0.10833333333333334,0.6111111111111112,0.61,1.0018214936247725,24,10,0.17874866535878126
8,hebb_visita,0.03,congelado,302,0.6,0.15007603712402692,0.7441084478541005,-1.5241338816257903,-1.6699303382905208,0.8497580896430439,-2.6632101924732017,0.5927110946915859,0.29018923467016144,0.10476704528698959,0.5681977993925569,0.2830885237032529,0.1466929249181391,0.6030684336637956,0.28375395394263314,0.07761708661504192,0.5901529260418098,0.31427860715729206,0.1339727550736725,0.5979182333862381,0.3290154482096107,0.1331789814371344,0.9924951772907851,0.9894736842105264,0.004483329628956388,0.9353076177950412,694,388,0.878691022162751,0.7196367804843161,0.1428571428571429,0.6888888888888889,0.63,1.09347442680776,21,8,0.878691022162751,0.7196367804843161,0.1428571428571429,0.6888888888888889,0.63,1.09347442680776,21,8,0.20073984593433944
9,hebb_visita,0.03,congelado,275,0.6,0.3267742363116509,0.9144215760766706,-0.2912609944698622,-1.7036350727283558,1.0949643432618534,-2.2978105555396455,0.6509432383385181,0.5977824286282133,0.29589595195117707,0.65802617021401,0.6052823072984364,0.2892299668704163,0.6573765038698759,0.6388637506284566,0.3241107428887048,0.6565959430043066,0.6199134199134199,0.3067215339048067,0.6233674512617281,0.5547896891550141,0.30805478663155794,0.9906600124081105,0.9956521739130434,0.014332149096822311,0.888761344976093,841,432,0.9996708471589599,0.7789633176499982,0.17272727272727276,0.6888888888888889,0.41,1.6802168021680217,22,8,0.9996708471589599,0.7789633176499982,0.17272727272727276,0.6888888888888889,0.41,1.6802168021680217,22,8,0.19685714747455987
10,hebb_visita,0.03,congelado,292,0.8,0.6289967536722306,0.9685112557433022,0.2235721302692117,-2.3196234695376377,0.9844626397289693,-2.8375184681448813,0.7880999254472401,0.5970339244022165,0.02083407350773623,0.7961649329040179,0.607262443438914,0.014932577630878236,0.7900445208204461,0.611214953271028,0.031125911630135818,0.7825070692617827,0.5756613756613757,0.010647237137810257,0.7897172662330416,0.6177242524916943,0.03828972002561121,0.9864860012525359,0.9783333333333333,0.005361330828261376,0.9699052943667972,695,256,1.1183554827601376,0.9033577673982103,0.2210526315789474,0.9555555555555556,0.43,2.2222222222222223,19,9,1.1183554827601376,0.9033577673982103,0.2210526315789474,0.9555555555555556,0.43,2.2222222222222223,19,9,0.1535278795974443
11,hebb_visita,0.03,congelado,264,0.5,0.6133539224647558,0.9000656521502026,-0.3944167896384093,-1.498864465571961,0.9216894649948993,-2.524946149172712,0.7303626838208997,0.6851139916993575,0.22438862405755797,0.7508309615616878,0.7195045045045045,0.21784258138112883,0.7257226964404159,0.6706959706959708,0.21925057781513896,0.7321614686749711,0.7032026143790849,0.23887967702914287,0.714752805245396,0.7175816993464051,0.28807608885561303,0.988925657094937,0.9832251082251083,0.005373794035234506,0.9098136990707206,827,455,0.97888821914904,0.8204628396062836,0.18260869565217389,0.7666666666666667,0.35,2.1904761904761907,23,8,0.97888821914904,0.8204628396062836,0.18260869565217389,0.7666666666666667,0.35,2.1904761904761907,23,8,0.18019252257422744
12,hebb_visita,0.03,congelado,276,0.6,0.2513392666469844,0.4062194758301091,-0.7811416516369079,-1.1335652957992521,0.8762971841691564,-2.6858595715680784,0.5733350312013612,0.4038000556153647,0.2571299932126423,0.5612319880060461,0.40040996000390205,0.27794598399180975,0.5395122601756113,0.374020879940343,0.2949963595891205,0.5671275268589435,0.41054130607193595,0.2762862523540489,0.6173305107266867,0.45399056507536983,0.21932954362199647,0.9907491487354583,0.9880410858400588,0.006542788369142136,0.9079705900988474,968,521,0.8425932485016894,0.5931100726518045,0.12631578947368421,0.6888888888888889,0.64,1.0763888888888888,19,9,0.8425932485016894,0.5931100726518045,0.12631578947368421,0.6888888888888889,0.64,1.0763888888888888,19,9,0.18942162198437285
13,hebb_visita,0.03,congelado,261,0.6,0.6389683889116891,0.9619499526676953,-0.9102573354505621,-2.812490003339742,1.000411634746858,-2.9453834253654803,0.6848872656162694,0.4054435594616864,0.03566902822914744,0.6845311807542709,0.3928412462908012,0.02377888478225936,0.6976553740113476,0.4368708004447299,0.04156005242203464,0.6850699478895055,0.42085627004801696,0.05071637426900585,0.685995492887872,0.42237259097156726,0.05038160519582337,0.998289725820949,1.0,0.00342054835810207,0.9825975681197748,747,239,1.0946210834213188,0.8750937706236336,0.19999999999999996,0.7222222222222222,0.25,2.888888888888889,23,7,1.0946210834213188,0.8750937706236336,0.19999999999999996,0.7222222222222222,0.25,2.888888888888889,23,7,0.19785644046510056
14,hebb_visita,0.03,congelado,266,0.6,0.1915017760920304,0.7573705025890579,-1.2779927505654156,-0.8790352186286055,1.0050978742042604,-2.6759700820021353,0.5346189922864435,0.2879005398458593,0.21866255527297218,0.5421332009848012,0.31044895181412413,0.22618254984452166,0.5086556007526656,0.2900400796793626,0.27272887817403146,0.5137532112040872,0.2868176784455854,0.25931125603741084,0.5420971206554832,0.2822202111613876,0.19802596985042126,0.9968133967978288,1.0,0.0063732064043426125,0.934625355929385,930,487,0.9929817148103566,0.7956961709144076,0.14545454545454548,0.8,0.59,1.3559322033898307,22,11,0.9929817148103566,0.7956961709144076,0.14545454545454548,0.8,0.59,1.3559322033898307,22,11,0.17727659462784556
15,hebb_visita,0.03,congelado,283,0.6,0.39318677107483024,0.960421234905468,-0.44294301757597343,-1.8971906190632755,1.0725841122231143,-2.7014400054781396,0.6495701673338714,0.5277948816229435,0.22865454695520054,0.6494062639153684,0.5424570213062733,0.2436444934755365,0.6132830652294938,0.4820294171722743,0.2554632867132867,0.6587772266411778,0.5586484730344379,0.24109401975208225,0.6791411912091733,0.5505547652916074,0.1922723828732609,0.9973856248641593,1.0,0.005228750271681506,0.978575869241769,731,295,1.1138008972463096,0.8408767551742947,0.17272727272727273,0.7,0.43,1.627906976744186,22,9,1.1138008972463096,0.8408767551742947,0.17272727272727273,0.7,0.43,1.627906976744186,22,9,0.1977395658520016
16,hebb_visita,0.03,congelado,324,0.6,0.6026849675424983,0.9133065266782978,-1.3102637988097008,-3.20245106813622,1.055837586952488,-2.910515703880302,0.6321350535488125,0.3535271795307478,0.08925707243312278,0.7040352766241091,0.47676767676767684,0.06869712351945853,0.6105790007641294,0.32724232289449684,0.10608432136623787,0.6239984709480122,0.41166666666666674,0.1636697247706422,0.6689259447214745,0.39822580645161293,0.06037391700866394,0.9853220425320486,0.9762820512820513,0.005637966217954214,0.9487719577445686,583,239,1.0663323512266305,0.6878391014265288,0.2,0.9333333333333333,0.51,1.8300653594771241,20,9,1.0663323512266305,0.6878391014265288,0.2,0.9333333333333333,0.51,1.8300653594771241,20,9,0.1839871518931577
17,hebb_visita,0.03,congelado,271,0.7,0.5946475404747009,0.8326603382300979,-0.26231779076326334,-1.7799072834041216,1.019091214793323,-2.846137235227882,0.6797173993530448,0.6248895493671613,0.26545475066107194,0.6714554145181073,0.7111111111111111,0.36820028207489663,0.69907764084019,0.6368439716312058,0.23868868995082587,0.6806970324361629,0.6186956521739131,0.2573015873015873,0.7047188849014406,0.684022988505747,0.2745852187028658,0.9955120027469851,0.9939393939393939,0.0029153884454236577,0.9671817328811281,708,277,1.08155843669205,0.716758837468794,0.20000000000000004,0.6555555555555556,0.33,1.9865319865319864,20,7,1.08155843669205,0.716758837468794,0.20000000000000004,0.6555555555555556,0.33,1.9865319865319864,20,7,0.19478835819168264
18,hebb_visita,0.03,congelado,254,0.8,0.6666902872427597,0.797369260555063,0.3389207103928846,-1.7178706538438138,0.9997520913778575,-2.759953418140983,0.77598630809503,0.723636701553044,0.1716640853629842,0.7789023133729016,0.7189222542163718,0.16111762747056863,0.7489216153788251,0.7465909090909091,0.24874767833325895,0.7863982189011716,0.7137142857142857,0.14091784791194267,0.7724116131426116,0.7262220191868434,0.1813987929016201,0.9942290842974641,0.9924528301886791,0.0039946615937509365,0.9297635727893411,905,336,1.049035552083275,1.001315160490036,0.18095238095238098,0.7555555555555555,0.46,1.642512077294686,21,9,1.049035552083275,1.001315160490036,0.18095238095238098,0.7555555555555555,0.46,1.642512077294686,21,9,0.17577944590463296
19,hebb_visita,0.03,congelado,327,0.65,-0.038384138804976514,0.7095398586171455,-0.31029814716847515,-0.02092284472009931,0.6645630367928541,-2.5062289866011436,0.4962490594711637,0.544457346070653,0.5519592271283256,0.5019738432307823,0.5382512641606152,0.5343035776990506,0.46059004654493374,0.5416800930898675,0.6205,0.5043217588535815,0.5666333624745015,0.5579898447673385,0.5076811594444999,0.5401580410711674,0.5247957221821677,0.8325496997000634,0.9926666666666666,0.3275672672665396,0.8480397720036834,1139,830,0.8606770253576551,0.8099572189926671,0.13684210526315788,0.7222222222222222,0.63,1.146384479717813,19,9,0.8606770253576551,0.8099572189926671,0.13684210526315788,0.7222222222222222,0.63,1.146384479717813,19,9,0.17796778012710357
20,hebb_visita,0.03,congelado,302,0.7,0.6655708487102808,0.9446427989123093,-0.6130340041221056,-2.039516855009787,1.070511818292805,-3.0087223164911157,0.7199423811061225,0.5215290673497828,0.08164430513753762,0.7056436999435958,0.507927986930798,0.09664058704360659,0.6940590199626344,0.5514429361488185,0.16332489622354968,0.7619177808904214,0.5942373607540703,0.07040179897322756,0.7157276782608106,0.5171022727272726,0.08564691620565137,0.992980410065663,0.9897435897435898,0.003782769612263707,0.9763795780762778,713,251,1.0369467189110964,0.858854367924541,0.17142857142857143,0.7444444444444445,0.49,1.5192743764172336,21,8,1.0369467189110964,0.858854367924541,0.17142857142857143,0.7444444444444445,0.49,1.5192743764172336,21,8,0.18153476397944318
1,hebb_visita,0.03,aprende,300,0.9,0.7441986145364748,0.901265404814675,0.6185784398508969,-1.1865259528209295,0.9924818729628713,-2.654613901174155,0.8640021911164559,0.7508872315803009,0.022882849347389173,0.8710291528673881,0.8488578088578089,0.10679950312303252,0.9318964659480908,0.885284280936455,0.02149134904027341,0.8701875876332752,0.7619230769230769,0.021547901656526668,0.8808687905536762,0.7881578947368422,0.026420313629489805,0.9779603791900247,0.9688664596273291,0.01294570124727967,0.9597348577862862,912,466,0.8158034324077384,0.5441190175799927,0.12,0.5222222222222223,0.51,1.0239651416122004,25,9,1.130309458512771,0.7533226169089775,0.18333333333333335,0.9444444444444444,0.29,3.256704980842912,24,10,0.2553302515534815
2,hebb_visita,0.03,aprende,288,0.5,-0.03484487872622103,0.720447693076128,-0.22574571488325423,0.0,1.0001537941691998,-2.3708994654057407,0.7738087863901376,0.5758448597727974,0.028227286992522214,0.6525254437602612,0.3670125740713976,0.061961686550875104,0.8787643715502609,0.7860869565217391,0.02855821342121746,0.916656564569889,0.8653846153846153,0.032071486244837195,0.9299123189676743,1.0,0.14017536206465134,0.9568767787642887,0.984686337054758,0.07093277952618073,0.8637946175942912,1140,632,1.004452605095868,0.8544314209656543,0.18518518518518515,0.7,0.23,3.043478260869565,27,7,0.9287013833053793,0.8008012111620807,0.14400000000000002,0.6333333333333333,0.37,1.7117117117117115,25,9,0.281437593419691
3,hebb_visita,0.03,aprende,306,0.85,0.6930353178891855,0.6365567452468343,0.8036894949146886,-1.0241127270951134,0.9720567785787915,-2.6606777764414953,0.9562113907175285,0.9360956284153005,0.023672846980243578,0.9120882309828029,0.8903225806451612,0.06614611867955544,0.9769924629078732,1.0,0.04601507418425348,0.9609238801907649,0.9679487179487178,0.04610095756718805,0.9815869136062647,1.0,0.036826172787470655,0.8924540633321824,0.7932778908976472,0.008369764233282504,0.9491538616021493,942,479,1.0542465161915542,0.8531253729668602,0.18333333333333335,0.9111111111111111,0.37,2.4624624624624625,24,9,0.9927992242721241,0.8869491849885334,0.1565217391304348,0.7111111111111111,0.51,1.3943355119825709,23,9,0.2478416560420922
4,hebb_visita,0.03,aprende,325,0.6,0.3598829121565941,0.773494004627857,-0.3805538980512049,-0.5535750895718046,1.0820276569302338,-2.4431705054504143,0.8682364543444554,0.7729876762611888,0.03651476757227793,0.7167371207692208,0.5773082788671025,0.14383403732866099,0.9797264000595466,0.9833333333333334,0.023880533214240197,0.9678766640345444,0.96,0.024246671930911193,0.9069175562634129,0.9157894736842106,0.10195436115738474,0.9436139850614942,0.8989196181668643,0.011691648043875994,0.9240128502905216,991,560,1.035410715538276,0.730606183980867,0.14400000000000002,0.5444444444444444,0.41,1.3279132791327912,25,8,0.9639319808851561,0.7242331055631945,0.16153846153846152,0.6555555555555556,0.44,1.4898989898989898,26,9,0.24909448714264382
5,hebb_visita,0.03,aprende,326,0.8,0.737994589337839,0.5621037372800756,0.2519363123948737,-1.1597364544955502,0.853160650251015,-2.4152997003358463,0.842105231985857,0.8949677162113495,0.21075725223963562,0.8173736611776461,0.8184814814814814,0.18373415912618907,0.7753531903102577,0.908300395256917,0.35759401463640156,0.7570075416085386,0.9712918660287082,0.45727678281163103,0.7175319331229599,0.9894736842105264,0.5544098179646066,0.8546167561945878,0.847007005708355,0.13777349331917946,0.7942206492355119,1286,845,0.97692048491323,0.8158515268686994,0.16363636363636366,0.7111111111111111,0.49,1.4512471655328798,22,9,0.9546218455991754,0.7874578967148391,0.14545454545454548,0.6666666666666666,0.53,1.2578616352201257,22,9,0.22135630777925835
6,hebb_visita,0.03,aprende,313,0.55,0.39819670140455155,0.9638161372353355,-0.8711026417515444,-2.8356380248827318,1.000000000007184,-2.8699657986664278,0.55482361234661,0.13080384137439596,0.021156616681175806,0.49951009397779,0.033190028855455786,0.03416984089987575,0.6033218511655927,0.24656043992247514,0.03991673759128973,0.7988587259903615,0.7041666666666667,0.10644921468594384,0.8821786323424066,0.7807092198581561,0.01635195517334285,0.9931675443434433,0.9961538461538462,0.009818757466959479,0.9643291508424805,933,541,0.9197000049267462,0.5596136065362555,0.15833333333333333,0.5888888888888889,0.32,1.840277777777778,24,6,1.0079205520261472,0.6451418288155457,0.17391304347826092,0.5666666666666667,0.32,1.7708333333333333,23,7,0.2658810827625682
7,hebb_visita,0.03,aprende,328,0.5,-0.232937564842875,0.8078020883085674,-0.6635349519513858,-0.6266175524772728,1.1067248617843626,-2.5431903885591884,0.7412171177007556,0.6733236359404774,0.19088940053896616,0.6182886613001695,0.4996507435781884,0.2630734209778496,0.7223899838336909,0.7703067484662577,0.325526780798876,0.7073868652302859,0.7464655172413793,0.3316917867808074,0.7827352000376941,0.9217948717948717,0.3563244717194833,0.9423555860392093,0.9462934609250399,0.06158228884662122,0.9361336265505423,1058,719,0.9267842091807107,0.8009276206507779,0.14400000000000002,0.6222222222222222,0.51,1.2200435729847494,25,9,0.8607091145936333,0.6677659093454711,0.10833333333333334,0.6111111111111112,0.61,1.0018214936247725,24,10,0.23596173014780233
8,hebb_visita,0.03,aprende,356,0.6,0.15007603712402692,0.7441084478541005,-1.5241338816257903,-1.6699303382905208,0.8497580896430439,-2.6632101924732017,0.5933219324056956,0.24519584793055005,0.058551983119158754,0.5512697316017404,0.19718487795575895,0.09464541475227814,0.5756679553828911,0.19303076332368294,0.04169485255790071,0.6232279469011857,0.331945683484157,0.08548978968178558,0.7769808021751096,0.8184109699536197,0.2644493656034006,0.9532764685647117,0.9400198641937771,0.03346692706435369,0.9353076177950412,1053,788,1.0074006441795014,1.0570740958059883,0.22857142857142856,0.9,0.27,3.333333333333333,21,8,0.878691022162751,0.7196367804843161,0.1428571428571429,0.6888888888888889,0.63,1.09347442680776,21,8,0.2646735974415694
9,hebb_visita,0.03,aprende,306,0.6,0.3267742363116509,0.9144215760766706,-0.2912609944698622,-1.7036350727283558,1.0949643432618534,-2.2978105555396455,0.7358473745848156,0.5051728438258054,0.03347809465617417,0.6595151241568538,0.36188944314364246,0.04285919482993482,0.9384137484509891,0.9261163197203242,0.04928882281834605,0.7354929549125166,0.5119702286018076,0.04098431877677425,0.8302579486427368,0.8304615384615385,0.16994564117606495,0.904383148145473,0.8429752631646267,0.03420896687368053,0.888761344976093,1131,731,1.0780977882704905,0.6993139882421741,0.19047619047619052,0.8333333333333334,0.42,1.9841269841269842,21,8,0.9996708471589599,0.7789633176499982,0.17272727272727276,0.6888888888888889,0.41,1.6802168021680217,22,8,0.2505492613790234
10,hebb_visita,0.03,aprende,285,0.8,0.6289967536722306,0.9685112557433022,0.2235721302692117,-2.3196234695376377,0.9844626397289693,-2.8375184681448813,0.7884390090897841,0.5928718905463091,0.015993872366740765,0.794134798332753,0.6770803270803272,0.08881073041482117,0.8568562873177917,0.7393355182828867,0.02562294364730323,0.8534206340487711,0.718215892053973,0.011374623956430583,0.8071302614725018,0.6805120266730174,0.06625150372801367,0.8563028410780735,0.7327442907172798,0.020138608561132747,0.9699052943667972,1021,469,0.9209531832403242,0.9105099795071022,0.1619047619047619,0.7666666666666667,0.55,1.3939393939393938,21,10,1.1183554827601376,0.9033577673982103,0.2210526315789474,0.9555555555555556,0.43,2.2222222222222223,19,9,0.2141265644315833
11,hebb_visita,0.03,aprende,285,0.5,0.6133539224647558,0.9000656521502026,-0.3944167896384093,-1.498864465571961,0.9216894649948993,-2.524946149172712,0.8830338013950831,0.7852456838731348,0.019178081082968545,0.7976168403383219,0.6657252930497713,0.0704916123731274,0.8922391925976284,0.8183835005574135,0.03390511536215673,0.9878630615144084,0.9894736842105264,0.0137475611817095,0.9477021723504329,0.9155844155844157,0.02018007088355004,0.9706641233528481,0.9668739400791407,0.025545693373444322,0.9098136990707206,994,516,1.020191230284416,0.6913014942323131,0.17600000000000002,0.6111111111111112,0.25,2.4444444444444446,25,6,0.97888821914904,0.8204628396062836,0.18260869565217389,0.7666666666666667,0.35,2.1904761904761907,23,8,0.21920440323414228
12,hebb_visita,0.03,aprende,334,0.6,0.2513392666469844,0.4062194758301091,-0.7811416516369079,-1.1335652957992521,0.8762971841691564,-2.6858595715680784,0.7221045528250463,0.8023606653393888,0.3581515596892963,0.7161393089113264,0.5961532111303531,0.16387459330770032,0.7215930190499157,0.9175000000000001,0.4743139619001687,0.6971978159478159,1.0,0.6056043681043681,0.6930482456140351,1.0,0.6139035087719298,0.9303768037523548,0.961340436580663,0.10058682907595343,0.9079705900988474,1349,929,1.030533585802253,0.9041119599184468,0.21904761904761907,0.9222222222222223,0.4,2.3055555555555554,21,10,0.8425932485016894,0.5931100726518045,0.12631578947368421,0.6888888888888889,0.64,1.0763888888888888,19,9,0.224968649227861
13,hebb_visita,0.03,aprende,274,0.6,0.6389683889116891,0.9619499526676953,-0.9102573354505621,-2.812490003339742,1.000411634746858,-2.9453834253654803,0.862077213973663,0.7313698313698314,0.007215403422505517,0.826879269972359,0.6640271493212669,0.010268609376548716,0.9050778660121361,0.8175000000000001,0.007344267975727891,0.8713679426685272,0.7512605042016807,0.008524618864626353,0.8999704967430019,0.8228571428571427,0.022916149371138943,0.9257629799892677,0.8565517241379311,0.005025764159395637,0.9825975681197748,790,278,1.0372098806398085,0.8079828617578899,0.20000000000000004,0.8333333333333334,0.22,3.787878787878788,24,8,1.0946210834213188,0.8750937706236336,0.19999999999999996,0.7222222222222222,0.25,2.888888888888889,23,7,0.26247602707637174
14,hebb_visita,0.03,aprende,305,0.6,0.1915017760920304,0.7573705025890579,-1.2779927505654156,-0.8790352186286055,1.0050978742042604,-2.6759700820021353,0.7760234405793656,0.6306926025305423,0.07864572137181117,0.7995753780507502,0.6780880002791105,0.07893724417761001,0.8225999850641036,0.6983244802937898,0.05312451016558266,0.9046704439351498,0.980952380952381,0.1716114930820813,0.6911142900913396,0.6630158929693813,0.28078731278670227,0.966654685531282,0.9511351144590977,0.017825743396533734,0.934625355929385,1209,688,0.9474745962034431,0.9263772374523075,0.128,0.5777777777777777,0.55,1.0505050505050504,25,10,0.9929817148103566,0.7956961709144076,0.14545454545454548,0.8,0.59,1.3559322033898307,22,11,0.25113110233571606
15,hebb_visita,0.03,aprende,312,0.6,0.39318677107483024,0.960421234905468,-0.44294301757597343,-1.8971906190632755,1.0725841122231143,-2.7014400054781396,0.6896184152909253,0.4115956325345751,0.03235880195272464,0.574327574027528,0.18071975930671583,0.03206461125165984,0.8539540965720966,0.7575423841943666,0.04963419105017332,0.9095829473496602,0.8606060606060606,0.04144016590674025,0.9586904963399692,0.9857142857142858,0.06833329303434735,0.9520115864619737,0.916639828234031,0.01261665531008355,0.978575869241769,983,521,1.0858151069677004,0.6910573708757011,0.19200000000000003,0.6555555555555556,0.19,3.4502923976608186,25,7,1.1138008972463096,0.8408767551742947,0.17272727272727273,0.7,0.43,1.627906976744186,22,9,0.26070790623674756
16,hebb_visita,0.03,aprende,332,0.6,0.6026849675424983,0.9133065266782978,-1.3102637988097008,-3.20245106813622,1.055837586952488,-2.910515703880302,0.7513836454792837,0.5374943943610146,0.03472710340244711,0.5923004230886795,0.2104901960784314,0.02588934990107252,0.9033984267515298,0.8328671328671329,0.0260702793640732,0.7483815130494273,0.5335406381058554,0.036777612007000596,0.8099562733340366,0.9112121212121214,0.29129957454404803,0.9267139873943645,0.8769439284485724,0.02351595365984338,0.9487719577445686,850,492,1.02547606900991,0.6449354970888878,0.19047619047619047,0.8888888888888888,0.35,2.5396825396825395,21,8,1.0663323512266305,0.6878391014265288,0.2,0.9333333333333333,0.51,1.8300653594771241,20,9,0.22533825800207016
17,hebb_visita,0.03,aprende,294,0.7,0.5946475404747009,0.8326603382300979,-0.26231779076326334,-1.7799072834041216,1.019091214793323,-2.846137235227882,0.8432815228492148,0.7013085813085812,0.014745535610151562,0.8202335782616791,0.660695652173913,0.020228495650554842,0.8679937525881292,0.7712252964426878,0.035237791266429404,0.9800288060481526,0.9866666666666667,0.02660905457036139,0.9515778479086814,0.9239766081871345,0.020820912369771814,0.7849108991865954,0.5836350751557197,0.013813276782528954,0.9671817328811281,942,408,1.0009725607020739,0.5657069957487494,0.2086956521739131,0.9666666666666667,0.19,5.087719298245614,23,9,1.08155843669205,0.716758837468794,0.20000000000000004,0.6555555555555556,0.33,1.9865319865319864,20,7,0.24061829770983642
18,hebb_visita,0.03,aprende,290,0.8,0.6666902872427597,0.797369260555063,0.3389207103928846,-1.7178706538438138,0.9997520913778575,-2.759953418140983,0.7291485904118408,0.6347207586162358,0.17642357779255427,0.6546329666977023,0.41098170646557747,0.10171577307017281,0.7551091329628041,0.7079710144927536,0.19775274856714523,0.857874038518641,0.9894736842105264,0.2737256071732446,0.8281698899749351,1.0,0.3436602200501298,0.9674301100064151,0.9504862754976668,0.01562605548483671,0.9297635727893411,1164,658,0.9890439483461867,0.8117740402843991,0.18095238095238098,0.6888888888888889,0.46,1.497584541062802,21,9,1.049035552083275,1.001315160490036,0.18095238095238098,0.7555555555555555,0.46,1.642512077294686,21,9,0.23656560402791532
19,hebb_visita,0.03,aprende,333,0.65,-0.038384138804976514,0.7095398586171455,-0.31029814716847515,-0.02092284472009931,0.6645630367928541,-2.5062289866011436,0.612618494528741,0.4879246353167529,0.26268764625927116,0.6161071298850348,0.4688084147661905,0.23659415499612088,0.7881164204615987,0.9799568965517242,0.4037240556285269,0.8064327915248907,0.982,0.3691344169502187,0.6953069862373016,0.7800377042312526,0.3894237317566493,0.9182193165861696,0.9916030633437176,0.15516443017137832,0.8480397720036834,1483,1024,0.9627094054833062,0.9474530419016739,0.15454545454545454,0.8,0.65,1.2307692307692308,22,10,0.8606770253576551,0.8099572189926671,0.13684210526315788,0.7222222222222222,0.63,1.146384479717813,19,9,0.24559144404188255
20,hebb_visita,0.03,aprende,295,0.7,0.6655708487102808,0.9446427989123093,-0.6130340041221056,-2.039516855009787,1.070511818292805,-3.0087223164911157,0.677382946789864,0.4839578072608354,0.12919191368110744,0.7025368651380408,0.6296747149564051,0.22460098468032358,0.6774871326388414,0.44241338112305845,0.08743911584537571,0.7571966923878657,0.6692942497900601,0.1549008650143286,0.7749934238245798,0.8550458715596332,0.3050590239104735,0.9831677564630619,0.9896042924211939,0.023268779495070096,0.9763795780762778,1149,613,1.0703429685383041,0.871611626699785,0.20000000000000004,0.7444444444444445,0.22,3.383838383838384,25,7,1.0369467189110964,0.858854367924541,0.17142857142857143,0.7444444444444445,0.49,1.5192743764172336,21,8,0.22009428063986985
1,hebb_mordida,0.003,congelado,294,0.85,0.7813638224710211,0.9613682098049621,0.8232926899517072,-1.616332842270934,1.017886868428534,-2.7437771201529317,0.7893222978053096,0.9708333333333334,0.3921887377227141,0.796498955734005,1.0,0.40700208853199005,0.7510494298924059,0.9199999999999999,0.41790114021518826,0.7893751249112548,0.9789473684210526,0.4001971185985429,0.8040105845372936,0.9625,0.3544788309254127,0.9989765468450453,1.0,0.002046906309909497,0.9664014917061496,879,452,1.2144776554075951,1.0996202522744394,0.2,1.1222222222222222,0.73,1.5372907153729072,20,16,1.2144776554075951,1.0996202522744394,0.2,1.1222222222222222,0.73,1.5372907153729072,20,16,0.03128441936210968
2,hebb_mordida,0.003,congelado,319,0.7,0.7398794495953234,0.7826763473671917,-0.06333918146511275,-1.6252723366927946,0.9921517714257349,-2.914864259405052,0.8486340742293057,0.7388245614035087,0.041556412944897404,0.8656751728952121,0.7876923076923077,0.05634196190188332,0.813144265756768,0.70640625,0.08011771848646385,0.8506249298318411,0.7257876712328767,0.0245378115691944,0.859895092792289,0.762962962962963,0.043172777378384854,0.9982511293636858,1.0,0.003497741272628338,0.9854787223987354,714,360,1.1200228963761973,1.138901168348304,0.17272727272727273,0.6333333333333333,0.44,1.4393939393939392,22,10,1.1200228963761973,1.138901168348304,0.17272727272727273,0.6333333333333333,0.44,1.4393939393939392,22,10,0.03170201545885901
3,hebb_mordida,0.003,congelado,285,0.9,0.7662823372808208,0.6891792015626588,0.9756963224403632,-0.5097074304922237,0.97149536043249,-3.0360079929647035,0.7110551519497804,0.9966666666666667,0.5745563627671059,0.7350480058166144,1.0,0.5299039883667711,0.7214793628294691,1.0,0.5570412743410617,0.6924319574078094,1.0,0.6151360851843812,0.6699121253913822,0.9894736842105264,0.649649433427762,0.9929438909128896,0.99081306804225,0.004925286216470827,0.9421058121412447,1051,531,1.0908755270482346,1.2478894006183325,0.2,0.9666666666666667,0.78,1.2393162393162394,15,12,1.0908755270482346,1.2478894006183325,0.2,0.9666666666666667,0.78,1.2393162393162394,15,12,0.03392272242855327
4,hebb_mordida,0.003,congelado,272,0.6,0.20791586665952894,0.6518844021785236,-0.6792034691161452,-1.084770548261258,0.9640309099807032,-2.627831643663542,0.542487947812164,0.5182866813515451,0.43331078572721715,0.5400389414822205,0.5361212121212121,0.45604332915677104,0.5276683181507819,0.5019820788530465,0.44664544255148275,0.5338972052164506,0.5219604269721427,0.45416601653924166,0.5650359785923109,0.533754543880907,0.4036825866962853,0.9881138389347607,0.9856485270049099,0.009420849135388506,0.9608046155581088,891,433,1.039273271923229,1.0302504298069564,0.15,0.8,0.66,1.2121212121212122,20,12,1.039273271923229,1.0302504298069564,0.15,0.8,0.66,1.2121212121212122,20,12,0.03723293228604911
5,hebb_mordida,0.003,congelado,349,0.45,-0.08824047739313187,0.7505985314551417,0.0,0.0,0.9393768146725103,-2.5883493905798165,0.4274334445335829,0.596152155524846,0.7412852664576802,0.4010764839360323,0.5799307456498424,0.7777777777777778,0.43877786056402757,0.6013652449375789,0.7238095238095238,0.4108493345312467,0.6016986690624935,0.78,0.44368710691823904,0.6007075471698113,0.7133333333333333,0.8075540460808861,0.9742857142857144,0.35917762212394216,0.830678117049138,1001,739,0.8973159770339348,1.027616229509311,0.1,0.9111111111111111,0.97,0.9392898052691867,16,15,0.8973159770339348,1.027616229509311,0.1,0.9111111111111111,0.97,0.9392898052691867,16,15,0.04200762173720145
6,hebb_mordida,0.003,congelado,249,0.65,0.19291365527235152,0.9526999686944213,-1.1767813133221627,-0.7765053301968328,0.9314574845652577,-2.99270629869522,0.5141417480346365,0.42925969942777975,0.40097620335850676,0.5036358719489173,0.4301366180946761,0.4228648741968414,0.5131720151245565,0.42949985257260803,0.403155822323495,0.533326626508606,0.4281038513596653,0.36145059834245336,0.5151458211214119,0.4581354807855479,0.4278438385427239,0.9983589252188095,1.0,0.003282149562380897,0.9764218727995412,808,310,1.1167816542107913,0.9800650996842895,0.18947368421052632,0.6111111111111112,0.32,1.9097222222222223,19,6,1.1167816542107913,0.9800650996842895,0.18947368421052632,0.6111111111111112,0.32,1.9097222222222223,19,6,0.027111027494904003
7,hebb_mordida,0.003,congelado,319,0.85,0.6744722408079968,0.8792346720076955,0.5212566459460586,-1.7824992041388086,0.9732939006184121,-2.853134248133939,0.8154919234279704,0.951048951048951,0.3200651041930102,0.8223100456571872,0.9818181818181818,0.33719809050380717,0.8307175432324634,0.9634920634920634,0.30205697702713663,0.82506721882701,0.9733333333333334,0.3231988956793134,0.7890966406148895,0.9261363636363636,0.34794308240658467,0.9950865122192167,0.9949999999999999,0.0048269755615663375,0.9741131772489193,733,360,1.0191496102395523,0.7935953650653902,0.16666666666666666,0.9666666666666667,0.67,1.4427860696517412,18,10,1.0191496102395523,0.7935953650653902,0.16666666666666666,0.9666666666666667,0.67,1.4427860696517412,18,10,0.028955260711849284
8,hebb_mordida,0.003,congelado,322,0.5,0.46922534523770926,0.5127841057440035,-2.4892733725576255,-4.428747713882512,0.9592800778909056,-2.4892733725576255,0.6001838702625902,0.24702699119380359,0.046659250668623226,0.6441812485105618,0.33607491532177725,0.0477124183006536,0.6372481800424353,0.3142280247784835,0.03973166469361294,0.5871758580353648,0.2352328909705959,0.06088117489986648,0.5653471357409714,0.17273972602739726,0.042045454545454546,0.9835071567697224,0.9823717948717949,0.015357481332350181,0.9497816190884097,713,333,0.9165383802484106,1.358780848094199,0.16249999999999998,0.7555555555555555,0.62,1.2186379928315412,16,11,0.9165383802484106,1.358780848094199,0.16249999999999998,0.7555555555555555,0.62,1.2186379928315412,16,11,0.034282776704018636
9,hebb_mordida,0.003,congelado,322,0.65,0.18456840484276685,0.9890969175286389,0.351897069079922,-0.21821373086242146,0.9432209424276119,-2.505464557422026,0.6107039490484245,0.7825151700718143,0.5611072719749652,0.6164352449546073,0.8014218009478673,0.5685513110386526,0.6245710669968778,0.7910520382127811,0.5419099042190254,0.6181251957296963,0.7810603048376408,0.5448099133782482,0.5862607477681511,0.7740175585284281,0.601496062992126,0.9019903669580769,0.9947368421052631,0.19075610818910926,0.8859656233818091,861,586,1.0232972142901933,1.0811527162932564,0.20000000000000004,0.9111111111111111,0.7,1.3015873015873016,15,11,1.0232972142901933,1.0811527162932564,0.20000000000000004,0.9111111111111111,0.7,1.3015873015873016,15,11,0.03127160474890811
10,hebb_mordida,0.003,congelado,260,0.7,0.6684417743895279,0.9116520363384797,0.7358144625919212,-2.31594625411699,1.0250212416467548,-2.668073391378903,0.7165382006620553,0.639517625231911,0.2064412239078004,0.7144228601901577,0.6412274292871308,0.2123817089068154,0.7166744136316505,0.6471633629528366,0.21381453568953565,0.7142356115582531,0.6396336996336996,0.2111624765171935,0.723132847452773,0.6420297848869276,0.1957640899813816,0.9933858350781516,1.0,0.013228329843696832,0.9270595243067925,763,274,0.9667271978862468,0.9900165256929595,0.21538461538461537,1.0,0.73,1.36986301369863,13,13,0.9667271978862468,0.9900165256929595,0.21538461538461537,1.0,0.73,1.36986301369863,13,13,0.025930998161450895
11,hebb_mordida,0.003,congelado,272,0.8,0.7453575493913526,0.8989845544753262,0.1661655591170026,-1.5964025626271237,0.947203884687028,-2.7279222936836764,0.8226939797065738,0.7232904595404595,0.07790250012731188,0.8337185166005782,0.7492480122617109,0.08181097906055461,0.8393221988326542,0.7487179487179487,0.0700735510526401,0.7927255093032533,0.6696969696969697,0.08424595109046329,0.8157283515742622,0.7326750652593349,0.10121836211081062,0.9957803483867866,1.0,0.008439303226426685,0.9721204364380917,791,317,1.0668237436305898,0.9715993151188149,0.1888888888888889,0.8222222222222222,0.61,1.3479052823315119,18,11,1.0668237436305898,0.9715993151188149,0.1888888888888889,0.8222222222222222,0.61,1.3479052823315119,18,11,0.030085038681048764
12,hebb_mordida,0.003,congelado,285,0.9,0.7819483324904993,0.9325541616809901,0.7848300199685649,-2.4682789638929457,0.7848300199685649,-2.7621380751398257,0.8461364155582408,0.990373783922171,0.2981009528056894,0.8435622887322675,0.9882352941176471,0.3011107166531121,0.8349063388442002,0.9875,0.31768732231159974,0.8579805371510176,0.99,0.2740389256979646,0.8363183229813664,1.0,0.327363354037267,0.9040482912224433,0.9955555555555555,0.18745897311066886,0.8417909137633677,1055,472,1.0330992649090556,0.9291430159496699,0.19999999999999996,0.9888888888888889,0.66,1.4983164983164983,17,13,1.0330992649090556,0.9291430159496699,0.19999999999999996,0.9888888888888889,0.66,1.4983164983164983,17,13,0.039823918085895846
13,hebb_mordida,0.003,congelado,258,0.3,0.025630804689417107,0.8987541841387245,-0.8815792427855369,-0.41429308586297364,0.8632893689083359,-2.394091048984824,0.34398483134410385,0.22139754730359235,0.5334278846153846,0.3536173390802939,0.23821819756515988,0.530983519404572,0.36383864459119664,0.2614560910257113,0.533778801843318,0.3223518853252577,0.1999320475282769,0.5552282768777614,0.35309825700615177,0.22984085213032582,0.5236443381180222,0.9671929671385282,0.9951219512195122,0.06073601694245571,0.9485545651933582,942,479,0.9437896092886816,1.1948088262969092,0.14444444444444446,0.6222222222222222,0.58,1.0727969348659006,18,8,0.9437896092886816,1.1948088262969092,0.14444444444444446,0.6222222222222222,0.58,1.0727969348659006,18,8,0.03470727139069511
14,hebb_mordida,0.003,congelado,293,0.85,0.8711931216844798,0.9809070500300177,0.9668483913605495,-2.6932211585728267,0.9589063137183292,-2.7913046789967684,0.9049363074586053,0.9720930232558139,0.1622204083386033,0.9129805485196676,0.9777777777777779,0.15181668073844262,0.9082948782461124,0.9833333333333332,0.16674357684110824,0.8728445989331852,0.9333333333333332,0.18764413546696287,0.9208977507047833,1.0,0.15820449859043353,0.8940626236838318,0.9640000000000001,0.1758747526323365,0.8695628724520267,906,348,1.079652271488544,1.0287513440736746,0.18571428571428575,1.5888888888888888,1.2,1.324074074074074,14,19,1.079652271488544,1.0287513440736746,0.18571428571428575,1.5888888888888888,1.2,1.324074074074074,14,19,0.025258958528224715
15,hebb_mordida,0.003,congelado,298,0.55,0.20973730357450626,0.6662162589236854,-0.008969606900320948,-1.3516675938769658,0.9130035589098769,-2.5845972561342645,0.6525440012240845,0.741965811965812,0.436877809517643,0.6682751755745885,0.7636363636363637,0.42708601248718664,0.6454293951662373,0.7289473684210527,0.4380885780885781,0.6443178338001867,0.7419467787114845,0.4533111111111111,0.6437538599057371,0.7283333333333333,0.4408256135218592,0.9930774712990879,1.0,0.013845057401824307,0.9176521345313018,886,465,1.1136134319662545,1.1033033169197988,0.14117647058823532,0.7444444444444445,0.68,1.0947712418300652,17,10,1.1136134319662545,1.1033033169197988,0.14117647058823532,0.7444444444444445,0.68,1.0947712418300652,17,10,0.03343599148165617
16,hebb_mordida,0.003,congelado,294,1.0,0.9662898000048995,0.993799796947073,0.800183262582167,-3.196615264966417,0.9969693569351323,-3.5156299623256606,0.9879248459022093,0.9935483870967742,0.01769869529235552,0.988,1.0,0.024,0.9802554961378491,0.9818181818181818,0.021307189542483663,0.9894159379640324,1.0,0.021168124071935322,0.9961206896551724,1.0,0.007758620689655172,0.9970619572232475,1.0,0.005876085553504908,0.9945351094760326,596,120,1.2813802980893476,0.8493221450072544,0.3375,1.3222222222222222,0.16,8.26388888888889,16,9,1.2813802980893476,0.8493221450072544,0.3375,1.3222222222222222,0.16,8.26388888888889,16,9,0.025690847701243483
17,hebb_mordida,0.003,congelado,291,0.6,0.631990183267198,0.5530653745291845,-0.6107518774619285,-2.5376745709917814,0.9666935450202376,-2.802969140856255,0.7012099796818071,0.45281204478119175,0.05039208541757758,0.7269703785087507,0.4971239652735716,0.043183208256070214,0.7179155185623644,0.47536523848177986,0.039534201357051164,0.6787999226719761,0.4540689203955267,0.0964690750515747,0.6778279816968897,0.41834640753508323,0.06269044414130373,0.9985253993996768,1.0,0.0029492012006464173,0.9790767673801898,765,336,1.1258267954447703,0.9965753950292898,0.16470588235294117,0.6666666666666666,0.53,1.2578616352201257,17,8,1.1258267954447703,0.9965753950292898,0.16470588235294117,0.6666666666666666,0.53,1.2578616352201257,17,8,0.03001565880980037
18,hebb_mordida,0.003,congelado,262,0.55,0.46706877098357913,0.8243378942849585,-0.8159099126267504,-1.8159133317228582,0.9217501856220688,-2.361791355239867,0.6141744019438233,0.5417892963637068,0.31344049247606015,0.6208722375185789,0.5313786213786214,0.28963414634146345,0.6271051572167132,0.5742639206712432,0.32005360623781676,0.6055202388192182,0.5241517462422636,0.31311126860382704,0.621034965034965,0.5663776223776223,0.3243076923076923,0.9715230901648748,0.996078431372549,0.05303225104279945,0.9470686154693535,938,456,1.1191606353515575,1.174849094702753,0.17333333333333337,0.8777777777777778,0.77,1.1399711399711399,15,10,1.1191606353515575,1.174849094702753,0.17333333333333337,0.8777777777777778,0.77,1.1399711399711399,15,10,0.03143131648102664
19,hebb_mordida,0.003,congelado,283,0.6,0.3013636455350567,0.9322121980888218,0.04596147871652856,0.0,0.9379137796621753,-2.659173276525565,0.592934646085241,0.9369038339526874,0.7510345417822053,0.5805021363609599,0.914987714987715,0.7539834422657952,0.5825296218554645,0.9423280423280422,0.7772687986171132,0.6145472927257158,0.9482683982683981,0.7191738128169665,0.578600754084625,0.9504761904761905,0.7932746823069404,0.8979227739317253,0.9784981226533166,0.18265257478986596,0.8642528746782909,1323,708,0.9711841441525105,1.0780064199302115,0.10666666666666667,1.1333333333333333,1.16,0.9770114942528736,15,18,0.9711841441525105,1.0780064199302115,0.10666666666666667,1.1333333333333333,1.16,0.9770114942528736,15,18,0.036906413861285986
20,hebb_mordida,0.003,congelado,301,0.8,0.7458450115868437,0.9155303322259167,0.37407272734674346,-2.6102659052290575,1.0072069646925494,-3.223915234395788,0.8342299241983149,0.8795959595959596,0.21113611119933,0.8261248828387703,0.8676470588235293,0.21539729314598874,0.8109716107136306,0.8375,0.21555677857273894,0.853434572918681,0.9142857142857143,0.2074165684483523,0.8969313226818015,1.0,0.20613735463639693,0.9920050169253232,0.9867368421052631,0.0027268082546169593,0.9862272080120184,675,219,1.0423288358369214,1.0029539763804949,0.1888888888888889,0.8555555555555555,0.48,1.7824074074074074,18,10,1.0423288358369214,1.0029539763804949,0.1888888888888889,0.8555555555555555,0.48,1.7824074074074074,18,10,0.03481251949806189
1,hebb_mordida,0.003,aprende,311,0.85,0.7813638224710211,0.9613682098049621,0.8232926899517072,-1.616332842270934,1.017886868428534,-2.7437771201529317,0.98326671780198,1.0,0.03346656439604,0.9326319796273598,1.0,0.1347360407452805,0.9803509626853588,1.0,0.0392980746292824,0.9916607889796131,1.0,0.016678422040773806,0.9734135338345864,1.0,0.05317293233082707,0.9960233264375304,0.9952380952380953,0.0031914423630344767,0.9664014917061496,857,331,1.254885895088262,1.1235206598270404,0.2,1.1222222222222222,0.73,1.5372907153729072,20,16,1.2144776554075951,1.0996202522744394,0.2,1.1222222222222222,0.73,1.5372907153729072,20,16,0.03761359374387693
2,hebb_mordida,0.003,aprende,289,0.7,0.7398794495953234,0.7826763473671917,-0.06333918146511275,-1.6252723366927946,0.9921517714257349,-2.914864259405052,0.8959679091070638,0.804398516163222,0.012462697949094308,0.8917009836771834,0.8055045871559633,0.0221026198015964,0.846817823400192,0.8008130081300813,0.1071773613296974,0.9002537518346578,0.8083333333333333,0.007825829664017712,0.8962068836368333,0.8096,0.017186232726333465,0.9980770447512888,1.0,0.00384591049742253,0.9854787223987354,735,271,1.142479053355148,1.1721488806478675,0.17272727272727273,0.6333333333333333,0.44,1.4393939393939392,22,10,1.1200228963761973,1.138901168348304,0.17272727272727273,0.6333333333333333,0.44,1.4393939393939392,22,10,0.042236804902275875
3,hebb_mordida,0.003,aprende,282,0.9,0.7662823372808208,0.6891792015626588,0.9756963224403632,-0.5097074304922237,0.97149536043249,-3.0360079929647035,0.9823827331089634,0.9947368421052631,0.029971375887336303,0.8783711783493333,1.0,0.2432576433013335,0.9783302918346022,0.9875,0.030839416330795642,0.9826296344029999,1.0,0.034740731194000174,0.9922121068876402,1.0,0.01557578622471951,0.9981810490693739,1.0,0.003637901861252115,0.9421058121412447,820,314,1.1440141182270571,1.275759036309255,0.22666666666666668,0.9222222222222223,0.67,1.3764510779436152,15,11,1.0908755270482346,1.2478894006183325,0.2,0.9666666666666667,0.78,1.2393162393162394,15,12,0.038560773289006825
4,hebb_mordida,0.003,aprende,277,0.6,0.20791586665952894,0.6518844021785236,-0.6792034691161452,-1.084770548261258,0.9640309099807032,-2.627831643663542,0.7985401558657013,0.6328373452398413,0.03575703350843888,0.7219587753338143,0.5790634977520036,0.1351459470843751,0.8136676850345772,0.6695243028576362,0.042188932788481834,0.8599486394404301,0.763429571303587,0.0435322924227269,0.8833589233808348,0.9046783625730995,0.13796051581142982,0.9682365514430011,0.9608695652173914,0.02439646233138906,0.9608046155581088,940,454,1.0590675773760698,1.0438415112990203,0.13999999999999999,0.8222222222222222,0.72,1.1419753086419753,20,12,1.039273271923229,1.0302504298069564,0.15,0.8,0.66,1.2121212121212122,20,12,0.04591646315869496
5,hebb_mordida,0.003,aprende,325,0.45,-0.08824047739313187,0.7505985314551417,0.0,0.0,0.9393768146725103,-2.5883493905798165,0.6624357951587461,0.583071870552623,0.2582002802351308,0.5550430578123191,0.6027217745393669,0.49263565891472877,0.6473796906239012,0.6000848238982114,0.30532544265040895,0.7650446960207085,0.7734920634920635,0.24340267145064662,0.7776104432815736,0.7925424672793093,0.23732158071616216,0.7090663634783811,0.7780303030303031,0.35989757607354067,0.830678117049138,1165,785,0.906232420594694,1.0701059975825349,0.1125,0.7555555555555555,0.81,0.9327846364883401,16,12,0.8973159770339348,1.027616229509311,0.1,0.9111111111111111,0.97,0.9392898052691867,16,15,0.05383191326832613
6,hebb_mordida,0.003,aprende,276,0.65,0.19291365527235152,0.9526999686944213,-1.1767813133221627,-0.7765053301968328,0.9314574845652577,-2.99270629869522,0.8869795450427407,0.7989037663456268,0.024944676260145293,0.7631209781209781,0.6835135135135135,0.15727155727155728,0.8790956433293418,0.8333333333333333,0.07514204667464978,0.9634160401002507,0.9503759398496241,0.023543859649122804,0.9948999018381169,1.0,0.010200196323766116,0.9962961323223867,1.0,0.007407735355226519,0.9764218727995412,845,281,1.1384777015115792,1.0179450608342457,0.18947368421052632,0.6111111111111112,0.32,1.9097222222222223,19,6,1.1167816542107913,0.9800650996842895,0.18947368421052632,0.6111111111111112,0.32,1.9097222222222223,19,6,0.03924093307166621
7,hebb_mordida,0.003,aprende,320,0.85,0.6744722408079968,0.8792346720076955,0.5212566459460586,-1.7824992041388086,0.9732939006184121,-2.853134248133939,0.9844153290602884,0.9864055299539171,0.017574871833340215,0.8724704651250991,0.975,0.23005906974980186,0.9598218402907539,1.0,0.08035631941849233,0.9869246402067627,1.0,0.026150719586474552,0.9845865593880803,0.9800000000000001,0.010826881223839662,0.9961967357375463,0.9957446808510639,0.0033512093759713603,0.9741131772489193,760,330,1.0691527472056268,0.8328212901761556,0.17777777777777778,0.9666666666666667,0.65,1.4871794871794872,18,10,1.0191496102395523,0.7935953650653902,0.16666666666666666,0.9666666666666667,0.67,1.4427860696517412,18,10,0.040548966049666985
8,hebb_mordida,0.003,aprende,279,0.5,0.46922534523770926,0.5127841057440035,-2.4892733725576255,-4.428747713882512,0.9592800778909056,-2.4892733725576255,0.6749589983242555,0.36041469358064376,0.010496696932132602,0.6340009472561219,0.2941557406660899,0.026153846153846156,0.7110409881078482,0.43145783335438515,0.009375857138688687,0.8829506626042039,0.7704545454545455,0.004553220246137687,0.8888897236670275,0.7916363636363637,0.013856916302308902,0.9813555552440466,0.9945945945945945,0.031883484106501304,0.9497816190884097,836,349,0.9154383295313788,1.3847590382109731,0.175,0.7777777777777778,0.6,1.2962962962962963,16,11,0.9165383802484106,1.358780848094199,0.16249999999999998,0.7555555555555555,0.62,1.2186379928315412,16,11,0.04472859667706047
9,hebb_mordida,0.003,aprende,306,0.65,0.18456840484276685,0.9890969175286389,0.351897069079922,-0.21821373086242146,0.9432209424276119,-2.505464557422026,0.7665442663899817,0.7410537618353329,0.20796522905536935,0.7528542124493534,0.7196223316912971,0.2139139067925905,0.7499837091492374,0.7312941176470589,0.23132669934858413,0.7860965758634477,0.8032718894009216,0.23107873767402634,0.8119950952756417,0.9431372549019608,0.3191470643506773,0.8599903286741493,0.9083228564244404,0.18834219907614197,0.8859656233818091,1082,662,0.9738482783755543,1.0768328989417466,0.20000000000000004,0.9111111111111111,0.7,1.3015873015873016,15,11,1.0232972142901933,1.0811527162932564,0.20000000000000004,0.9111111111111111,0.7,1.3015873015873016,15,11,0.04610786402804946
10,hebb_mordida,0.003,aprende,294,0.7,0.6684417743895279,0.9116520363384797,0.7358144625919212,-2.31594625411699,1.0250212416467548,-2.668073391378903,0.8774814944385896,0.7704697884042473,0.01550679952706798,0.8214850068266217,0.7177470355731226,0.07477702191987906,0.8793264738690736,0.7892307692307693,0.030577821492622247,0.8964616678570585,0.8002496878901372,0.00732635217602014,0.9117759868848201,0.8333333333333333,0.009781359563693026,0.9906708733117298,1.0,0.01865825337654061,0.9270595243067925,785,309,1.0211419886284252,1.046037908906215,0.23076923076923078,0.9777777777777777,0.66,1.4814814814814814,13,12,0.9667271978862468,0.9900165256929595,0.21538461538461537,1.0,0.73,1.36986301369863,13,13,0.034490686944151805
11,hebb_mordida,0.003,aprende,287,0.8,0.7453575493913526,0.8989845544753262,0.1661655591170026,-1.5964025626271237,0.947203884687028,-2.7279222936836764,0.9412404099636514,0.8979388770433546,0.015458057116051744,0.8936805463915438,0.8286486486486486,0.041287555865560974,0.966617087402892,0.9523809523809523,0.019146777575168306,0.9791701584877763,0.9777777777777779,0.01943746080222507,0.9958362509874445,1.0,0.008327498025110756,0.9966292379865807,1.0,0.006741524026838616,0.9721204364380917,743,302,1.0925617225729878,1.0144705651853874,0.18888888888888888,0.7888888888888889,0.55,1.4343434343434343,18,10,1.0668237436305898,0.9715993151188149,0.1888888888888889,0.8222222222222222,0.61,1.3479052823315119,18,11,0.04253991577404661
12,hebb_mordida,0.003,aprende,297,0.9,0.7819483324904993,0.9325541616809901,0.7848300199685649,-2.4682789638929457,0.7848300199685649,-2.7621380751398257,0.9744346758105191,0.9956521739130434,0.046782822292005304,0.8990646066105149,0.9833333333333332,0.1852041201123033,0.9818205918071148,1.0,0.03635881638577056,0.9704545454545455,1.0,0.0590909090909091,0.9917252478613234,1.0,0.016549504277353203,0.9585366917531105,0.9577777777777777,0.04070439427155675,0.8417909137633677,919,369,1.110735182621247,0.9754173661773289,0.23529411764705882,0.9444444444444444,0.47,2.0094562647754137,17,11,1.0330992649090556,0.9291430159496699,0.19999999999999996,0.9888888888888889,0.66,1.4983164983164983,17,13,0.04823024135304241
13,hebb_mordida,0.003,aprende,296,0.3,0.025630804689417107,0.8987541841387245,-0.8815792427855369,-0.41429308586297364,0.8632893689083359,-2.394091048984824,0.8762142144175398,0.8626569305184961,0.11022850168341666,0.5355714285714286,0.6253636363636363,0.5542207792207792,0.8993132120391767,0.9764705882352942,0.1778441641569408,0.9401219720103208,0.9818181818181818,0.10157423779754024,0.9014884459901055,1.0,0.197023108019789,0.7885416314359518,0.8034688995215312,0.2263856366496276,0.9485545651933582,957,489,0.9062804302498565,1.1964666557779016,0.14444444444444446,0.5555555555555556,0.54,1.02880658436214,18,7,0.9437896092886816,1.1948088262969092,0.14444444444444446,0.6222222222222222,0.58,1.0727969348659006,18,8,0.04957092113432468
14,hebb_mordida,0.003,aprende,288,0.85,0.8711931216844798,0.9809070500300177,0.9668483913605495,-2.6932211585728267,0.9589063137183292,-2.7913046789967684,0.9851414470824722,0.9880357142857144,0.017752820120769935,0.9832405609920836,0.9866666666666667,0.02018554468249964,0.9877564641996741,1.0,0.024487071600651816,0.9893437660336801,1.0,0.021312467932639606,0.9791213578885578,0.9714285714285713,0.013185855651455702,0.9707768089196882,0.9787234042553191,0.03716978641594254,0.8695628724520267,844,312,1.1422933663650219,1.0721667314770464,0.19999999999999998,1.2444444444444445,0.67,1.857379767827529,17,13,1.079652271488544,1.0287513440736746,0.18571428571428575,1.5888888888888888,1.2,1.324074074074074,14,19,0.035937156244740004
15,hebb_mordida,0.003,aprende,283,0.55,0.20973730357450626,0.6662162589236854,-0.008969606900320948,-1.3516675938769658,0.9130035589098769,-2.5845972561342645,0.7933226944617465,0.7167396996695529,0.13009431074605984,0.6784176987406916,0.6633779283890477,0.3065425309076647,0.7176182583940154,0.7855606758832565,0.3503241590952258,0.8212871132076639,0.8206185567010309,0.17804433028570313,0.82440161118823,0.8613756613756614,0.2125724389992015,0.8913254472449393,0.8445761967501098,0.06192530226023102,0.9176521345313018,1027,611,1.0725602290201506,1.1204521260472353,0.12941176470588237,0.7444444444444445,0.69,1.0789049919484703,17,10,1.1136134319662545,1.1033033169197988,0.14117647058823532,0.7444444444444445,0.68,1.0947712418300652,17,10,0.05060223320772661
16,hebb_mordida,0.003,aprende,283,1.0,0.9662898000048995,0.993799796947073,0.800183262582167,-3.196615264966417,0.9969693569351323,-3.5156299623256606,0.9968693679312939,0.9945945945945945,0.0008558587320068745,0.9916677956304586,0.9846153846153847,0.0012797933544675354,0.9995334370139969,1.0,0.0009331259720062209,0.9993103448275862,1.0,0.001379310344827586,0.9998046875,1.0,0.000390625,0.9989993892928474,1.0,0.002001221414305264,0.9945351094760326,699,108,1.3469389010978716,0.8866873851640548,0.36250000000000004,1.4222222222222223,0.06,23.703703703703706,16,9,1.2813802980893476,0.8493221450072544,0.3375,1.3222222222222222,0.16,8.26388888888889,16,9,0.033756727544973525
17,hebb_mordida,0.003,aprende,298,0.6,0.631990183267198,0.5530653745291845,-0.6107518774619285,-2.5376745709917814,0.9666935450202376,-2.802969140856255,0.8752685058679928,0.7733821733821734,0.022845161646187995,0.809582515304698,0.6486297760210803,0.029464745411684277,0.9745006688752063,0.9714285714285715,0.02242723367815892,0.989915482135997,1.0,0.020169035728006147,0.9897726190490788,1.0,0.02045476190184232,0.9937607955894178,0.9949999999999999,0.007478408821164387,0.9790767673801898,769,292,1.1530989517797416,1.0322476149935993,0.1764705882352941,0.6666666666666666,0.48,1.3888888888888888,17,7,1.1258267954447703,0.9965753950292898,0.16470588235294117,0.6666666666666666,0.53,1.2578616352201257,17,8,0.040948184500195696
18,hebb_mordida,0.003,aprende,313,0.55,0.46706877098357913,0.8243378942849585,-0.8159099126267504,-1.8159133317228582,0.9217501856220688,-2.361791355239867,0.7588904090368447,0.8010830307889872,0.28330221271529776,0.6558970767794298,0.667349709114415,0.3555555555555555,0.8028682123604216,0.9384615384615385,0.3327251137406953,0.8649596610342162,0.9593181818181818,0.22939885974974947,0.8369930518662914,1.0,0.3260138962674174,0.8645707322981547,0.9021197297926857,0.17297826519637632,0.9470686154693535,1007,543,1.1057895913728142,1.2186498109295345,0.17333333333333337,0.8888888888888888,0.78,1.1396011396011394,15,10,1.1191606353515575,1.174849094702753,0.17333333333333337,0.8777777777777778,0.77,1.1399711399711399,15,10,0.04421994157105402
19,hebb_mordida,0.003,aprende,286,0.6,0.3013636455350567,0.9322121980888218,0.04596147871652856,0.0,0.9379137796621753,-2.659173276525565,0.7759581044400887,0.7937389770723103,0.24182276819213294,0.6883852881236797,0.7224242424242424,0.345653666176883,0.7522405781229153,0.8009278350515464,0.2964466788057159,0.8410098510831399,0.8914956011730204,0.20947589900674082,0.8442560870907299,0.9520202020202021,0.2635080278387423,0.8809989468674565,0.9350032502708558,0.17300535653594282,0.8642528746782909,1096,599,0.9775447984725789,1.0910141088958358,0.10666666666666667,1.1333333333333333,1.16,0.9770114942528736,15,18,0.9711841441525105,1.0780064199302115,0.10666666666666667,1.1333333333333333,1.16,0.9770114942528736,15,18,0.04971907899055956
20,hebb_mordida,0.003,aprende,285,0.8,0.7458450115868437,0.9155303322259167,0.37407272734674346,-2.6102659052290575,1.0072069646925494,-3.223915234395788,0.9655921242752696,0.9480156472261735,0.016831398675634372,0.9142996908828224,0.9166666666666667,0.088067284901022,0.9753969893122363,0.9636363636363636,0.012842385011890983,0.979502587453248,0.9818181818181818,0.022813006911685734,0.989900913763539,0.9875,0.007698172472922193,0.9912473325607762,0.9866666666666667,0.0041720015451143485,0.9862272080120184,772,236,1.0593619048133491,1.0697374734356964,0.16842105263157894,0.7888888888888889,0.45,1.7530864197530862,19,9,1.0423288358369214,1.0029539763804949,0.1888888888888889,0.8555555555555555,0.48,1.7824074074074074,18,10,0.04991236621064454
1,hebb_mordida,0.01,congelado,273,0.8,0.6666116370286685,0.9829715482730145,0.5097707214937787,-1.757741905819262,1.0195414429875573,-2.7989658273875566,0.8008330612383293,0.8445594047895838,0.24289328231292515,0.8083701046278691,0.8692307692307694,0.25249055997503106,0.7979642948247893,0.8330605564648117,0.23713196681523324,0.8006391669005757,0.8489795918367348,0.24770125803558324,0.7948487303947749,0.8319444444444443,0.24224698365489447,0.9947592069510602,0.9952380952380953,0.0057196813359747965,0.9695219132549788,955,401,1.2269489407917293,1.1228263724672805,0.21000000000000005,0.9555555555555556,0.55,1.7373737373737372,20,13,1.2269489407917293,1.1228263724672805,0.21000000000000005,0.9555555555555556,0.55,1.7373737373737372,20,13,0.07096165438548689
2,hebb_mordida,0.01,congelado,303,0.8,0.8376759616786924,0.6456694962037054,0.024235465477774776,-1.580516791690676,0.9900762137509184,-2.9581760153234837,0.908198328285138,0.8976418536763363,0.08124519710606024,0.9150161642615593,0.9080808080808082,0.07804847955768951,0.8506067174011146,0.8690909090909091,0.16787747428867994,0.9428574138479654,0.9714285714285715,0.08571374373264071,0.9341917922964118,0.9416666666666668,0.07328308207384318,0.9950343400941184,0.99375,0.003681319811763136,0.9880768886938498,740,303,1.120668124570383,1.1696878478388335,0.2095238095238095,0.7,0.35,2.0,21,9,1.120668124570383,1.1696878478388335,0.2095238095238095,0.7,0.35,2.0,21,9,0.07548362341679206
3,hebb_mordida,0.01,congelado,336,1.0,0.8053218336326925,0.9576862784072427,0.9044192530508068,-0.8030605601087435,0.9493680758724765,-3.1319773425322435,0.8287884670202493,0.9942857142857143,0.33670878024521567,0.8802577234674143,1.0,0.23948455306517138,0.7625764890024276,0.9800000000000001,0.4548470219951451,0.7664338561874801,1.0,0.46713228762503994,0.8353535353535353,1.0,0.3292929292929293,0.9991062393816355,1.0,0.0017875212367291094,0.9145739982999861,859,409,1.0872039316391322,1.3032614461494323,0.21052631578947367,0.8888888888888888,0.46,1.9323671497584538,19,10,1.0872039316391322,1.3032614461494323,0.21052631578947367,0.8888888888888888,0.46,1.9323671497584538,19,10,0.07951685552736568
4,hebb_mordida,0.01,congelado,319,0.6,0.4684450766452226,0.801655686456346,-0.134422317412821,-1.7024751809810905,0.785418274772399,-2.784075163331,0.6407574264495862,0.5711204488049793,0.2896055959058068,0.7025876481229854,0.6966228332337119,0.29144753698774123,0.6507023656656379,0.5641896276742012,0.26278489634292546,0.6457974723925355,0.6511111111111111,0.3595161663260402,0.6569893236174731,0.6094675067951568,0.29548885956021076,0.9737020063534219,0.975139353400223,0.02773534069337909,0.9125252394617536,842,520,1.0454856387167673,1.0625804503138343,0.1619047619047619,0.6444444444444445,0.53,1.2159329140461217,21,9,1.0454856387167673,1.0625804503138343,0.1619047619047619,0.6444444444444445,0.53,1.2159329140461217,21,9,0.08086573882985541
5,hebb_mordida,0.01,congelado,360,0.75,0.6644382555360497,0.5738915361188751,0.0,-1.3457269679238344,0.9900158619527111,-1.1244356212048938,0.8079782402105673,0.6581621992339183,0.04220571881278366,0.8068739092606385,0.6612667224080268,0.04751890388674987,0.8188745001306628,0.678235294117647,0.04048629385632162,0.8157465188733217,0.6651631950139413,0.033670157267297836,0.8003459404104937,0.6700104493207941,0.06931856849980673,0.8673873423139264,0.9608286252354048,0.22605394060755177,0.8038749322395556,1152,898,0.8136153263001059,1.0352668622963155,0.1368421052631579,0.7555555555555555,0.68,1.111111111111111,19,11,0.8136153263001059,1.0352668622963155,0.1368421052631579,0.7555555555555555,0.68,1.111111111111111,19,11,0.08913154148136404
6,hebb_mordida,0.01,congelado,256,0.75,0.48505829863350675,0.9506705124126669,0.1772868315690047,-0.6955170520262111,0.9297377203809101,-2.950164390113912,0.6234748296133372,0.6832097563321191,0.4362600971054446,0.6427173478288354,0.6788942052099947,0.39345950955232395,0.6283739804692373,0.7021021021021021,0.4453541411636275,0.6373372826004404,0.673939393939394,0.399264828738513,0.6161593886859655,0.7344117647058823,0.5020929873339511,0.9962543162642303,0.9945945945945945,0.00208596206613391,0.9888216215963339,783,259,1.1482078428706253,0.9993377446194854,0.20000000000000004,0.7,0.31,2.258064516129032,19,6,1.1482078428706253,0.9993377446194854,0.20000000000000004,0.7,0.31,2.258064516129032,19,6,0.05898836638598901
7,hebb_mordida,0.01,congelado,298,0.9,0.6749158043643989,0.9408376679542069,0.5276609669634629,-2.6747615905226834,0.9881717431742173,-2.860218978660196,0.8352758079110456,0.9682110682110683,0.2976594523889772,0.8073827527502441,0.96,0.34523449449951177,0.8277288188002474,0.9568181818181818,0.3013605442176871,0.8677484458666986,1.0,0.2645031082666027,0.815429056924384,0.96,0.32914188615123197,0.9980350278794349,1.0,0.003929944241130206,0.9765400096175921,755,291,1.0916621522410097,0.9012247338449592,0.2,0.9777777777777777,0.38,2.573099415204678,21,9,1.0916621522410097,0.9012247338449592,0.2,0.9777777777777777,0.38,2.573099415204678,21,9,0.06694438562318683
8,hebb_mordida,0.01,congelado,355,0.55,0.6294435100521324,0.7049484584961015,-0.9235625354579285,-4.463020118690949,0.9821020983642914,-2.666599585976937,0.714641295988993,0.43378666266060817,0.0045040706826221626,0.7189009818003763,0.4477156177156177,0.009913654114865108,0.6570494856000569,0.3206567054049068,0.006557734204793028,0.7971816141207523,0.6020602031916649,0.007696974950160354,0.7497708776023659,0.5014814814814814,0.0019397262767494512,0.9955570437737993,1.0,0.008885912452401466,0.9604242022317422,619,355,0.8651420049962268,1.3283022465263352,0.17647058823529413,0.7111111111111111,0.53,1.3417190775681342,17,10,0.8651420049962268,1.3283022465263352,0.17647058823529413,0.7111111111111111,0.53,1.3417190775681342,17,10,0.07936955379222695
9,hebb_mordida,0.01,congelado,251,0.55,0.474218963061003,0.9791930924574972,0.0,0.0,0.9562782500648748,-2.674712688820214,0.6701006761908604,0.9004747793116172,0.5602734269298963,0.686511826633853,0.9464335664335666,0.5734099131658607,0.6353450803262705,0.8435286935286935,0.5728385328761526,0.6822957296746079,0.9244444444444444,0.5598529850952284,0.6837439583702407,0.9192307692307692,0.5517428524902878,0.9864843603939408,0.9764705882352942,0.003501867447412517,0.9177292076361423,877,381,1.0203987727654575,1.1454741466029796,0.21250000000000002,0.9666666666666667,0.6,1.6111111111111112,16,11,1.0203987727654575,1.1454741466029796,0.21250000000000002,0.9666666666666667,0.6,1.6111111111111112,16,11,0.06030289200698315
10,hebb_mordida,0.01,congelado,276,0.7,0.5599094594793398,0.8670240258934653,0.21351349699005745,-1.9648293996551642,0.9799944841525972,-4.932317741296616,0.7163952562142604,0.6410596820269001,0.20826916959837952,0.7279891621880056,0.6601503759398496,0.20417205156383847,0.6999163348813354,0.6159448394742513,0.21611216971158043,0.7265562839126289,0.6425963488843813,0.18948378105912353,0.7334252265953964,0.6830917874396135,0.21624133424882058,0.9937354518860889,0.9924528301886791,0.004981926416501308,0.9445263480600581,818,279,1.059327818179137,1.1006381347483933,0.2153846153846154,1.1,0.84,1.3095238095238098,13,14,1.059327818179137,1.1006381347483933,0.2153846153846154,1.1,0.84,1.3095238095238098,13,14,0.0632580628139253
11,hebb_mordida,0.01,congelado,300,0.8,0.7679956590692111,0.9725740823320325,0.08175502418554403,-2.6417669053276933,0.8815974775096102,-2.7606673914361624,0.8476281089112694,0.7574959507612569,0.06223973293871813,0.8089964268535697,0.7018518518518518,0.08385899814471243,0.8546251964361123,0.791470588235294,0.08222019536306932,0.8412536863436413,0.7622015915119363,0.0796942188246536,0.8691776585197639,0.7820512820512822,0.04369596501175448,0.9970824748258864,1.0,0.005835050348227266,0.974411311103447,766,294,1.0884627965408014,1.0321466968722517,0.20000000000000004,0.7777777777777778,0.46,1.6908212560386473,19,10,1.0884627965408014,1.0321466968722517,0.20000000000000004,0.7777777777777778,0.46,1.6908212560386473,19,10,0.07065333203690612
12,hebb_mordida,0.01,congelado,322,0.85,0.8112893838308742,0.900391473485114,0.7969684013356926,-2.2451992375928436,0.8760816558202879,-2.875491579489582,0.8800161129585559,0.9646153846153848,0.20458315869827307,0.8973049149556118,1.0,0.20539017008877636,0.8710088276511396,0.9635627530364372,0.22154509773415804,0.8727804195368735,0.9532467532467532,0.2076859141730063,0.8788900327582112,0.9418181818181818,0.18403811630175945,0.896309018521426,0.9800000000000001,0.18738196295714832,0.9320826308849328,893,444,1.0459466527604433,0.9775255914613924,0.2235294117647059,0.8777777777777778,0.47,1.867612293144208,17,9,1.0459466527604433,0.9775255914613924,0.2235294117647059,0.8777777777777778,0.47,1.867612293144208,17,9,0.08353818010210193
13,hebb_mordida,0.01,congelado,251,0.5,0.40257372271538266,0.6911462869233391,-0.4555625695235621,-0.8670178224520212,0.8338974824139924,-2.3838200962482268,0.5789609352574968,0.5229129828273591,0.36499111231236553,0.538421702480526,0.5020750360750361,0.42523163111398404,0.603814375093038,0.5543499511241446,0.3467212009380684,0.5505428399848211,0.4951753344856793,0.39408965451603695,0.6046236098310708,0.5734364216701173,0.3641892020079757,0.9772804611186736,0.9963636363636365,0.041802714126289074,0.9523106851848473,1065,483,0.9268490016607077,1.2426587927164723,0.15789473684210528,0.5777777777777777,0.47,1.2293144208037825,19,7,0.9268490016607077,1.2426587927164723,0.15789473684210528,0.5777777777777777,0.47,1.2293144208037825,19,7,0.07967808432234383
14,hebb_mordida,0.01,congelado,333,0.75,0.804018872916308,0.8937422593511446,0.0,-2.58573115975211,0.9550737629738124,-2.7959259002669095,0.8209647952672342,0.7744588744588745,0.13252928392440608,0.8514633300853796,0.8200000000000001,0.11707333982924109,0.823162734423236,0.8210526315789475,0.1747271627324756,0.7737263441293756,0.7007909604519773,0.15333827219322607,0.8560756153221911,0.8266666666666668,0.1145154360222845,0.9972728771586188,1.0,0.005454245682762468,0.9536850519522975,714,356,1.0864676009065468,1.0865988548744316,0.19000000000000003,1.0555555555555556,0.49,2.1541950113378685,20,13,1.0864676009065468,1.0865988548744316,0.19000000000000003,1.0555555555555556,0.49,2.1541950113378685,20,13,0.06761559689221897
15,hebb_mordida,0.01,congelado,265,0.45,0.09858735531155163,0.6287826097476817,-1.3047571790594918,-1.3450194620418114,0.9122181766227591,-2.6083921292656678,0.48837909922889755,0.4202564809410541,0.44349828248325907,0.5023374325446244,0.45559153175591527,0.45091666666666663,0.4855515403624338,0.40229617723614297,0.43119309651127535,0.48195326644054126,0.423329109661422,0.4594225767803395,0.4717907745981753,0.39800143869911314,0.4544198895027624,0.9960781185179584,1.0,0.007843762964083253,0.9176521345313018,847,450,1.073139383367326,1.1655038216092133,0.11578947368421054,0.7444444444444445,0.71,1.0485133020344288,19,10,1.073139383367326,1.1655038216092133,0.11578947368421054,0.7444444444444445,0.71,1.0485133020344288,19,10,0.07587200887669919
16,hebb_mordida,0.01,congelado,275,1.0,0.993061426783053,0.9933329906544152,0.8441181902710098,-3.4743439273307093,0.9980473505933622,-3.4342598671792968,0.9934790306568484,0.9876660341555977,0.0007079728419010669,0.9778200821201941,0.96,0.004359835759611795,1.0,1.0,0.0,0.9913170163170162,0.9833333333333332,0.0006993006993006993,1.0,1.0,0.0,0.9990879874350802,1.0,0.001824025129839705,0.9887580649601464,665,93,1.2881787335980552,0.8959045132870492,0.35,1.4111111111111112,0.12,11.759259259259261,16,9,1.2881787335980552,0.8959045132870492,0.35,1.4111111111111112,0.12,11.759259259259261,16,9,0.05833715509124549
17,hebb_mordida,0.01,congelado,265,0.6,0.6634488162374734,0.39102867548083936,-0.6208754564978325,-2.4472618812419835,0.8577625905504416,-3.1858221381823233,0.7042982398841885,0.45808010964901485,0.04948362988063777,0.6741951759165699,0.3733843685174484,0.02499401668430871,0.7356184617153502,0.5336032388663968,0.062366315435696484,0.7455477197358833,0.5373723010409821,0.046276861569215386,0.6847040448290114,0.44554605887939225,0.07613796922136938,0.9884551138142358,0.9885714285714287,0.011661200942957103,0.9773431539225252,744,284,1.1310628345787321,1.0227961068850078,0.175,0.7,0.51,1.372549019607843,16,7,1.1310628345787321,1.0227961068850078,0.175,0.7,0.51,1.372549019607843,16,7,0.06020447831533969
18,hebb_mordida,0.01,congelado,244,0.5,0.49370826260855144,0.8449592456566628,-0.5972414928738179,-2.4014956810511436,1.0041899396411917,-2.4014956810511436,0.6031217037254467,0.5108393035982971,0.3045958961474037,0.6220957918610867,0.5589388364694261,0.31474725274725274,0.5899545205752103,0.47356421356421363,0.29365517241379313,0.6323013931805431,0.5536354326676907,0.28903264630660447,0.6211122181491818,0.5702997565638367,0.32807532026547304,0.9795992411824674,0.9921568627450981,0.03295838038016306,0.9455085697187382,1044,435,1.0848939549157595,1.2420878478536073,0.1444444444444445,0.8,0.71,1.1267605633802817,18,10,1.0848939549157595,1.2420878478536073,0.1444444444444445,0.8,0.71,1.1267605633802817,18,10,0.07246414210233246
19,hebb_mordida,0.01,congelado,355,0.55,0.3186284539684631,0.8505005350028478,0.9390514068224548,0.0,0.935230221352231,-2.7947740608950404,0.6031684426474557,0.971952269910296,0.7656153846153846,0.6013895781637717,0.9692307692307691,0.7664516129032257,0.5980716253443525,0.9833333333333332,0.7871900826446281,0.6170955328065948,0.9882352941176471,0.7540442285044575,0.5961186679174484,0.9567307692307692,0.7644934333958725,0.8950044968919757,0.9811320754716981,0.19112308168774675,0.8610915331316904,957,638,0.9970551205878162,1.1174213055879882,0.13333333333333336,1.1222222222222222,1.1,1.02020202020202,15,16,0.9970551205878162,1.1174213055879882,0.13333333333333336,1.1222222222222222,1.1,1.02020202020202,15,16,0.07396813413440644
20,hebb_mordida,0.01,congelado,328,0.5,0.5757190672716853,0.7760873129359287,-0.06196300629391516,-2.0489544082214475,0.8074339018180445,-2.877138553528974,0.7449480490464018,0.6821545976502102,0.19225849955740687,0.7635297561593872,0.7347450980392156,0.2076855857204412,0.7470268257478017,0.684480122324159,0.1904264708285556,0.7620304465310337,0.7321432067687574,0.20808231370669014,0.7565725261695326,0.6784402852049911,0.1652952328659258,0.9982917474725755,1.0,0.003416505054848893,0.9885824781781836,656,296,1.0070474397242728,1.117181055847765,0.17,0.7,0.46,1.5217391304347825,20,9,1.0070474397242728,1.117181055847765,0.17,0.7,0.46,1.5217391304347825,20,9,0.07883183107397983
1,hebb_mordida,0.01,aprende,303,0.8,0.6666116370286685,0.9829715482730145,0.5097707214937787,-1.757741905819262,1.0195414429875573,-2.7989658273875566,0.9620662699723255,0.9572307692307692,0.03309822928611842,0.8795417971818176,0.9196428571428571,0.16055926277922203,0.9489713569810234,0.9636363636363636,0.06569364967431675,0.9724133770818173,0.9818181818181818,0.03699142765454723,0.9916826096044965,1.0,0.016634780791006984,0.9922355055594294,0.9896345514950167,0.005163540376157916,0.9695219132549788,829,324,1.219875024819268,1.1246806090242352,0.22000000000000003,1.0555555555555556,0.61,1.7304189435336976,20,15,1.2269489407917293,1.1228263724672805,0.21000000000000005,0.9555555555555556,0.55,1.7373737373737372,20,13,0.07865556498031422
2,hebb_mordida,0.01,aprende,297,0.8,0.8376759616786924,0.6456694962037054,0.024235465477774776,-1.580516791690676,0.9900762137509184,-2.9581760153234837,0.9843942099273248,0.9772383275479252,0.008449907693275537,0.9702508226877378,0.9675,0.026998354624524344,0.9753519071971934,0.9618181818181817,0.011114367423794628,0.9958782095953059,1.0,0.008243580809388116,0.9968001464258331,1.0,0.006399707148333575,0.9987489200945749,1.0,0.0025021598108501387,0.9880768886938498,771,256,1.2109490313089966,1.2267580799661169,0.19999999999999998,0.6777777777777778,0.36,1.8827160493827162,22,10,1.120668124570383,1.1696878478388335,0.2095238095238095,0.7,0.35,2.0,21,9,0.09279257310905259
3,hebb_mordida,0.01,aprende,322,1.0,0.8053218336326925,0.9576862784072427,0.9044192530508068,-0.8030605601087435,0.9493680758724765,-3.1319773425322435,0.9868116711666075,0.9906976744186047,0.017074332085389825,0.9699261753372888,1.0,0.06014764932542256,0.9821393291583538,0.9800000000000001,0.015721341683292596,0.9947486710799521,1.0,0.010502657840095738,0.9952289544406698,1.0,0.009542091118660338,0.9946402084129473,0.9923076923076923,0.0030272754817977704,0.9145739982999861,836,315,1.209324865460513,1.3169004994753715,0.19999999999999998,0.9,0.54,1.6666666666666665,19,11,1.0872039316391322,1.3032614461494323,0.21052631578947367,0.8888888888888888,0.46,1.9323671497584538,19,10,0.08867686336337685
4,hebb_mordida,0.01,aprende,280,0.6,0.4684450766452226,0.801655686456346,-0.134422317412821,-1.7024751809810905,0.785418274772399,-2.784075163331,0.7820200731857536,0.6690049606069449,0.10496481423543777,0.7258619910210846,0.6184281524926687,0.16670417045049934,0.8219804760520405,0.7636188811188811,0.11965792901480007,0.8648493290934514,0.8084210526315789,0.07872239444467624,0.8539787152939471,0.8669642857142857,0.15900685512639173,0.9308365304754647,0.9616927899686519,0.10001972901772245,0.9125252394617536,936,445,1.007873693482201,1.0948057278470045,0.14285714285714288,0.7111111111111111,0.64,1.1111111111111112,21,10,1.0454856387167673,1.0625804503138343,0.1619047619047619,0.6444444444444445,0.53,1.2159329140461217,21,9,0.09789821063581772
5,hebb_mordida,0.01,aprende,361,0.75,0.6644382555360497,0.5738915361188751,0.0,-1.3457269679238344,0.9900158619527111,-1.1244356212048938,0.8709656347772889,0.9023180655661474,0.16038679601156952,0.8058066255778293,0.773235294117647,0.16162204296198832,0.8931392682373811,0.99,0.20372146352523784,0.9116590029944711,0.9866666666666667,0.1633486606777244,0.8920492281456944,0.9596638655462184,0.17556540925482947,0.7579277509566686,0.9387862813007632,0.42293077938742585,0.8038749322395556,1214,844,0.9120476794373971,1.1237995252433097,0.1473684210526316,0.6888888888888889,0.63,1.09347442680776,19,10,0.8136153263001059,1.0352668622963155,0.1368421052631579,0.7555555555555555,0.68,1.111111111111111,19,11,0.11282211177215196
6,hebb_mordida,0.01,aprende,278,0.75,0.48505829863350675,0.9506705124126669,0.1772868315690047,-0.6955170520262111,0.9297377203809101,-2.950164390113912,0.9365529296856391,0.8842424242424242,0.011136564871146002,0.8325098664734465,0.7466666666666667,0.0816469337197737,0.9725320415491646,0.9577777777777777,0.012713694679448462,0.990141260426831,0.9875,0.007217479146337971,0.9942924577583178,1.0,0.011415084483364518,0.9897211571223381,0.9832309267793139,0.0037886125346377904,0.9888216215963339,826,236,1.191125411562205,1.075968465439061,0.2210526315789474,0.7222222222222222,0.23,3.1400966183574877,19,6,1.1482078428706253,0.9993377446194854,0.20000000000000004,0.7,0.31,2.258064516129032,19,6,0.07757488903511592
7,hebb_mordida,0.01,aprende,312,0.9,0.6749158043643989,0.9408376679542069,0.5276609669634629,-2.6747615905226834,0.9881717431742173,-2.860218978660196,0.9804085469548929,0.9896732026143791,0.028856108704593403,0.879104472900436,0.9800000000000001,0.2217910541991282,0.9626448309088783,0.9846153846153847,0.059325722797628065,0.9814655014582372,1.0,0.03706899708352553,0.993881279215661,1.0,0.012237441568677907,0.9976677036260267,1.0,0.004664592747946492,0.9765400096175921,764,282,1.1552757981232362,0.9603777084941862,0.18095238095238098,0.9111111111111111,0.52,1.7521367521367521,21,10,1.0916621522410097,0.9012247338449592,0.2,0.9777777777777777,0.38,2.573099415204678,21,9,0.08353712548912183
8,hebb_mordida,0.01,aprende,323,0.55,0.6294435100521324,0.7049484584961015,-0.9235625354579285,-4.463020118690949,0.9821020983642914,-2.666599585976937,0.7893841641477488,0.5835996240601504,0.004831295764652753,0.7581218676592572,0.5270618556701031,0.010818120351588911,0.7985297814784647,0.6141732283464567,0.01711366538952746,0.8334889598297419,0.6714285714285715,0.004450651769087524,0.8738393955368124,0.75,0.002321208926374978,0.9863066809253942,0.9856060606060606,0.012992698755272359,0.9604242022317422,722,339,0.9057291190900357,1.3778666181328414,0.17647058823529413,0.7222222222222222,0.52,1.3888888888888888,17,10,0.8651420049962268,1.3283022465263352,0.17647058823529413,0.7111111111111111,0.53,1.3417190775681342,17,10,0.08956086149448671
9,hebb_mordida,0.01,aprende,286,0.55,0.474218963061003,0.9791930924574972,0.0,0.0,0.9562782500648748,-2.674712688820214,0.9655528112995752,0.97,0.03889437740084965,0.8952188095051882,0.96,0.16956238098962362,0.9471156812835049,0.95,0.055768637432990084,0.9714696996055933,0.96,0.01706060078881345,0.967604054938672,1.0,0.06479189012265621,0.9541771754913672,0.9113553113553113,0.0030009603725770317,0.9177292076361423,768,328,1.0262596132644428,1.1819367041305475,0.22500000000000003,1.011111111111111,0.5,2.022222222222222,16,10,1.0203987727654575,1.1454741466029796,0.21250000000000002,0.9666666666666667,0.6,1.6111111111111112,16,11,0.0849170350873181
10,hebb_mordida,0.01,aprende,319,0.7,0.5599094594793398,0.8670240258934653,0.21351349699005745,-1.9648293996551642,0.9799944841525972,-4.932317741296616,0.74387176214407,0.6863709863709864,0.19862746208284623,0.6910259859543812,0.5843736263736263,0.20232165446486378,0.8122949103798823,0.8156349206349207,0.19104509987515605,0.844062788604236,0.8926470588235293,0.2045214816150572,0.8858031489842236,0.9777777777777779,0.2061714798093306,0.99468637245855,0.9952380952380953,0.005865350320995482,0.9445263480600581,799,292,1.0893925365191797,1.1441507617663544,0.21428571428571433,1.1,0.8,1.375,14,14,1.059327818179137,1.1006381347483933,0.2153846153846154,1.1,0.84,1.3095238095238098,13,14,0.07008009687492334
11,hebb_mordida,0.01,aprende,304,0.8,0.7679956590692111,0.9725740823320325,0.08175502418554403,-2.6417669053276933,0.8815974775096102,-2.7606673914361624,0.9214122371295508,0.8519716437749224,0.009147169515820888,0.8924796910663794,0.8160919540229884,0.03113257189022963,0.9656072148838424,0.9411764705882353,0.009962040820550546,0.9616098300556626,0.9303030303030304,0.007083370191705346,0.9959981023542668,1.0,0.008003795291466524,0.9974417219073503,1.0,0.005116556185299539,0.974411311103447,780,275,1.1492582649973102,1.1098147600569461,0.20000000000000004,0.7444444444444445,0.4,1.8611111111111112,20,9,1.0884627965408014,1.0321466968722517,0.20000000000000004,0.7777777777777778,0.46,1.6908212560386473,19,10,0.08394971471594476
12,hebb_mordida,0.01,aprende,304,0.85,0.8112893838308742,0.900391473485114,0.7969684013356926,-2.2451992375928436,0.8760816558202879,-2.875491579489582,0.9634136822552626,0.9483870967741936,0.02155973226366862,0.9044308327680985,0.909090909090909,0.10022924355471197,0.9854629780974175,1.0,0.029074043805165085,0.9667748917748917,0.95,0.01645021645021645,0.9797836103058961,0.9777777777777779,0.01821055716598568,0.8976810016377421,0.9663182346109176,0.1709562313354334,0.9320826308849328,920,359,1.1289733543861595,1.0559719755010486,0.2235294117647059,0.8777777777777778,0.47,1.867612293144208,17,9,1.0459466527604433,0.9775255914613924,0.2235294117647059,0.8777777777777778,0.47,1.867612293144208,17,9,0.09734733045081564
13,hebb_mordida,0.01,aprende,296,0.5,0.40257372271538266,0.6911462869233391,-0.4555625695235621,-0.8670178224520212,0.8338974824139924,-2.3838200962482268,0.9211731538507075,0.9002930402930402,0.05794673259162506,0.8509305360802429,0.832121212121212,0.13026013996072616,0.9302354546614254,0.909090909090909,0.04861999976805814,0.9761114685271362,1.0,0.04777706294572757,0.9712808539305156,1.0,0.05743829213896874,0.8717251558429662,0.8839253603539318,0.14047504866799926,0.9523106851848473,1017,484,0.8782036847728782,1.2187995814635286,0.15789473684210528,0.5444444444444444,0.46,1.183574879227053,19,7,0.9268490016607077,1.2426587927164723,0.15789473684210528,0.5777777777777777,0.47,1.2293144208037825,19,7,0.10622640035658862
14,hebb_mordida,0.01,aprende,302,0.75,0.804018872916308,0.8937422593511446,0.0,-2.58573115975211,0.9550737629738124,-2.7959259002669095,0.9412924747538174,0.9070707070707071,0.024485757563072467,0.8403134499119377,0.8511904761904763,0.17056357636660086,0.9548075942548251,0.9307017543859649,0.021086565876314654,0.9817894828104267,0.9818181818181818,0.018239216197328496,0.9728451797427988,0.968235294117647,0.02254493463204945,0.9922183333295322,0.9941176470588236,0.00968098039975912,0.9536850519522975,816,316,1.1442575364329262,1.1425253902087826,0.23333333333333328,1.1111111111111112,0.36,3.08641975308642,18,11,1.0864676009065468,1.0865988548744316,0.19000000000000003,1.0555555555555556,0.49,2.1541950113378685,20,13,0.08423384595844115
15,hebb_mordida,0.01,aprende,269,0.45,0.09858735531155163,0.6287826097476817,-1.3047571790594918,-1.3450194620418114,0.9122181766227591,-2.6083921292656678,0.7583460677865692,0.6963062602669182,0.17961412469377971,0.6152174388183262,0.5411318700902125,0.31069699245356003,0.8645691151691524,0.911371237458194,0.1822330071198892,0.8748877614474624,0.97,0.2202244771050752,0.8588796315725886,0.975,0.2572407368548228,0.8988955312921825,0.9071306939123029,0.10933963132793786,0.9176521345313018,1167,579,1.001722589021855,1.2307498651640387,0.12000000000000002,0.7111111111111111,0.67,1.0613598673300166,20,10,1.073139383367326,1.1655038216092133,0.11578947368421054,0.7444444444444445,0.71,1.0485133020344288,19,10,0.11012577113271078
16,hebb_mordida,0.01,aprende,301,1.0,0.993061426783053,0.9933329906544152,0.8441181902710098,-3.4743439273307093,0.9980473505933622,-3.4342598671792968,0.9996439169246163,1.0,0.000712166150767568,0.9987473784751213,1.0,0.0025052430497573574,1.0,1.0,0.0,0.9994565217391305,1.0,0.0010869565217391304,1.0,1.0,0.0,0.9943679071725373,0.9923076923076923,0.003571877962617762,0.9887580649601464,636,119,1.387268690148125,0.9368487781753245,0.36250000000000004,1.3666666666666667,0.06,22.77777777777778,16,9,1.2881787335980552,0.8959045132870492,0.35,1.4111111111111112,0.12,11.759259259259261,16,9,0.06423332317521342
17,hebb_mordida,0.01,aprende,321,0.6,0.6634488162374734,0.39102867548083936,-0.6208754564978325,-2.4472618812419835,0.8577625905504416,-3.1858221381823233,0.843858104675927,0.7130534670008355,0.025337257648981572,0.7586775475341652,0.5878954248366013,0.07054032976827093,0.9798400453068297,1.0,0.04031990938634071,0.9887939724694105,1.0,0.022412055061179086,0.9912724311674249,1.0,0.017455137665150153,0.9888417835009897,0.9851948051948053,0.007511238192825921,0.9773431539225252,740,272,1.1642682652507665,1.101751865167051,0.18823529411764706,0.6777777777777778,0.43,1.5762273901808788,17,6,1.1310628345787321,1.0227961068850078,0.175,0.7,0.51,1.372549019607843,16,7,0.07540053472871402
18,hebb_mordida,0.01,aprende,299,0.5,0.49370826260855144,0.8449592456566628,-0.5972414928738179,-2.4014956810511436,1.0041899396411917,-2.4014956810511436,0.7589385342267116,0.866892112125163,0.3490150436717399,0.7049859733223498,0.7412280701754386,0.3312561235307389,0.8075190258751903,0.9777777777777779,0.3627397260273973,0.784936800288913,0.9271794871794873,0.3573058866016613,0.7921800567625282,0.9875,0.4031398864749436,0.924288737667142,0.980952380952381,0.1323749056180969,0.9455085697187382,1080,499,1.0620793047488428,1.3395356606313584,0.15555555555555556,0.8222222222222222,0.73,1.126331811263318,18,10,1.0848939549157595,1.2420878478536073,0.1444444444444445,0.8,0.71,1.1267605633802817,18,10,0.09499586341860977
19,hebb_mordida,0.01,aprende,309,0.55,0.3186284539684631,0.8505005350028478,0.9390514068224548,0.0,0.935230221352231,-2.7947740608950404,0.8257761809185377,0.743548579080494,0.09199621724341862,0.6748533857331778,0.8644736842105264,0.514766912744171,0.8365801336772818,0.8321428571428571,0.15898258978829347,0.8936415491994618,0.8875,0.10021690160107637,0.8294793753100124,0.7333908045977011,0.07443205397767641,0.8833407930069876,0.9516754955855404,0.1849939095715652,0.8610915331316904,1025,539,1.0366252468690318,1.1125685872846198,0.1375,1.0444444444444445,1.02,1.0239651416122004,16,16,0.9970551205878162,1.1174213055879882,0.13333333333333336,1.1222222222222222,1.1,1.02020202020202,15,16,0.08043254391352443
20,hebb_mordida,0.01,aprende,324,0.5,0.5757190672716853,0.7760873129359287,-0.06196300629391516,-2.0489544082214475,0.8074339018180445,-2.877138553528974,0.8899134455808244,0.7982625482625483,0.018435657100899415,0.8146778029819797,0.8013816925734025,0.17202608660944319,0.8841567686863312,0.8084507042253521,0.04013716685268984,0.8657867494824016,0.7630434782608695,0.03146997929606625,0.9183070461652416,0.8454545454545455,0.00884045312406238,0.9952631439977636,1.0,0.00947371200447282,0.9885824781781836,679,230,1.0426261627799742,1.184348869894957,0.17,0.7222222222222222,0.42,1.7195767195767195,20,8,1.0070474397242728,1.117181055847765,0.17,0.7,0.46,1.5217391304347825,20,9,0.09599435321433783
1,hebb_mordida,0.03,congelado,336,0.7,0.578066869473441,0.9719150745397077,0.6692818560295895,-1.3985730466314994,1.0283340328940187,-2.8564832702478524,0.7669938717488758,0.9528455777568903,0.4188578342591388,0.7596211820049029,0.9412698412698413,0.4220274772600354,0.7503508771929825,0.9866666666666667,0.4859649122807017,0.7629474172433599,0.9428571428571428,0.4169623083704229,0.778186536231917,0.97,0.4136269275361659,0.9930193184484979,0.9891812865497076,0.0031426496527116863,0.9709580194756069,822,504,1.1558261075195595,1.1070293000621616,0.2,0.9,0.57,1.5789473684210529,20,12,1.1558261075195595,1.1070293000621616,0.2,0.9,0.57,1.5789473684210529,20,12,0.11493608333302521
2,hebb_mordida,0.03,congelado,331,0.7,0.8072424458654969,0.8594973088168624,-0.09685193355839272,-1.4380611620328148,0.9799707418020409,-2.9245811439191964,0.90562880794929,0.914534078670701,0.10327646277212114,0.8794551755598364,0.86,0.1010896488803271,0.9163697452015209,0.9333333333333333,0.1005938429302915,0.9438345888550321,0.9777777777777779,0.09010860006771362,0.8654415130244761,0.8865800865800866,0.15569706053113422,0.9989889752462942,1.0,0.0020220495074116025,0.9719259622340497,680,303,1.1372213730078795,1.1782674441125058,0.20869565217391303,0.7222222222222222,0.28,2.579365079365079,23,8,1.1372213730078795,1.1782674441125058,0.20869565217391303,0.7222222222222222,0.28,2.579365079365079,23,8,0.11328016183263204
3,hebb_mordida,0.03,congelado,280,0.95,0.9289728910756159,0.8741081220108506,0.5003164422785513,-2.870906321648561,0.940420892636778,-2.870906321648561,0.9732124835832443,0.9752357008170962,0.028810733650607472,0.9914438502673797,1.0,0.017112299465240642,0.9636603402044579,0.9577777777777777,0.030457097368862075,0.9564635501643375,0.9444444444444444,0.031517344115769313,0.9725474614525957,0.9857142857142858,0.040619362809094194,0.9925789990298535,0.9955555555555555,0.01039755749584855,0.9768013748018731,786,238,1.1228493404546933,1.2379738248487488,0.2,0.9444444444444444,0.47,2.0094562647754137,21,11,1.1228493404546933,1.2379738248487488,0.2,0.9444444444444444,0.47,2.0094562647754137,21,11,0.09801761619545167
4,hebb_mordida,0.03,congelado,282,0.8,0.5768315236536837,0.8665971632644296,0.0,-0.7601206012225872,0.9643207694198708,-2.8241976930814934,0.713386250735078,0.7791664349062143,0.3523939334360583,0.7487565172054224,0.8035714285714286,0.30605839416058395,0.686647819814789,0.7538461538461539,0.38055051421657593,0.7110422226175651,0.7966731898238748,0.3745887445887445,0.712290855195326,0.7804166666666668,0.35583495627601486,0.8950157221356718,0.9887755102040817,0.19874406593273813,0.8580490431573118,961,551,1.0443472514442969,1.0447772451674877,0.18181818181818182,0.6555555555555556,0.38,1.7251461988304093,22,8,1.0443472514442969,1.0447772451674877,0.18181818181818182,0.6555555555555556,0.38,1.7251461988304093,22,8,0.1215326981572006
5,hebb_mordida,0.03,congelado,320,0.55,0.17267131682289072,0.5348652774993123,0.0,0.0,0.0,0.0,0.5626805305334908,0.9242906962761053,0.7989296352091236,0.5515577776587897,0.9185960591133003,0.815480503795721,0.5894345238095238,0.9882352941176471,0.8093662464985995,0.5783027832137422,0.9414761904761905,0.7848706240487062,0.5458508122701671,0.8808127356514452,0.789111111111111,0.7061494108854214,0.932317259361357,0.5200184375905141,0.6697066613660656,1783,1330,0.8546419392057444,1.1157263918929499,0.10588235294117646,0.8333333333333334,0.91,0.9157509157509157,17,13,0.8546419392057444,1.1157263918929499,0.10588235294117646,0.8333333333333334,0.91,0.9157509157509157,17,13,0.1079539183620539
6,hebb_mordida,0.03,congelado,279,0.45,0.2447770875985373,0.9014321382652449,-0.717766850413428,-0.9465465697842568,1.022963473979802,-2.8948022369820743,0.5159410054685327,0.4689409288797609,0.4370589179426956,0.5149050311633738,0.4973771121351766,0.46756704980842906,0.5198178860923027,0.4692481114696537,0.42961233928504816,0.5283237296268573,0.4670667423087379,0.41041928305502323,0.5070910737990185,0.48970460048426145,0.4755224528862244,0.9960660812764865,0.9961538461538462,0.004021683600872942,0.9782033079890471,881,385,1.0970918781502756,0.9526696879507237,0.18095238095238098,0.5333333333333333,0.32,1.6666666666666665,21,6,1.0970918781502756,0.9526696879507237,0.18095238095238098,0.5333333333333333,0.32,1.6666666666666665,21,6,0.10989175206016975
7,hebb_mordida,0.03,congelado,326,0.85,0.6303645121621996,0.8614456159722697,0.7278328768620945,-0.16498903661686765,1.0009494738842741,-2.904952186548812,0.7308459938074915,1.0,0.538308012385017,0.7187012987012987,1.0,0.5625974025974025,0.7271428571428571,1.0,0.5457142857142857,0.7413526570048309,1.0,0.5172946859903382,0.7155141255079712,1.0,0.5689717489840576,0.9954121400103988,1.0,0.009175719979202263,0.9752718563473705,626,314,1.077645493828086,0.949891427063668,0.176,0.7888888888888889,0.31,2.5448028673835124,25,9,1.077645493828086,0.949891427063668,0.176,0.7888888888888889,0.31,2.5448028673835124,25,9,0.10263753472802324
8,hebb_mordida,0.03,congelado,280,0.5,0.5404127216893728,0.8947107880967871,-0.5005573870050516,-2.5267960110328183,0.8630134496528069,-2.6965352486956293,0.650822817080041,0.5083453306778853,0.2066996965178034,0.6450338027404969,0.500194187759475,0.21012658227848102,0.7058530014876765,0.618522062732589,0.20681605975723621,0.6612764550264549,0.5267857142857142,0.20423280423280424,0.6428937330230433,0.497975278233899,0.21218781218781219,0.992633059515688,0.9948717948717949,0.009605675840418736,0.9605362077199171,815,334,0.9152229906925298,1.2595188279323108,0.15555555555555556,0.6777777777777778,0.54,1.2551440329218106,18,10,0.9152229906925298,1.2595188279323108,0.15555555555555556,0.6777777777777778,0.54,1.2551440329218106,18,10,0.1315349909678845
9,hebb_mordida,0.03,congelado,279,0.8,0.7552899318320663,0.958729499252795,-0.018763653939817486,-1.7745820404764143,0.9742393486388936,-2.859305148660417,0.8093823087243949,0.8890175150519978,0.27025289760320803,0.803504049348265,0.8962148962148963,0.28920679751836625,0.8008559918196074,0.8732323232323231,0.2715203395931084,0.7913622848150131,0.9025641025641026,0.3198395329340763,0.8317364531755977,0.9295238095238096,0.26605090317261426,0.9975607239364719,1.0,0.004878552127056131,0.9419709011032852,851,287,1.0834272171286616,1.241584174011142,0.2235294117647059,0.9111111111111111,0.43,2.1188630490956073,17,8,1.0834272171286616,1.241584174011142,0.2235294117647059,0.9111111111111111,0.43,2.1188630490956073,17,8,0.10014909619475773
10,hebb_mordida,0.03,congelado,292,0.5,0.3670670041412751,0.7849307274934989,-0.06376391300376255,-1.7072733143325278,0.9524038757191227,-4.427268916603323,0.6556172339648911,0.5783785200008397,0.2671440520710573,0.653084799410993,0.586865329512894,0.28069573069090803,0.6518306086401925,0.580559829565629,0.27689861228524404,0.652018376065139,0.5798801411241603,0.27584338899388233,0.6589324974641104,0.5712370600414078,0.253372065113187,0.996648428768061,0.9961538461538462,0.002856988617724126,0.9476513041781085,798,313,1.1538177486370147,1.1542622993196574,0.23529411764705882,0.9555555555555556,0.4,2.388888888888889,17,10,1.1538177486370147,1.1542622993196574,0.23529411764705882,0.9555555555555556,0.4,2.388888888888889,17,10,0.09677803431035345
11,hebb_mordida,0.03,congelado,249,0.5,0.5585833055400826,0.9624509461584999,-0.5176837793131837,-2.44859434138253,0.9316415130136821,-3.047890005634863,0.6682876384221164,0.5657522685502111,0.22917699170597822,0.7008197532857144,0.6299053887289181,0.22826588215748916,0.7000520281645524,0.6193426586935715,0.21923860236446685,0.7574855351153007,0.7360478736949325,0.22107680346433103,0.6297742911802122,0.5298116298116298,0.2702630474512053,0.9991512091136927,1.0,0.0016975817726147264,0.981832791044164,772,228,1.1236925323687574,1.06886403570832,0.20952380952380958,0.7444444444444445,0.28,2.6587301587301586,21,8,1.1236925323687574,1.06886403570832,0.20952380952380958,0.7444444444444445,0.28,2.6587301587301586,21,8,0.1084622127831022
12,hebb_mordida,0.03,congelado,289,0.9,0.9084583833934413,0.9481049914420482,1.0902933393360943,-2.049980510354805,0.7995000871545914,-3.28648961413718,0.9349636350026768,0.94183908045977,0.07191181045441648,0.9319138807436392,0.9467836257309943,0.08295586424371579,0.9319146802577063,0.9257352941176471,0.061905933602234606,0.934501511396121,0.9525641025641025,0.08356107977186049,0.9416324248575035,0.9446153846153846,0.06135053490037762,0.9705614225440274,0.9553921568627451,0.014269311774690235,0.9562008905293959,937,378,1.0822925115786943,1.0290463866768953,0.2444444444444444,0.9111111111111111,0.34,2.679738562091503,18,9,1.0822925115786943,1.0290463866768953,0.2444444444444444,0.9111111111111111,0.34,2.679738562091503,18,9,0.12895919230354924
13,hebb_mordida,0.03,congelado,301,0.7,0.5238354716931354,0.8851961940246055,0.4644119441797463,0.0,0.8756899589360505,-2.492659562319483,0.7031265392283426,0.962478082992402,0.5562250045357169,0.7277159921738235,0.9846153846153847,0.5291834002677376,0.6948717401470529,0.9571428571428571,0.5673993768487513,0.691842167104268,0.9447619047619048,0.5610775705533688,0.6973875737863933,0.9596638655462184,0.5648887179734319,0.9152319510058189,0.9894736842105264,0.15900978219888853,0.9373178850205992,1035,575,0.9338390622244057,1.2752090178483506,0.17142857142857146,0.5666666666666667,0.37,1.5315315315315314,21,6,0.9338390622244057,1.2752090178483506,0.17142857142857146,0.5666666666666667,0.37,1.5315315315315314,21,6,0.10733826212158386
14,hebb_mordida,0.03,congelado,290,0.7,0.5157252333765545,0.7631111716522697,-0.2239023780847651,-1.1574874217620472,0.9214112282615792,-2.748303072446274,0.7365490000384316,0.6545973892002156,0.18149938912335242,0.7161172161172161,0.628992673992674,0.19675824175824172,0.7328755849103482,0.6776315789473684,0.2118804091266719,0.7807809718208485,0.732079772079772,0.1705178284380752,0.7236769037979565,0.6384131868131868,0.19105937921727395,0.9965869096885895,1.0,0.006826180622820757,0.9717996983612247,802,326,1.1515355330322767,1.1177092354404892,0.19,0.9888888888888889,0.5,1.9777777777777779,20,12,1.1515355330322767,1.1177092354404892,0.19,0.9888888888888889,0.5,1.9777777777777779,20,12,0.11799775284462402
15,hebb_mordida,0.03,congelado,258,0.8,0.6803655223333912,0.9413738535874178,0.28108496828380125,-2.1961332701145566,0.9966042062351419,-3.1766382296143,0.801867633764526,0.779235880398671,0.175500612869619,0.7912683768006107,0.7933110367892977,0.21077428318807628,0.8029978715329564,0.7754529914529915,0.1694572483870787,0.8081194651818658,0.769655172413793,0.15341624205006138,0.8059094814709558,0.7762594893029676,0.16444052636105616,0.9995891016596002,1.0,0.0008217966807994982,0.9911957190480325,774,201,1.119151913993334,1.2667970483201345,0.20000000000000004,0.8888888888888888,0.41,2.168021680216802,20,10,1.119151913993334,1.2667970483201345,0.20000000000000004,0.8888888888888888,0.41,2.168021680216802,20,10,0.13243693555760386
16,hebb_mordida,0.03,congelado,269,0.8,0.9161530772117666,0.9606198401089265,0.33662704797242693,-3.8415125050726635,1.0106666772373833,-2.805793476801221,0.8688569792077676,0.7428938145306432,0.005179856115107914,0.8522958875631896,0.707741381425592,0.0031496062992125984,0.8870443349753695,0.78,0.005911330049261083,0.8858635503130916,0.7753968253968254,0.003669724770642202,0.8700318425242437,0.74822695035461,0.008163265306122448,0.9965625477775327,1.0,0.006874904444934553,0.9928729699048584,721,151,1.18894511260502,0.9273688035331371,0.27777777777777773,1.0777777777777777,0.22,4.898989898989899,18,9,1.18894511260502,0.9273688035331371,0.27777777777777773,1.0777777777777777,0.22,4.898989898989899,18,9,0.10275183627306626
17,hebb_mordida,0.03,congelado,281,0.7,0.5731585173735283,0.7402372130638402,-0.13843774259642938,-1.3736291699631697,1.036296192230065,-2.96759156078633,0.7247643330071678,0.6151722422584256,0.1656435762440899,0.7090711871283376,0.6328973648605116,0.21475499060383646,0.7158280420204972,0.632263630089717,0.20060754604872252,0.723784280918011,0.6000309437854565,0.15246238194943468,0.7282584336950031,0.6146407691668283,0.15812390177682203,0.9983737328952409,1.0,0.003252534209518338,0.9789534053871928,719,294,1.1516020549622876,1.0214259722548178,0.2222222222222222,0.6444444444444445,0.32,2.013888888888889,18,6,1.1516020549622876,1.0214259722548178,0.2222222222222222,0.6444444444444445,0.32,2.013888888888889,18,6,0.11201824648568752
18,hebb_mordida,0.03,congelado,325,0.35,0.33561768078542004,0.958112597935233,-1.071490095807889,-2.7738582308083357,0.9995351767793557,-2.7738582308083357,0.4878821940534408,0.37645212053909105,0.40068773243220945,0.5570070051297864,0.5144297082228116,0.40041569796323895,0.4916680420701838,0.3839012683379998,0.4005651841976322,0.5052312005394088,0.4112544802867384,0.4007920792079208,0.5342505647934848,0.46989973098557103,0.4013986013986014,0.9885702203571469,1.0,0.02285955928570626,0.9477437348680953,809,382,1.0760413042477295,1.2712689096500571,0.14736842105263157,0.7333333333333333,0.69,1.0628019323671498,19,10,1.0760413042477295,1.2712689096500571,0.14736842105263157,0.7333333333333333,0.69,1.0628019323671498,19,10,0.10602300333212793
19,hebb_mordida,0.03,congelado,337,0.6,0.42853121033495717,0.6988511938709843,0.9124370585297188,0.0,0.9124370585297188,-2.500212563574009,0.5990396387292475,0.9574088899180697,0.7593296124595748,0.5932408737587005,0.9478777589134125,0.7613960113960114,0.587023403316969,0.941969696969697,0.767922890335759,0.5969517183508133,0.9545454545454545,0.7606420178438279,0.6209457929302288,0.9904761904761905,0.748584604615733,0.8008947875020156,0.95696758135017,0.35517800634613894,0.8281296044775092,1403,1008,0.9231941118780884,1.046072725658273,0.12941176470588237,0.8222222222222222,0.86,0.9560723514211886,17,12,0.9231941118780884,1.046072725658273,0.12941176470588237,0.8222222222222222,0.86,0.9560723514211886,17,12,0.10065734101721778
20,hebb_mordida,0.03,congelado,313,0.5,0.327493103198579,0.8850641703966589,-0.06211351393222775,-0.4254649252588224,0.9681267197221654,-2.8937077341447823,0.6194381978552721,0.7364551256165202,0.49757872990597607,0.5964626351478199,0.7293441150044924,0.5364188447088526,0.5983031461945585,0.7314285714285714,0.5348222790394546,0.6622292725636902,0.7370660694288913,0.4126075243015107,0.6367022908664159,0.8533333333333333,0.5799287516005014,0.9980383056711286,1.0,0.00392338865774294,0.9864557789058594,663,277,0.9858279586912961,1.2268256124982264,0.15238095238095242,0.6222222222222222,0.4,1.5555555555555556,21,7,0.9858279586912961,1.2268256124982264,0.15238095238095242,0.6222222222222222,0.4,1.5555555555555556,21,7,0.12306761325573515
1,hebb_mordida,0.03,aprende,291,0.7,0.578066869473441,0.9719150745397077,0.6692818560295895,-1.3985730466314994,1.0283340328940187,-2.8564832702478524,0.8711429753136243,0.785873093732136,0.0435871431048874,0.8137286350270663,0.9625,0.3350427299458675,0.8543264222906024,0.8164705882352941,0.10781774365408936,0.83634468383914,0.6995652934998249,0.026875925821545,0.8524879102844656,0.7634615384615385,0.058485717892607446,0.9920313956304119,0.9871415356151712,0.003078744354347268,0.9709580194756069,839,341,1.1592340421286684,1.1417978711464423,0.2,0.9444444444444444,0.33,2.8619528619528616,22,11,1.1558261075195595,1.1070293000621616,0.2,0.9,0.57,1.5789473684210529,20,12,0.13292489651074993
2,hebb_mordida,0.03,aprende,309,0.7,0.8072424458654969,0.8594973088168624,-0.09685193355839272,-1.4380611620328148,0.9799707418020409,-2.9245811439191964,0.9821118691912825,0.9705882352941175,0.006364496911552627,0.9935164798565137,1.0,0.01296704028697268,0.9773620704974968,0.9636363636363636,0.008912222641369911,0.9789872645883401,0.9636363636363636,0.005661834459683502,0.9774517792921187,0.96,0.005096441415762475,0.9983321235575235,1.0,0.003335752884953071,0.9719259622340497,760,262,1.2358635996424927,1.2167069270045203,0.19999999999999998,0.6777777777777778,0.35,1.9365079365079367,23,10,1.1372213730078795,1.1782674441125058,0.20869565217391303,0.7222222222222222,0.28,2.579365079365079,23,8,0.13512009110140444
3,hebb_mordida,0.03,aprende,283,0.95,0.9289728910756159,0.8741081220108506,0.5003164422785513,-2.870906321648561,0.940420892636778,-2.870906321648561,0.9855705245404816,0.9944444444444445,0.0233033953634812,0.9315363242718521,0.9818181818181818,0.11874553327447765,0.9220414201183432,1.0,0.1559171597633136,0.9854464402779599,1.0,0.029107119444080242,0.9944221835075493,1.0,0.011155632984901277,0.9990652453012732,1.0,0.0018695093974537328,0.9768013748018731,724,221,1.2845018965884556,1.2877225113704558,0.23000000000000004,1.1,0.36,3.055555555555556,20,10,1.1228493404546933,1.2379738248487488,0.2,0.9444444444444444,0.47,2.0094562647754137,21,11,0.1356614624387751
4,hebb_mordida,0.03,aprende,289,0.8,0.5768315236536837,0.8665971632644296,0.0,-0.7601206012225872,0.9643207694198708,-2.8241976930814934,0.8816243522180216,0.7985199052915589,0.035271200855515814,0.8411138678564416,0.7481408279969431,0.06591309228406003,0.890994191896952,0.8129852744310575,0.03099689063715349,0.9190823303753999,0.8909090909090909,0.0527444301582912,0.9475804522916214,0.9199999999999999,0.024839095416757273,0.8918616295707793,0.9713240651471551,0.18760080600559653,0.8580490431573118,928,474,1.158417038190915,1.039160786696045,0.1909090909090909,0.7666666666666667,0.42,1.8253968253968256,22,10,1.0443472514442969,1.0447772451674877,0.18181818181818182,0.6555555555555556,0.38,1.7251461988304093,22,8,0.14193318348653866
5,hebb_mordida,0.03,aprende,354,0.55,0.17267131682289072,0.5348652774993123,0.0,0.0,0.0,0.0,0.6920996037239954,0.9592238562609836,0.5750246488129929,0.6738744872194251,0.9501331711766495,0.6023841967377992,0.6892605360040402,0.9647214854111406,0.5862004134030601,0.6930002713336046,0.96,0.5739994573327907,0.6933617840272135,0.9652173913043478,0.5784938232499208,0.6901077023146981,0.9053256682155764,0.5251102635861802,0.6697066613660656,1723,1303,0.8854871674790685,1.0446976437555366,0.13333333333333333,0.8333333333333334,0.85,0.9803921568627452,18,13,0.8546419392057444,1.1157263918929499,0.10588235294117646,0.8333333333333334,0.91,0.9157509157509157,17,13,0.132817207472777
6,hebb_mordida,0.03,aprende,292,0.45,0.2447770875985373,0.9014321382652449,-0.717766850413428,-0.9465465697842568,1.022963473979802,-2.8948022369820743,0.8787616894779356,0.776758777338329,0.01923539838245767,0.7972158863734238,0.651421502474134,0.05698972972728629,0.920620654064803,0.8743589743589745,0.033117666229368355,0.8555694967678529,0.7670995670995671,0.05596057356386126,0.9596240183824215,0.9333333333333332,0.01408529656849027,0.9956806640668796,1.0,0.008638671866240928,0.9782033079890471,833,295,1.0805604097242312,1.1378702657887012,0.18095238095238098,0.4666666666666667,0.29,1.6091954022988506,21,5,1.0970918781502756,0.9526696879507237,0.18095238095238098,0.5333333333333333,0.32,1.6666666666666665,21,6,0.14200475987194258
7,hebb_mordida,0.03,aprende,302,0.85,0.6303645121621996,0.8614456159722697,0.7278328768620945,-0.16498903661686765,1.0009494738842741,-2.904952186548812,0.9722148083036161,0.9691876750700281,0.024758058462796023,0.9165798109715024,0.9846153846153847,0.1514557626723799,0.9500549997958594,0.9168831168831169,0.016773117291398198,0.9860092864125121,0.9833333333333332,0.011314760508308895,0.9821856868449579,1.0,0.035628626310084316,0.9937564089513051,0.9916630481980027,0.004150230295392343,0.9752718563473705,735,280,1.1331773882884013,1.0524122932473974,0.168,0.8666666666666667,0.38,2.280701754385965,25,10,1.077645493828086,0.949891427063668,0.176,0.7888888888888889,0.31,2.5448028673835124,25,9,0.14791872697847963
8,hebb_mordida,0.03,aprende,287,0.5,0.5404127216893728,0.8947107880967871,-0.5005573870050516,-2.5267960110328183,0.8630134496528069,-2.6965352486956293,0.7566406281853961,0.6801351880877743,0.16685393171698207,0.6808197160147546,0.5493964858670741,0.18775705383756508,0.8229142798318554,0.793048128342246,0.14721956867853525,0.8491656215816651,0.8721153846153846,0.17378414145205445,0.8896642583935401,0.9400000000000001,0.16067148321291969,0.9629745344371,0.943590360672571,0.017641291798370973,0.9605362077199171,883,406,0.9265440906805364,1.4123747470939712,0.15789473684210525,0.6777777777777778,0.56,1.2103174603174602,19,10,0.9152229906925298,1.2595188279323108,0.15555555555555556,0.6777777777777778,0.54,1.2551440329218106,18,10,0.13923953259779806
9,hebb_mordida,0.03,aprende,273,0.8,0.7552899318320663,0.958729499252795,-0.018763653939817486,-1.7745820404764143,0.9742393486388936,-2.859305148660417,0.9881468223395773,0.9859605911330049,0.009666946453850248,0.9726380280151814,0.9818181818181818,0.03654212578781885,0.9829399492236277,0.9777777777777779,0.011897879330522337,0.9973124960095084,1.0,0.005375007980983159,0.9976856051364633,1.0,0.004628789727073436,0.9994359070964651,1.0,0.0011281858070696853,0.9419709011032852,745,207,1.1387176277344206,1.2816143206375783,0.21999999999999997,1.0555555555555556,0.35,3.0158730158730163,20,9,1.0834272171286616,1.241584174011142,0.2235294117647059,0.9111111111111111,0.43,2.1188630490956073,17,8,0.13927594866253504
10,hebb_mordida,0.03,aprende,270,0.5,0.3670670041412751,0.7849307274934989,-0.06376391300376255,-1.7072733143325278,0.9524038757191227,-4.427268916603323,0.83556555246376,0.6868171720192848,0.01568606709176503,0.7822427935273704,0.6201134634011347,0.05562787634639412,0.8505662280204327,0.7210705632949728,0.019938107254107384,0.8980506362885363,0.8083916083916083,0.01229033581453551,0.8745523134605222,0.7605555555555557,0.011450928634511335,0.992661108821618,0.990909090909091,0.0055868732658549145,0.9476513041781085,812,296,1.177313466028384,1.1625507618162862,0.2444444444444444,1.0666666666666667,0.28,3.8095238095238093,18,10,1.1538177486370147,1.1542622993196574,0.23529411764705882,0.9555555555555556,0.4,2.388888888888889,17,10,0.11340314604647111
11,hebb_mordida,0.03,aprende,309,0.5,0.5585833055400826,0.9624509461584999,-0.5176837793131837,-2.44859434138253,0.9316415130136821,-3.047890005634863,0.9351444592517513,0.8845410628019323,0.014252144298429767,0.8750712739699118,0.8345864661654137,0.08444391822559001,0.9246647259376748,0.8705882352941178,0.021258783418768072,0.9972038087989672,1.0,0.005592382402065652,0.9940796814238197,1.0,0.01184063715236063,0.9938241569516131,0.9928571428571429,0.005208828953916575,0.981832791044164,740,252,1.1880551657894647,1.0790589269886073,0.2,0.7333333333333333,0.34,2.156862745098039,21,9,1.1236925323687574,1.06886403570832,0.20952380952380958,0.7444444444444445,0.28,2.6587301587301586,21,8,0.11140158861095786
12,hebb_mordida,0.03,aprende,280,0.9,0.9084583833934413,0.9481049914420482,1.0902933393360943,-2.049980510354805,0.7995000871545914,-3.28648961413718,0.8802692469666902,0.7741167262700334,0.013578232336652948,0.958209770936575,0.95,0.03358045812684996,0.8755699174277378,0.7728425073797534,0.02170267252427758,0.954309827437557,0.9247863247863247,0.016166669911210782,0.9710417323253615,0.95,0.00791653534927697,0.983744796283308,0.9710227272727273,0.0035331347061112414,0.9562008905293959,850,286,1.148994148606939,1.156613416081154,0.19999999999999998,0.8222222222222222,0.48,1.712962962962963,19,11,1.0822925115786943,1.0290463866768953,0.2444444444444444,0.9111111111111111,0.34,2.679738562091503,18,9,0.1405925595361545
13,hebb_mordida,0.03,aprende,299,0.7,0.5238354716931354,0.8851961940246055,0.4644119441797463,0.0,0.8756899589360505,-2.492659562319483,0.8855677971593584,0.9809205553566456,0.20978496103792876,0.7637131807586353,0.9692307692307691,0.44180440771349866,0.8682420243767777,0.9664335664335665,0.2299495176800111,0.8972046857585048,0.9777777777777779,0.18336840626076828,0.8959515464878136,1.0,0.20809690702437272,0.8318541849868952,0.9515308443730763,0.28782247439928577,0.9373178850205992,1081,524,0.9637791866987337,1.2625441560176245,0.17142857142857146,0.5555555555555556,0.35,1.5873015873015874,21,6,0.9338390622244057,1.2752090178483506,0.17142857142857146,0.5666666666666667,0.37,1.5315315315315314,21,6,0.15710133252866149
14,hebb_mordida,0.03,aprende,276,0.7,0.5157252333765545,0.7631111716522697,-0.2239023780847651,-1.1574874217620472,0.9214112282615792,-2.748303072446274,0.833471921734456,0.758564222066672,0.09162037859776002,0.7212672941237731,0.7657692307692308,0.3232346425216846,0.8384562615182909,0.7712039312039313,0.09429140816734957,0.8266706762305127,0.730728562217924,0.07738720975689861,0.8408850383629853,0.8223776223776224,0.1406075456516515,0.9967266257594162,1.0,0.0065467484811676125,0.9717996983612247,840,358,1.0794494422578131,1.1253036864641177,0.18095238095238098,0.9333333333333333,0.52,1.794871794871795,21,12,1.1515355330322767,1.1177092354404892,0.19,0.9888888888888889,0.5,1.9777777777777779,20,12,0.14887941383942208
15,hebb_mordida,0.03,aprende,286,0.8,0.6803655223333912,0.9413738535874178,0.28108496828380125,-2.1961332701145566,0.9966042062351419,-3.1766382296143,0.91633899846706,0.8507462686567164,0.01806827172259652,0.8606096002907844,0.8058252427184467,0.08460604213687806,0.9911417535626942,1.0,0.0177164928746116,0.9879448291333537,1.0,0.024110341733292552,0.9932885234037703,1.0,0.013422953192459475,0.9988655985181102,1.0,0.0022688029637796124,0.9911957190480325,761,219,1.1307995941209699,1.2724050331602887,0.19047619047619052,0.8666666666666667,0.36,2.4074074074074074,21,8,1.119151913993334,1.2667970483201345,0.20000000000000004,0.8888888888888888,0.41,2.168021680216802,20,10,0.14215628006144682
16,hebb_mordida,0.03,aprende,309,0.8,0.9161530772117666,0.9606198401089265,0.33662704797242693,-3.8415125050726635,1.0106666772373833,-2.805793476801221,0.9046351333011569,0.8145216874628639,0.005251420860550101,0.8835206276173074,0.7701540957015409,0.0031128404669260703,0.9760415172133688,0.9636363636363636,0.01155332920962589,0.9741254362790526,0.9555555555555555,0.007304682997450332,0.9865446965556295,0.9800000000000001,0.006910606888741183,0.9903786611950312,0.9939393939393939,0.013182071549331525,0.9928729699048584,701,193,1.1889710993656173,1.0579533015001112,0.21052631578947367,0.8444444444444444,0.34,2.483660130718954,19,7,1.18894511260502,0.9273688035331371,0.27777777777777773,1.0777777777777777,0.22,4.898989898989899,18,9,0.12875549280045145
17,hebb_mordida,0.03,aprende,294,0.7,0.5731585173735283,0.7402372130638402,-0.13843774259642938,-1.3736291699631697,1.036296192230065,-2.96759156078633,0.9214098462412932,0.8725606150206978,0.029740922538111326,0.7715036412055432,0.8212560386473431,0.27824875623625667,0.8753889674328271,0.7938095238095239,0.043031588943869645,0.9782290280711825,0.9882352941176471,0.03177723797528199,0.9807069339111593,1.0,0.038586132177681476,0.9955823570267079,0.9941176470588236,0.0029529330054077346,0.9789534053871928,703,254,1.1292125929897652,1.0766412163286985,0.18947368421052632,0.5777777777777777,0.31,1.8637992831541217,19,6,1.1516020549622876,1.0214259722548178,0.2222222222222222,0.6444444444444445,0.32,2.013888888888889,18,6,0.1153483552987555
18,hebb_mordida,0.03,aprende,285,0.35,0.33561768078542004,0.958112597935233,-1.071490095807889,-2.7738582308083357,0.9995351767793557,-2.7738582308083357,0.6477057757997855,0.6533706890583479,0.35795913745877705,0.541690943264772,0.43219696969696964,0.34881508316742565,0.7323226885802951,0.8523076923076923,0.3876623151471022,0.7740141254243157,0.9370868347338936,0.3890585838852623,0.8180447232724485,0.9644444444444444,0.3283549978995475,0.9192648404122408,0.9794871794871796,0.14095749866269797,0.9477437348680953,1094,542,0.9942714354581753,1.3392849476537334,0.13333333333333336,0.7444444444444445,0.73,1.0197869101978692,18,10,1.0760413042477295,1.2712689096500571,0.14736842105263157,0.7333333333333333,0.69,1.0628019323671498,19,10,0.12711533842101996
19,hebb_mordida,0.03,aprende,346,0.6,0.42853121033495717,0.6988511938709843,0.9124370585297188,0.0,0.9124370585297188,-2.500212563574009,0.8393073463038927,0.8340584257838823,0.155443733176097,0.7944303917680614,0.8152265372168284,0.2263657536807056,0.780872047314908,0.825944055944056,0.2641999613142401,0.8689938393136385,0.8630399924542539,0.1250523138269769,0.7776647453511077,0.930026525198939,0.3746970344967235,0.7904064162648543,0.9382611858868743,0.3574483533571658,0.8281296044775092,1352,969,1.044811477901688,1.0784732917251185,0.12941176470588237,0.9888888888888889,1.03,0.9600862998921251,17,15,0.9231941118780884,1.046072725658273,0.12941176470588237,0.8222222222222222,0.86,0.9560723514211886,17,12,0.11264687233971513
20,hebb_mordida,0.03,aprende,302,0.5,0.327493103198579,0.8850641703966589,-0.06211351393222775,-0.4254649252588224,0.9681267197221654,-2.8937077341447823,0.9063078598295049,0.8378590444164216,0.02524332475741161,0.8160674228761082,0.7721647917300092,0.14002994597779278,0.9400631098487258,0.9076923076923077,0.027566087994856252,0.96846006624954,0.9666666666666666,0.029746534167586797,0.9817437996871878,0.9818181818181818,0.01833058244380627,0.9877240719893958,0.9837971552257267,0.00834901124693495,0.9864557789058594,779,268,1.0686732135008512,1.2059176210017883,0.1565217391304348,0.5444444444444444,0.36,1.5123456790123455,23,6,0.9858279586912961,1.2268256124982264,0.15238095238095242,0.6222222222222222,0.4,1.5555555555555556,21,7,0.14165412724032045
1,error,0.003,congelado,253,0.85,0.679499335150939,0.951409849907614,1.525843158835454,-0.07226051385072374,1.011599233406176,-2.7589490360354048,0.7163579276674286,0.9846153846153847,0.5518995292805277,0.7288215286114446,1.0,0.5423569427771108,0.6879259259259259,0.9866666666666667,0.6108148148148148,0.7235896212830297,0.9789473684210526,0.5317681258549931,0.7163233082706766,0.9714285714285713,0.538781954887218,0.998976680124909,1.0,0.002046639750181919,0.9684624736751775,894,446,1.1596252240403488,1.0666587061605572,0.15789473684210528,1.4444444444444444,1.2,1.2037037037037037,19,20,1.1596252240403488,1.0666587061605572,0.15789473684210528,1.4444444444444444,1.2,1.2037037037037037,19,20,0.00720022415195003
2,error,0.003,congelado,255,0.8,0.40271866694211544,0.8865181526035687,0.4329337431509932,-0.649409278431817,0.9719870852815693,-2.862156902118036,0.6931356746905089,0.7761962458529312,0.38992489647191364,0.6789366579309086,0.7489842991414613,0.3911109832796441,0.6873957676420172,0.7658333333333334,0.39104179804929906,0.6902580107969472,0.7750951974992896,0.39457917590539543,0.7072526648281797,0.8119565217391305,0.397451192082771,0.998600227712918,1.0,0.0027995445741639097,0.9846071400833512,971,379,1.082667447348063,1.1035087942873738,0.15238095238095242,0.6444444444444445,0.57,1.1306042884990255,21,10,1.082667447348063,1.1035087942873738,0.15238095238095242,0.6444444444444445,0.57,1.1306042884990255,21,10,0.005503760424447337
3,error,0.003,congelado,320,0.9,0.868179030192906,0.8821821191158926,0.9560323391444818,-0.5728468404940309,0.9560323391444818,-2.6225813671124927,0.7190025433764566,0.9964912280701753,0.558486141317262,0.6986938836837416,1.0,0.6026122326325167,0.6506831131831132,0.9846153846153847,0.6832491582491583,0.6950636369280436,1.0,0.6098727261439126,0.7553890231294212,1.0,0.48922195374115757,0.9950303646474045,1.0,0.009939270705191018,0.9404262179423539,972,554,1.0545387005939848,1.2023695879622391,0.21333333333333335,0.9444444444444444,0.7,1.3492063492063493,15,11,1.0545387005939848,1.2023695879622391,0.21333333333333335,0.9444444444444444,0.7,1.3492063492063493,15,11,0.007363334388828576
4,error,0.003,congelado,262,0.6,0.27047851165789893,0.6750759478992155,-0.706420113739709,-0.8769764027122928,0.9702579095457562,-2.6583788192461153,0.5221381231918704,0.4827643083822351,0.4384880619984943,0.45101928716388595,0.48004817342432754,0.5780095990965556,0.5190889404419873,0.48076983013869407,0.44259194925471956,0.5382382366914551,0.48409094239265016,0.4076144690097398,0.5319959480691836,0.4887643743118196,0.4247724781734526,0.992990945206693,0.9947368421052631,0.008754951691877191,0.9791876866476803,942,449,0.9858096503791149,0.9727207595396007,0.1368421052631579,1.0,0.91,1.0989010989010988,19,15,0.9858096503791149,0.9727207595396007,0.1368421052631579,1.0,0.91,1.0989010989010988,19,15,0.0096932412352583
5,error,0.003,congelado,348,0.4,-0.2955531221943663,0.24852642027838887,-0.7742734271880485,-0.5345068589834565,0.934396428940663,-1.386270462185478,0.36100163663729656,0.36376334885250533,0.6417600755779123,0.34236572235062573,0.3294012763801467,0.6446698316788952,0.3657717978973086,0.38582554572874106,0.6542819499341238,0.3890178648916204,0.3903690631165741,0.6123333333333333,0.34296370280768707,0.3440301724137931,0.658102766798419,0.9092964471410581,0.9954545454545455,0.17686165117242952,0.8642760997122192,1170,903,0.8811923236558604,0.9342391518850912,0.1625,0.9444444444444444,0.67,1.409618573797678,16,12,0.8811923236558604,0.9342391518850912,0.1625,0.9444444444444444,0.67,1.409618573797678,16,12,0.01733018635704217
6,error,0.003,congelado,258,0.65,-0.024692401307005885,0.7761991588265575,-1.0801274359700483,-0.374533667952322,0.9590824028961211,-2.7568945170777757,0.4493687065708646,0.44795941152973845,0.5492219983880093,0.404862531196544,0.44501918004014673,0.6352941176470588,0.4392120837133503,0.428868611871145,0.5504444444444444,0.46495333926139293,0.4494088669950739,0.519502188472288,0.4714559443889647,0.47795956808375495,0.5350476793058255,0.9979609081054728,1.0,0.004078183789054514,0.9682060346430954,869,406,1.053501507280192,0.9390522365203365,0.16842105263157897,0.6,0.43,1.3953488372093024,19,7,1.053501507280192,0.9390522365203365,0.16842105263157897,0.6,0.43,1.3953488372093024,19,7,0.005063405875760709
7,error,0.003,congelado,261,0.5,0.3657525398504972,0.8587810503541536,-0.2174103568298913,-1.4401566142773854,0.880490024622604,-2.563797982250117,0.6083362340872576,0.5624303625816017,0.34575789440708643,0.5964312634369042,0.5254863934515097,0.33262386657770127,0.6172355290436478,0.5974175138220081,0.3629464557347125,0.6110998826643533,0.5703586800573889,0.3481589147286822,0.6098715855476671,0.566358024691358,0.34661485359602384,0.9908241519696318,0.9958333333333333,0.014185029394069699,0.9619881828345029,925,412,0.9384572664291458,0.730595780204923,0.13684210526315793,0.8777777777777778,0.77,1.1399711399711399,19,10,0.9384572664291458,0.730595780204923,0.13684210526315793,0.8777777777777778,0.77,1.1399711399711399,19,10,0.008161626369450866
8,error,0.003,congelado,289,0.55,0.4229588113479871,0.4668600595062532,-2.457193508935727,-2.457193508935727,0.8235842920310723,-2.4976448938522227,0.6511295292397992,0.39131732556668797,0.08905826708708975,0.660672090435516,0.3837735849056604,0.06242940403462839,0.6442148189845942,0.4083359914938862,0.11990635352469788,0.6152911579318677,0.3912337559269402,0.16065144006320475,0.6685140259156028,0.3891520472387831,0.05212399540757749,0.9908339109690363,0.9942857142857143,0.012617892347641654,0.9501357643203858,769,340,0.8976284154251836,1.3295944314575034,0.1625,0.8222222222222222,0.69,1.1916264090177133,16,12,0.8976284154251836,1.3295944314575034,0.1625,0.8222222222222222,0.69,1.1916264090177133,16,12,0.01056113232445195
9,error,0.003,congelado,328,0.55,0.1423945174581664,0.9002061018892129,0.28975236885183053,0.3937552614433837,0.9829137009492882,-2.3870968141092974,0.596717879333525,0.7894147434024734,0.5959789847354233,0.5991918917479784,0.7845971563981042,0.5862133729021476,0.5882802995418615,0.7783143304270065,0.6017537313432836,0.5988068274715002,0.8004246284501061,0.6028109735071057,0.5992965136646906,0.8004228329809726,0.6018298056515913,0.8994804102948228,0.9911219512195121,0.19216113062986642,0.8863850045885725,940,619,0.9703712810664965,1.0105457732694139,0.1625,0.8111111111111111,0.71,1.1424100156494523,16,10,0.9703712810664965,1.0105457732694139,0.1625,0.8111111111111111,0.71,1.1424100156494523,16,10,0.012492323814039565
10,error,0.003,congelado,259,0.8,0.6992646216945996,0.8689798039945063,0.58007385073225,-2.222868104410362,0.9721960304374984,-2.7095998928397904,0.7416395750347563,0.6837822975517891,0.20050314748227654,0.7477731646018091,0.7238095238095237,0.22826319460590558,0.731753883104372,0.6879310344827586,0.22442326827401454,0.7559436884717123,0.7048629531388152,0.19297557619539044,0.7360151619347022,0.6623456790123456,0.19031535514294134,0.9899415590270733,0.9925925925925926,0.01270947453844593,0.9319407742753208,806,283,0.9071153559450218,0.9243095402259395,0.22857142857142856,0.9888888888888889,0.63,1.5696649029982364,14,12,0.9071153559450218,0.9243095402259395,0.22857142857142856,0.9888888888888889,0.63,1.5696649029982364,14,12,0.00567353223024568
11,error,0.003,congelado,297,0.7,0.6664408381724154,0.8971172981313922,-0.18843172912187844,-1.4285967645514615,0.9200788858560556,-2.636818325785288,0.7660478022920374,0.6424720519293184,0.11037644734524377,0.7491597994754643,0.6317296678121421,0.13341006886121354,0.7510576750492781,0.6269105599820447,0.12479520988348851,0.7577988169116403,0.6309696969696971,0.11537206314641657,0.8075995058064879,0.701008991008991,0.08580997939601516,0.9956726948043333,0.9962962962962962,0.004950906687629594,0.9742955175494454,829,409,1.0229050644708477,0.9150127151555375,0.17777777777777778,0.9555555555555556,0.77,1.240981240981241,18,15,1.0229050644708477,0.9150127151555375,0.17777777777777778,0.9555555555555556,0.77,1.240981240981241,18,15,0.00597451379876965
12,error,0.003,congelado,335,0.95,0.8921463542044729,0.9101413543565006,0.6351759724831696,-2.843198890286885,0.4703288534576213,-2.434693514031781,0.9199499090557751,0.9744421906693713,0.1345423725578211,0.8659551431277108,0.9333333333333332,0.20142304707791164,0.9122868002703832,0.9555555555555555,0.13098195501478904,0.9340930798634369,1.0,0.13181384027312612,0.9364407194362039,1.0,0.1271185611275923,0.8984333109522651,0.9692805383022775,0.17241391639774717,0.8374547955211589,701,352,0.9611252468064715,0.8687023070102307,0.18823529411764706,0.8444444444444444,0.54,1.5637860082304527,17,9,0.9611252468064715,0.8687023070102307,0.18823529411764706,0.8444444444444444,0.54,1.5637860082304527,17,9,0.013156411475638032
13,error,0.003,congelado,261,0.4,0.17260112123276655,0.7971029402072171,-0.7922184749206438,-0.4088451724269507,0.9327820659928134,-2.396746000002224,0.4736412169108897,0.4584711841304367,0.5111887503086573,0.43314108483001373,0.38027263070931194,0.5139904610492845,0.5117494424683362,0.5108170995670995,0.4873182146304272,0.47785355540000285,0.4733722413683621,0.5176651305683564,0.46231825326652914,0.5361749680715198,0.6115384615384615,0.9532796148958993,0.9953488372093023,0.08878960741750383,0.9219048147652182,838,414,0.92965402171909,1.1362444240676874,0.15294117647058825,0.6444444444444445,0.58,1.1111111111111112,17,9,0.92965402171909,1.1362444240676874,0.15294117647058825,0.6444444444444445,0.58,1.1111111111111112,17,9,0.014104817236651055
14,error,0.003,congelado,313,0.95,0.8702159424570719,0.9772514977892542,0.8828381860488896,-2.9317581001805904,0.8828381860488896,-2.9100855091647455,0.8950403188808711,0.9782312925170068,0.1881506547552646,0.9092317571923947,1.0,0.18153648561521074,0.8730279368643206,0.9514285714285714,0.20537269769993022,0.9012174124678028,0.9618181818181817,0.15938335688257604,0.8990646742567995,1.0,0.201870651486401,0.9005470201027252,0.9945945945945945,0.19350055438914388,0.8712006256715509,856,358,0.9828018506994164,0.9517815788768955,0.2,1.5333333333333334,1.01,1.5181518151815183,14,17,0.9828018506994164,0.9517815788768955,0.2,1.5333333333333334,1.01,1.5181518151815183,14,17,0.007879337033361081
15,error,0.003,congelado,260,0.55,0.336402940927492,0.6121433740073865,-0.008969606900320948,-0.6961859673843025,0.9130035589098769,-2.5845972561342645,0.6133088622508502,0.7199502679689929,0.4933325434672925,0.6067665374760532,0.7026080312904458,0.4890749563383393,0.6195135471815634,0.750877192982456,0.5118500986193294,0.6396389972840919,0.757469342251951,0.4781913476837671,0.5973041174830375,0.7112749016327417,0.5166666666666667,0.9951543250565262,1.0,0.009691349886947554,0.9176521345313018,971,496,1.1114568813150827,1.0424256579600975,0.1625,0.7888888888888889,0.68,1.1601307189542482,16,10,1.1114568813150827,1.0424256579600975,0.1625,0.7888888888888889,0.68,1.1601307189542482,16,10,0.006433017401023886
16,error,0.003,congelado,294,0.9,0.8059501068389814,0.9911381540186603,0.44824753099797054,-1.5470662001000115,0.9994329222036527,-3.0286472814464274,0.8952859221280802,0.9944444444444445,0.20387260018828415,0.8862946912242686,1.0,0.22741061755146266,0.883909090909091,1.0,0.23218181818181818,0.8854005150447275,0.975,0.20419896991054487,0.9053333333333333,1.0,0.18933333333333333,0.9980763206128905,1.0,0.003847358774218888,0.9949250224768399,703,193,1.188232452347725,0.8013734389165393,0.32499999999999996,1.2,0.16,7.5,16,8,1.188232452347725,0.8013734389165393,0.32499999999999996,1.2,0.16,7.5,16,8,0.0014442033382311365
17,error,0.003,congelado,268,0.5,0.2700280275288952,0.7038006285225623,-0.3874803221695369,-1.4524570771017113,0.927915788046666,-2.8363836707606684,0.6386391692945845,0.5625392733941189,0.2852609348049497,0.6522019439327311,0.5919906123319821,0.2875867244665199,0.6283973381708102,0.5487272240085745,0.2919325476669541,0.6247001363953897,0.5358749575263337,0.28647468473555426,0.6666117216117216,0.6114285714285714,0.2782051282051282,0.9979422316879156,1.0,0.004115536624168772,0.978629511521786,742,354,1.060844768037545,0.9482363002437894,0.1647058823529412,0.6333333333333333,0.52,1.2179487179487178,17,8,1.060844768037545,0.9482363002437894,0.1647058823529412,0.6333333333333333,0.52,1.2179487179487178,17,8,0.006603497361041219
18,error,0.003,congelado,284,0.65,0.5410402894712795,0.63067313199991,0.0,-2.4087907598376694,0.998839912798189,-2.603628102150841,0.7024719843843021,0.6661506055818852,0.26120663681328093,0.6822908882529004,0.635570465236425,0.2709886887306242,0.7151912572107653,0.6780834914611006,0.2477009770395701,0.7011472264741319,0.6646253021756647,0.26233084922740096,0.7108154133045765,0.7233893557422969,0.3017585291331438,0.9605723762039937,0.9962264150943396,0.07508166268635204,0.9471956354425846,1224,657,1.1090866681091638,1.0960591473602272,0.17333333333333337,0.8,0.71,1.1267605633802817,15,10,1.1090866681091638,1.0960591473602272,0.17333333333333337,0.8,0.71,1.1267605633802817,15,10,0.01568171562741133
19,error,0.003,congelado,284,0.6,0.4454378404846302,0.9224016371689678,0.0,-0.22040867004381504,0.8940418760971721,-2.6549915796430392,0.6949356491502094,0.9206066947839995,0.5307353964835807,0.6853078519646238,0.9025926886180968,0.5319769846888491,0.6854859614010926,0.9038095238095238,0.5328376010073385,0.7215940388605924,0.9573099415204679,0.5141218637992833,0.6766146328220441,0.9333333333333332,0.5801040676892448,0.9085275806541604,0.9961538461538462,0.17909868484552546,0.8694311645036432,1022,564,0.8783525722558551,1.0098404679886328,0.12000000000000001,1.4333333333333333,1.4,1.023809523809524,15,20,0.8783525722558551,1.0098404679886328,0.12000000000000001,1.4333333333333333,1.4,1.023809523809524,15,20,0.01563171610198849
20,error,0.003,congelado,312,0.9,0.7799741171672395,0.9369924827629897,0.37407272734674346,-2.5103539565297845,1.0072069646925494,-3.223915234395788,0.8716364775387786,0.9553374908290536,0.21206453575149653,0.8795911865529301,0.9714285714285713,0.21224619832271108,0.8779114610636729,0.9733333333333334,0.21751041120598763,0.8627773461382093,0.9382352941176471,0.21268060184122825,0.866506660476999,0.9454545454545455,0.21244122450054753,0.9979483574764529,1.0,0.004103285047094004,0.9862272080120184,736,252,1.0563467877788135,0.9238045600968874,0.17777777777777778,0.8666666666666667,0.5,1.7333333333333334,18,10,1.0563467877788135,0.9238045600968874,0.17777777777777778,0.8666666666666667,0.5,1.7333333333333334,18,10,0.005113809718134632
1,error,0.003,aprende,281,0.85,0.679499335150939,0.951409849907614,1.525843158835454,-0.07226051385072374,1.011599233406176,-2.7589490360354048,0.9178054853417568,0.8811875463885308,0.04557657570501737,0.8474865068228739,0.8466666666666667,0.15169365302091894,0.9312916554222935,0.9067307692307693,0.04414745838618226,0.9332554400408423,0.8986363636363637,0.032125483554679105,0.9755861610700267,0.9800000000000001,0.028827677859946582,0.9954450710768483,0.9952380952380953,0.004347953084398756,0.9684624736751775,912,388,1.1375825650511864,1.0604594333828135,0.1473684210526316,1.3777777777777778,1.2,1.1481481481481481,19,20,1.1596252240403488,1.0666587061605572,0.15789473684210528,1.4444444444444444,1.2,1.2037037037037037,19,20,0.01108062773656472
2,error,0.003,aprende,286,0.8,0.40271866694211544,0.8865181526035687,0.4329337431509932,-0.649409278431817,0.9719870852815693,-2.862156902118036,0.8340320668522402,0.8440533201134703,0.17598918640898992,0.7414704415662496,0.7796623634558093,0.2967214803233099,0.8382734148391432,0.8695652173913043,0.1930183877130179,0.8944209979237078,0.9316239316239316,0.14278193577651604,0.9078616177592318,0.9666666666666666,0.150943431148203,0.9739689353168608,0.9511111111111111,0.003173240477389608,0.9846071400833512,833,327,1.0563979631832474,1.0985147748328585,0.15238095238095242,0.6222222222222222,0.53,1.1740041928721174,21,10,1.082667447348063,1.1035087942873738,0.15238095238095242,0.6444444444444445,0.57,1.1306042884990255,21,10,0.010886037738834833
3,error,0.003,aprende,294,0.9,0.868179030192906,0.8821821191158926,0.9560323391444818,-0.5728468404940309,0.9560323391444818,-2.6225813671124927,0.9868176316684988,0.9903890160183065,0.016753752681309002,0.9551448417305162,1.0,0.08971031653896758,0.9900553343586851,1.0,0.01988933128262972,0.9847881003348448,0.9818181818181818,0.012241981148492299,0.9830295168168196,0.9714285714285713,0.005369537794932126,0.9927627664169414,0.9924528301886791,0.00692729735479623,0.9404262179423539,868,374,1.0522606216124326,1.197838621665848,0.21333333333333335,0.9444444444444444,0.7,1.3492063492063493,15,11,1.0545387005939848,1.2023695879622391,0.21333333333333335,0.9444444444444444,0.7,1.3492063492063493,15,11,0.009081761078011301
4,error,0.003,aprende,276,0.6,0.27047851165789893,0.6750759478992155,-0.706420113739709,-0.8769764027122928,0.9702579095457562,-2.6583788192461153,0.7639628495344819,0.6220729474721869,0.09414724840322318,0.6858322354574403,0.5893774873774873,0.21771301646260666,0.818774515054146,0.7421212121212122,0.10457218201292022,0.8617711782390981,0.7966329966329966,0.0730906401548004,0.8554932083782145,0.8175000000000001,0.10651358324357116,0.965886173223252,0.9614772727272728,0.029704926280768977,0.9791876866476803,1008,491,0.9689892152464393,0.9651154857309087,0.1368421052631579,0.9444444444444444,0.85,1.1111111111111112,19,14,0.9858096503791149,0.9727207595396007,0.1368421052631579,1.0,0.91,1.0989010989010988,19,15,0.01648390813389313
5,error,0.003,aprende,324,0.4,-0.2955531221943663,0.24852642027838887,-0.7742734271880485,-0.5345068589834565,0.934396428940663,-1.386270462185478,0.7161501546782676,0.6602014615367435,0.2279011521802084,0.7014488006952982,0.561533892936332,0.15863629154573555,0.8490882540882541,0.8497069597069598,0.1515304515304515,0.736613139063267,0.9777777777777779,0.5045514996512439,0.71618820861678,0.984,0.55162358276644,0.7036526050868024,0.7906987799850578,0.3833935698114531,0.8642760997122192,1408,974,0.8689423143817615,0.9032535650110912,0.175,0.9444444444444444,0.64,1.4756944444444444,16,12,0.8811923236558604,0.9342391518850912,0.1625,0.9444444444444444,0.67,1.409618573797678,16,12,0.03200971208949568
6,error,0.003,aprende,324,0.65,-0.024692401307005885,0.7761991588265575,-1.0801274359700483,-0.374533667952322,0.9590824028961211,-2.7568945170777757,0.8743324101398302,0.778297213622291,0.02963239334263067,0.7896324025325772,0.6727824031246789,0.09351759805952445,0.9418085715355684,0.9333333333333332,0.04971619026219633,0.9845189470719768,1.0,0.030962105856046397,0.992609506851875,1.0,0.014780986296250177,0.9943506039535999,0.9939393939393939,0.005238186032194045,0.9682060346430954,747,329,1.0495922311998265,0.9405605697690553,0.16842105263157897,0.6,0.43,1.3953488372093024,19,7,1.053501507280192,0.9390522365203365,0.16842105263157897,0.6,0.43,1.3953488372093024,19,7,0.007906949827416148
7,error,0.003,aprende,308,0.5,0.3657525398504972,0.8587810503541536,-0.2174103568298913,-1.4401566142773854,0.880490024622604,-2.563797982250117,0.9240272453174625,0.8706978137166816,0.022643323081756712,0.7340934238079189,0.6581492192018508,0.1899623715860129,0.9505058460126492,0.9644444444444445,0.063432752419146,0.99187454759917,1.0,0.01625090480165992,0.9934209636941586,1.0,0.01315807261168292,0.9273044633359984,0.9541176470588235,0.0995087203868268,0.9619881828345029,868,369,0.9202670257283163,0.7285117606376995,0.13684210526315793,0.8777777777777778,0.77,1.1399711399711399,19,10,0.9384572664291458,0.730595780204923,0.13684210526315793,0.8777777777777778,0.77,1.1399711399711399,19,10,0.015070024765546234
8,error,0.003,aprende,296,0.55,0.4229588113479871,0.4668600595062532,-2.457193508935727,-2.457193508935727,0.8235842920310723,-2.4976448938522227,0.6935585256509966,0.409978797988842,0.02286174668684887,0.6622131883123459,0.3518650050919696,0.027438628467278008,0.6651003759599401,0.41790070224278136,0.08769995032290115,0.7279192395391645,0.493321770640568,0.03748329156223893,0.8429337164513202,0.763276397515528,0.07740896461288754,0.9831113294634,0.9894444444444443,0.023221785517644415,0.9501357643203858,814,363,0.8944117670038296,1.3315575375885509,0.15294117647058825,0.7555555555555555,0.64,1.1805555555555556,17,11,0.8976284154251836,1.3295944314575034,0.1625,0.8222222222222222,0.69,1.1916264090177133,16,12,0.015771893851984284
9,error,0.003,aprende,309,0.55,0.1423945174581664,0.9002061018892129,0.28975236885183053,0.3937552614433837,0.9829137009492882,-2.3870968141092974,0.7927529946178875,0.7569864015206902,0.17148041228491523,0.789098246311,0.6558351041223969,0.07763861150039682,0.8995895345895346,0.9273809523809524,0.1282018832018832,0.7839590861309115,1.0,0.4320818277381771,0.7734695460381389,1.0,0.4530609079237222,0.7444438998529344,0.7022055220653352,0.2133177223594663,0.8863850045885725,1431,955,0.9071951001867005,0.9416984982604808,0.1625,0.8222222222222222,0.72,1.1419753086419753,16,10,0.9703712810664965,1.0105457732694139,0.1625,0.8111111111111111,0.71,1.1424100156494523,16,10,0.03247155512383889
10,error,0.003,aprende,291,0.8,0.6992646216945996,0.8689798039945063,0.58007385073225,-2.222868104410362,0.9721960304374984,-2.7095998928397904,0.9152262139794143,0.8462296799528117,0.015777251993983183,0.8362359450645555,0.7152380952380952,0.04276620510898427,0.9563412437568535,0.9244444444444444,0.011761956930737515,0.9758474713106812,0.975,0.02330505737863766,0.9527996359988259,0.9153846153846154,0.009785343386963552,0.9816692326782877,0.9913968547641072,0.028058389407532018,0.9319407742753208,894,320,0.9199031149391221,0.9427181057026256,0.24615384615384614,1.0666666666666667,0.68,1.568627450980392,13,13,0.9071153559450218,0.9243095402259395,0.22857142857142856,0.9888888888888889,0.63,1.5696649029982364,14,12,0.00945084769493754
11,error,0.003,aprende,309,0.7,0.6664408381724154,0.8971172981313922,-0.18843172912187844,-1.4285967645514615,0.9200788858560556,-2.636818325785288,0.9220144620176582,0.8690909090909091,0.025061985055592782,0.8884557353570797,0.8307692307692307,0.05385776005507126,0.9335561997239533,0.9333333333333332,0.06622093388542663,0.9824737592677969,0.9818181818181818,0.016870663282588044,0.9817666367455271,0.9777777777777779,0.014244504286723539,0.9971933177250076,1.0,0.005613364549984681,0.9742955175494454,776,326,1.0174425929567332,0.9215869686951164,0.17777777777777778,0.9555555555555556,0.77,1.240981240981241,18,15,1.0229050644708477,0.9150127151555375,0.17777777777777778,0.9555555555555556,0.77,1.240981240981241,18,15,0.008693337824950215
12,error,0.003,aprende,299,0.95,0.8921463542044729,0.9101413543565006,0.6351759724831696,-2.843198890286885,0.4703288534576213,-2.434693514031781,0.9843867166206692,0.9757861635220125,0.0070127302806740205,0.968978204106605,0.9679487179487178,0.029992309735507965,0.9888823954352879,0.9866666666666667,0.008901875796090794,0.9865140158145473,0.9777777777777779,0.004749746148683078,0.9837291972392715,0.9714285714285715,0.003970176950028488,0.8501562759336898,0.8823390894819466,0.18202653761456683,0.8374547955211589,914,383,0.9479764636940369,0.8664435398047506,0.17647058823529413,0.8111111111111111,0.56,1.4484126984126984,17,10,0.9611252468064715,0.8687023070102307,0.18823529411764706,0.8444444444444444,0.54,1.5637860082304527,17,9,0.01703632509481848
13,error,0.003,aprende,298,0.4,0.17260112123276655,0.7971029402072171,-0.7922184749206438,-0.4088451724269507,0.9327820659928134,-2.396746000002224,0.8149276205540212,0.825662778366914,0.19580753725887157,0.7328571923650083,0.6940070505287896,0.22829266579877294,0.8976094369761507,0.9888888888888889,0.19367001493658753,0.9014635160395859,1.0,0.19707296792082837,0.8545837013067269,1.0,0.2908325973865462,0.7501808398777774,0.825879546146026,0.32551786639047126,0.9219048147652182,1052,537,0.9061441923215905,1.0965077699922043,0.1647058823529412,0.6555555555555556,0.54,1.213991769547325,17,8,0.92965402171909,1.1362444240676874,0.15294117647058825,0.6444444444444445,0.58,1.1111111111111112,17,9,0.02681448395109218
14,error,0.003,aprende,331,0.95,0.8702159424570719,0.9772514977892542,0.8828381860488896,-2.9317581001805904,0.8828381860488896,-2.9100855091647455,0.9649133170965458,0.982840909090909,0.05301427489781737,0.8984902249774585,1.0,0.20301955004508296,0.9383339115941134,1.0,0.12333217681177308,0.8756467711917133,0.9555555555555555,0.20426201317212903,0.9712203590051618,0.975,0.03255928198967649,0.8507119621836376,0.8602013162988772,0.158777391931602,0.8712006256715509,826,376,0.9620729898883095,0.9399852866153233,0.17333333333333334,1.3444444444444446,1.02,1.318082788671024,15,16,0.9828018506994164,0.9517815788768955,0.2,1.5333333333333334,1.01,1.5181518151815183,14,17,0.013490137802854813
15,error,0.003,aprende,299,0.55,0.336402940927492,0.6121433740073865,-0.008969606900320948,-0.6961859673843025,0.9130035589098769,-2.5845972561342645,0.7522070758478036,0.815516513266268,0.31110236157066085,0.7130096464411269,0.791048951048951,0.36502965816669725,0.7879231385795573,0.8609372236958445,0.2850909465367297,0.7984040117008983,0.9099999999999999,0.3131919765982034,0.7564166564649673,0.9393772893772894,0.4265439764473548,0.8844731702918575,0.8005283323250655,0.03158199174135061,0.9176521345313018,951,536,1.0780992158942513,1.0217257596324782,0.17500000000000002,0.8,0.65,1.2307692307692308,16,10,1.1114568813150827,1.0424256579600975,0.1625,0.7888888888888889,0.68,1.1601307189542482,16,10,0.016886640829005626
16,error,0.003,aprende,300,0.9,0.8059501068389814,0.9911381540186603,0.44824753099797054,-1.5470662001000115,0.9994329222036527,-3.0286472814464274,0.9775862324753357,1.0,0.04482753504932869,0.8893722943722944,1.0,0.22125541125541126,0.9744910141764906,1.0,0.05101797164701882,0.9891948051948052,1.0,0.02161038961038961,0.9814251207729469,1.0,0.03714975845410628,0.9996217920017667,1.0,0.0007564159964666012,0.9949250224768399,652,153,1.180322521671934,0.7995439280556617,0.3125,1.1666666666666667,0.16,7.291666666666667,16,8,1.188232452347725,0.8013734389165393,0.32499999999999996,1.2,0.16,7.5,16,8,0.003712108714192375
17,error,0.003,aprende,287,0.5,0.2700280275288952,0.7038006285225623,-0.3874803221695369,-1.4524570771017113,0.927915788046666,-2.8363836707606684,0.8376737644604457,0.7453192805085642,0.06997175158767288,0.7369212814810061,0.5522921522921522,0.07844958933014004,0.8986662462466699,0.8967320261437909,0.09939953365045104,0.9802633736390042,1.0,0.03947325272199166,0.936381537694458,0.9777777777777779,0.10501470238886187,0.9777328414256808,0.9608695652173914,0.005403882366029724,0.978629511521786,794,327,1.0512875610440728,0.9454450978805665,0.15294117647058827,0.6333333333333333,0.54,1.1728395061728394,17,8,1.060844768037545,0.9482363002437894,0.1647058823529412,0.6333333333333333,0.52,1.2179487179487178,17,8,0.01003347651620963
18,error,0.003,aprende,309,0.65,0.5410402894712795,0.63067313199991,0.0,-2.4087907598376694,0.998839912798189,-2.603628102150841,0.7842679964523194,0.8588077407226343,0.29027174781799553,0.7494953792373114,0.784992784992785,0.2860020265181624,0.7603740206696471,0.8285714285714285,0.3078233872321343,0.8319801044037526,0.9478070175438595,0.2838468087363544,0.8057315256565495,0.9281593406593407,0.31669628934624167,0.8761259475827844,0.9654761904761905,0.21322429531062173,0.9471956354425846,1227,723,1.0757187037435305,1.073867479759624,0.175,0.7777777777777778,0.64,1.2152777777777777,16,10,1.1090866681091638,1.0960591473602272,0.17333333333333337,0.8,0.71,1.1267605633802817,15,10,0.024578971676588478
19,error,0.003,aprende,277,0.6,0.4454378404846302,0.9224016371689678,0.0,-0.22040867004381504,0.8940418760971721,-2.6549915796430392,0.8707573014579326,0.9547474747474748,0.21323287183160972,0.7580430181341662,0.9156593406593407,0.39957330439100847,0.8956792824453887,0.9788043478260869,0.1874457829353096,0.8721313330177209,0.9690476190476192,0.22478495301217732,0.8725243218623817,0.9482352941176471,0.20318665039288372,0.8573125422645409,0.8937400191632067,0.17911493463412495,0.8694311645036432,1058,531,0.8371028079038489,0.9866095447883667,0.12000000000000002,1.3,1.27,1.0236220472440944,15,19,0.8783525722558551,1.0098404679886328,0.12000000000000001,1.4333333333333333,1.4,1.023809523809524,15,20,0.025225074301678852
20,error,0.003,aprende,324,0.9,0.7799741171672395,0.9369924827629897,0.37407272734674346,-2.5103539565297845,1.0072069646925494,-3.223915234395788,0.9424523449210152,0.9081944444444445,0.023289754602414323,0.8981053576201932,1.0,0.20378928475961353,0.878563346373302,0.9607142857142857,0.2035875929676818,0.9335240336209916,0.890909090909091,0.023861023667107704,0.9238267675660419,0.8666666666666666,0.01901313153458273,0.9979653532316357,1.0,0.004069293536728655,0.9862272080120184,707,239,1.0585143661347653,0.930305681146486,0.17647058823529413,0.9111111111111111,0.56,1.6269841269841268,17,11,1.0563467877788135,0.9238045600968874,0.17777777777777778,0.8666666666666667,0.5,1.7333333333333334,18,10,0.007186734217425039
1,error,0.01,congelado,253,0.85,0.640290186163044,0.9564657236342861,0.8820874975397766,-1.0178714117891394,1.01293454808415,-2.7401445285036,0.7427451250330428,0.9479812206572771,0.46249097059119143,0.7309114414996768,0.97,0.5081771170006464,0.7123764505802321,0.9231372549019607,0.4983843537414966,0.748157082600482,0.9431372549019608,0.4468230897009967,0.7664583630660092,0.9764705882352942,0.4435538621032757,0.9932148199191104,0.9925188743994509,0.0060892345612300145,0.9649738171241614,994,438,1.1387436695619466,1.0464911167935906,0.16000000000000003,1.3111111111111111,1.05,1.2486772486772486,20,19,1.1387436695619466,1.0464911167935906,0.16000000000000003,1.3111111111111111,1.05,1.2486772486772486,20,19,0.02155049010911471
2,error,0.01,congelado,323,0.7,0.6292152167176815,0.8188063036024511,-0.18059249244143372,-1.2927374915496708,0.9890007007454669,-2.9436048002832265,0.7773200786516454,0.7233090523074301,0.16866889500413926,0.762247956568928,0.7551482479784367,0.23065233484058076,0.7372208480441613,0.6573942470389171,0.18295255095059443,0.8137065759094284,0.7596480067854113,0.1322348549665546,0.7726291434569048,0.7732550554468363,0.2279967685330267,0.9984818495433178,1.0,0.003036300913364539,0.9809643447869675,744,349,1.0723162848812435,1.0885032076981724,0.16190476190476194,0.6444444444444445,0.52,1.2393162393162394,21,10,1.0723162848812435,1.0885032076981724,0.16190476190476194,0.6444444444444445,0.52,1.2393162393162394,21,10,0.018427432405238923
3,error,0.01,congelado,386,0.9,0.7888626739240787,0.7014778806475331,1.0063876441578135,-0.5346430161992879,0.9446834504629571,-2.6518916966532773,0.7090630400233325,0.9941176470588236,0.5759915670121585,0.6526306882654458,1.0,0.6947386234691083,0.705530489472245,1.0,0.58893902105551,0.7109664711515005,0.975,0.5530670576969989,0.7249377306795282,1.0,0.5501245386409438,0.9980073925406576,1.0,0.00398521491868478,0.9084418058969735,783,553,1.0556613346228694,1.1945930822778514,0.20000000000000004,0.9555555555555556,0.75,1.2740740740740741,15,12,1.0556613346228694,1.1945930822778514,0.20000000000000004,0.9555555555555556,0.75,1.2740740740740741,15,12,0.022408903553698036
4,error,0.01,congelado,334,0.6,0.18027060284262525,0.7504102581944788,-0.7622090778621375,-1.5434628379382578,0.9921806263027471,-2.5246958143005536,0.5528267547736324,0.46138520647571407,0.3557316969284492,0.5536946307503119,0.4656286877058884,0.3582394262052647,0.5243102767628622,0.4353825984460321,0.3867620449203076,0.5636461677126894,0.4663055641118984,0.3390132286865198,0.578122300642423,0.5107400753440922,0.35449547405924636,0.9973827598280882,1.0,0.005234480343823487,0.9754757812720806,846,532,0.9624041568670343,0.9620022033996065,0.13,0.9222222222222223,0.85,1.084967320261438,20,14,0.9624041568670343,0.9620022033996065,0.13,0.9222222222222223,0.85,1.084967320261438,20,14,0.0279921662643326
5,error,0.01,congelado,399,0.7,0.4604153920403604,0.5902671221072816,0.0,-0.29789459139347474,0.6951590422666334,-0.45615221724514665,0.610943571759085,0.7228329628191743,0.5009458193010043,0.6037004521249687,0.7306273726273727,0.5232264683774351,0.6135507983018098,0.716537950937951,0.4894363543343315,0.6284681314498672,0.7324555091521343,0.4755192462523999,0.5980440970337093,0.7218519487701073,0.5257637547026885,0.7592249162672378,0.9596790679416056,0.4412292354071302,0.847775342014532,2252,1941,0.8170725794467663,0.867020056413844,0.175,0.7555555555555555,0.64,1.1805555555555556,16,10,0.8170725794467663,0.867020056413844,0.175,0.7555555555555555,0.64,1.1805555555555556,16,10,0.06080027884372436
6,error,0.01,congelado,262,0.65,0.12033806380562767,0.8614353813422425,-1.0716999541194498,-0.6863092627753966,0.9265153690203916,-2.822813497893036,0.5466333513135537,0.45822007004123194,0.36495336741412454,0.5543201243201243,0.4478754578754579,0.3392352092352092,0.5479689460917482,0.4765077369728533,0.38056984478935696,0.58137724532511,0.48052227342549925,0.31776778277527906,0.5310860933746043,0.46853726611428803,0.4063650793650794,0.992168746617988,0.9882352941176471,0.0038978008816708764,0.9859184150678011,845,353,1.051752758757728,0.9293729695204599,0.17894736842105263,0.6111111111111112,0.39,1.566951566951567,19,7,1.051752758757728,0.9293729695204599,0.17894736842105263,0.6111111111111112,0.39,1.566951566951567,19,7,0.01666326460192667
7,error,0.01,congelado,283,0.75,0.6070419160198999,0.7801148510063034,0.061655918662176235,-1.7824992041388086,0.9732939006184121,-2.853134248133939,0.8125106963643995,0.9190076030412164,0.29398621031241745,0.8316943203644794,0.9406593406593406,0.27727069993038184,0.8265314760511004,0.9692307692307693,0.31616781712856856,0.8073045911204849,0.8960683760683761,0.2814591938274062,0.7911914569303253,0.9005574136008919,0.31817449974024115,0.9980112382590232,1.0,0.003977523481953748,0.9741131772489193,790,372,0.9309661645777778,0.7410666010976854,0.15555555555555556,0.9333333333333333,0.72,1.2962962962962963,18,10,0.9309661645777778,0.7410666010976854,0.15555555555555556,0.9333333333333333,0.72,1.2962962962962963,18,10,0.017475682613064907
8,error,0.01,congelado,319,0.65,0.6242436352691483,0.7180526064188237,-0.04502254119342575,-2.636053897220037,0.9266833314694243,-2.636053897220037,0.7873181453672229,0.5816888083735909,0.007052517639145314,0.7872592302886063,0.5849350193185809,0.010416558741368397,0.7673601126717706,0.5418867924528302,0.007166567109288975,0.7986206781999391,0.6011764705882353,0.003935114188357172,0.788362518240567,0.6024390243902439,0.025713987909109857,0.9968541279393979,1.0,0.006291744121204319,0.9602135495080109,684,377,0.8493724783393165,1.2902989506938112,0.1647058823529412,0.7111111111111111,0.59,1.2052730696798495,17,9,0.8493724783393165,1.2902989506938112,0.1647058823529412,0.7111111111111111,0.59,1.2052730696798495,17,9,0.03278381246294738
9,error,0.01,congelado,339,0.5,0.12529268102241625,0.8100763734999615,0.35321440896391587,0.43320529132712204,0.969950956483732,-2.434304508773031,0.5952241209030622,0.7843891973770243,0.5939409555709,0.599423960171459,0.8008123476848091,0.6019644273418912,0.6083940961313595,0.8003314001657001,0.5835432079029811,0.5995158778912756,0.8003134796238245,0.6012817238412733,0.5747143836900925,0.7523544820678763,0.6029257146876911,0.8931814588639303,0.985170068027211,0.19880715029935037,0.8840103804529535,846,578,0.9408032660355025,0.9997182355806068,0.1625,0.8111111111111111,0.73,1.1111111111111112,16,10,0.9408032660355025,0.9997182355806068,0.1625,0.8111111111111111,0.73,1.1111111111111112,16,10,0.026067143645929835
10,error,0.01,congelado,304,0.8,0.5299669524518485,0.9174496837792979,0.709072150689554,-2.08874252461972,0.9721960304374984,-2.937160782821201,0.6996413446528582,0.788348896434635,0.3890662071289186,0.6972752993275381,0.8074626865671641,0.41291208791208794,0.6990992175594825,0.7793755912961211,0.3811771561771562,0.7049227124466685,0.7907775768535263,0.38093215196018937,0.6942447739924438,0.7818873668188736,0.39339781883398606,0.9888418031656028,1.0,0.02231639366879432,0.9319407742753208,813,333,0.9149948699131459,0.9302184452614294,0.2153846153846154,1.011111111111111,0.72,1.404320987654321,13,13,0.9149948699131459,0.9302184452614294,0.2153846153846154,1.011111111111111,0.72,1.404320987654321,13,13,0.016866081286244623
11,error,0.01,congelado,297,0.7,0.6664408381724154,0.8971172981313922,-0.18843172912187844,-1.4285967645514615,0.9200788858560556,-2.636818325785288,0.7660478022920374,0.6424720519293184,0.11037644734524377,0.7491597994754643,0.6317296678121421,0.13341006886121354,0.7510576750492781,0.6269105599820447,0.12479520988348851,0.7577988169116403,0.6309696969696971,0.11537206314641657,0.8075995058064879,0.701008991008991,0.08580997939601516,0.9956726948043333,0.9962962962962962,0.004950906687629594,0.9742955175494454,829,409,1.02729574854696,0.9154161262939335,0.17777777777777778,0.9555555555555556,0.77,1.240981240981241,18,15,1.02729574854696,0.9154161262939335,0.17777777777777778,0.9555555555555556,0.77,1.240981240981241,18,15,0.018345178493617803
12,error,0.01,congelado,350,0.8,0.7697449815496626,0.9490992841364162,0.7804149739753633,-2.7608682803157354,0.4840129032961258,-2.5585264695140264,0.8351945604251682,0.964423076923077,0.2940339560727408,0.8317301421193617,0.9397129186602872,0.2762526344215639,0.8380163550730881,0.9777777777777779,0.30174506763160164,0.8337461116049573,0.9714285714285715,0.303936348218657,0.8300629512746476,1.0,0.3398740974507048,0.8702591796816468,0.921727395411606,0.18120903604831246,0.8392910223000353,766,445,0.8905141742180271,0.8351254666824451,0.17647058823529413,0.7333333333333333,0.54,1.3580246913580245,17,10,0.8905141742180271,0.8351254666824451,0.17647058823529413,0.7333333333333333,0.54,1.3580246913580245,17,10,0.03461418289438868
13,error,0.01,congelado,338,0.5,0.24856676639300437,0.833001549786704,-0.9661336304158112,-0.4161626073803513,0.9303976155476543,-2.507756370504567,0.47245747119311565,0.4501526919325108,0.5052377495462795,0.4559392880877895,0.46292569659442717,0.5510471204188482,0.5056530518060158,0.4768970814132104,0.46559097780117875,0.47991149147831175,0.5618637992831541,0.6020408163265306,0.4879774305555556,0.4666666666666667,0.49071180555555555,0.9682834537799083,0.9935483870967742,0.05698147953695765,0.943677314934479,731,416,0.8975494840159552,1.116527730077454,0.14444444444444446,0.5666666666666667,0.53,1.069182389937107,18,7,0.8975494840159552,1.116527730077454,0.14444444444444446,0.5666666666666667,0.53,1.069182389937107,18,7,0.03776944462646726
14,error,0.01,congelado,288,0.9,0.9024410652932746,0.9738096675117928,1.3082849774641916,-2.452085559692958,0.9287925594196418,-2.920949102224773,0.9239620101666823,0.9227272727272726,0.07480325239390792,0.9610511071764269,1.0,0.07789778564714625,0.9271172316911477,0.9285714285714285,0.07433696518913316,0.9225839346595694,0.909090909090909,0.06392303977177002,0.9021075746760826,0.8923076923076924,0.08809254295552713,0.9895026307585832,0.9952380952380953,0.01623283372092888,0.9743975199016384,795,262,1.0084581485989816,0.9704610473285346,0.2,1.5333333333333334,1.07,1.4330218068535825,14,18,1.0084581485989816,0.9704610473285346,0.2,1.5333333333333334,1.07,1.4330218068535825,14,18,0.017580550930382414
15,error,0.01,congelado,257,0.65,0.28046594048807283,0.8210253137004743,0.005413503927648833,-1.3334872280319223,0.917698616499515,-2.5891740155243905,0.6700324932536148,0.5952431243124312,0.2551781378052015,0.6766859368240332,0.6111688311688311,0.2577969575207648,0.6761493493256235,0.6011507936507936,0.24885209499954658,0.6617153455863133,0.603030303030303,0.2795996118576764,0.6601764383243822,0.5588304093567251,0.23847753270796068,0.991125557248611,0.9916809605488851,0.009429846051663207,0.9176521345313018,861,419,1.0956396965732211,1.0437813796809094,0.15294117647058827,0.8,0.68,1.1764705882352942,17,10,1.0956396965732211,1.0437813796809094,0.15294117647058827,0.8,0.68,1.1764705882352942,17,10,0.01935410893429908
16,error,0.01,congelado,313,1.0,0.869320616903252,0.9944381092082425,0.5790193177310661,-3.2641170767746077,1.0003914972099408,-3.2641170767746077,0.9122747108880389,0.9837837837837838,0.1592343620077062,0.9286713286713287,0.9846153846153847,0.12727272727272726,0.9161111111111111,1.0,0.16777777777777778,0.9,1.0,0.2,0.8956135751983503,0.9555555555555555,0.164328405158855,0.9985307997454742,1.0,0.002938400509051513,0.99389364916736,627,140,1.193826833978073,0.7999336722709355,0.31250000000000006,1.2777777777777777,0.22,5.808080808080808,16,8,1.193826833978073,0.7999336722709355,0.31250000000000006,1.2777777777777777,0.22,5.808080808080808,16,8,0.007877756636639203
17,error,0.01,congelado,288,0.6,0.5025640487826692,0.9121971300207208,-0.25445989348326714,-1.357517427154695,0.9208509474645452,-2.9232504301463536,0.7045257180642505,0.540611130497011,0.13155969436851014,0.7050788244883921,0.5883581400715358,0.1782004910947516,0.6873526542036797,0.532644821562019,0.15793951315465946,0.6674987731399186,0.49482929166473466,0.1598317453848975,0.7459401253508665,0.5924367436743674,0.10055649297263439,0.9890824236678188,0.9862579281183933,0.008093080782755752,0.9685195529559539,700,327,1.0390689979099401,0.9349962577240546,0.1647058823529412,0.6555555555555556,0.52,1.2606837606837606,17,9,1.0390689979099401,0.9349962577240546,0.1647058823529412,0.6555555555555556,0.52,1.2606837606837606,17,9,0.0192120183457121
18,error,0.01,congelado,289,0.55,0.37358619214093125,0.5674354967029598,0.0,-1.0274554190373824,1.0509906554671065,-2.6957167459449614,0.6090076640981987,0.6518517964071856,0.43383646821078814,0.6158842523596622,0.6726775956284152,0.4409090909090909,0.6414961709810636,0.715820895522388,0.43282855356026084,0.5858618866259253,0.5997013695808876,0.4279775963290371,0.6321658162910647,0.7024475524475523,0.43811591986542286,0.9534184945911941,1.0,0.09316301081761191,0.9514147229685171,1164,641,1.067033514004231,1.0708530756018744,0.1625,0.7444444444444445,0.68,1.0947712418300652,16,10,1.067033514004231,1.0708530756018744,0.1625,0.7444444444444445,0.68,1.0947712418300652,16,10,0.03684657615868977
19,error,0.01,congelado,301,0.6,0.48768731929289993,0.7250334608088294,0.8756126991082542,0.0,0.8597736043023123,-2.7159165191696046,0.6124199706274536,0.9599945289649223,0.7351545877100152,0.5956547619047619,0.9614285714285714,0.7701190476190476,0.6261629950785096,0.980952380952381,0.7286263907953618,0.6096972838595556,0.9517241379310345,0.7323295702119232,0.6099137494189968,0.9482517482517483,0.7284242494137546,0.9003190614640072,0.9737011494252872,0.17306302649727281,0.8609244825948538,1264,710,0.8300530576051734,0.98642068060686,0.125,0.9111111111111111,0.92,0.9903381642512077,16,14,0.8300530576051734,0.98642068060686,0.125,0.9111111111111111,0.92,0.9903381642512077,16,14,0.044481756023306396
20,error,0.01,congelado,293,0.9,0.8007763310938405,0.9392085182730368,0.5872103102470355,-2.5103539565297845,1.0072069646925494,-3.223915234395788,0.8932525845887889,0.993103448275862,0.2065982790982844,0.8795911865529301,0.9714285714285713,0.21224619832271108,0.9017594432755585,1.0,0.19648111344888294,0.8918967693741409,1.0,0.21620646125171836,0.8946999709390558,1.0,0.2106000581218883,0.998421653536302,1.0,0.003156692927395907,0.9862272080120184,709,241,1.046318053150238,0.932766880399569,0.18888888888888888,0.8444444444444444,0.44,1.9191919191919191,18,9,1.046318053150238,0.932766880399569,0.18888888888888888,0.8444444444444444,0.44,1.9191919191919191,18,9,0.01609347550082265
1,error,0.01,aprende,280,0.85,0.640290186163044,0.9564657236342861,0.8820874975397766,-1.0178714117891394,1.01293454808415,-2.7401445285036,0.8325706121784106,0.7114372331708042,0.04629600881398307,0.7095769900804818,0.7427272727272728,0.32357329256630935,0.8343488341590968,0.7307936507936508,0.062095982475457126,0.8746412012492601,0.7972350230414746,0.047952620542954474,0.8842753395506168,0.8034920634920635,0.03494138439082996,0.9854657356349006,0.9749565217391304,0.004025050469329288,0.9649738171241614,966,415,1.066726230488999,1.0493653928171234,0.1368421052631579,1.3,1.2,1.0833333333333335,19,20,1.1387436695619466,1.0464911167935906,0.16000000000000003,1.3111111111111111,1.05,1.2486772486772486,20,19,0.03562344830604264
2,error,0.01,aprende,279,0.7,0.6292152167176815,0.8188063036024511,-0.18059249244143372,-1.2927374915496708,0.9890007007454669,-2.9436048002832265,0.887801189782559,0.800733847327378,0.025131467762260044,0.7472681214486407,0.6896638655462185,0.19512762264893707,0.9519486412892326,0.9444444444444444,0.04054716186597912,0.9260322386215898,1.0,0.14793552275682056,0.9363882299658066,0.9657142857142859,0.09293782578267254,0.9941688403338881,0.9909043927648579,0.002566712097081688,0.9809643447869675,855,330,1.0096521428695644,1.0810938929883094,0.14545454545454548,0.6222222222222222,0.53,1.1740041928721174,22,10,1.0723162848812435,1.0885032076981724,0.16190476190476194,0.6444444444444445,0.52,1.2393162393162394,21,10,0.03111794007568205
3,error,0.01,aprende,311,0.9,0.7888626739240787,0.7014778806475331,1.0063876441578135,-0.5346430161992879,0.9446834504629571,-2.6518916966532773,0.9816798978802119,0.9811105345096005,0.01775073874917673,0.9575307377243518,0.9875,0.07243852455129626,0.9672353260255592,0.9623931623931625,0.027922510342044193,0.9840995898604152,0.9800000000000001,0.0118008202791695,0.9953273226859257,1.0,0.009345354628148509,0.9929206572146501,0.9918785890073831,0.00603727457808311,0.9084418058969735,855,384,1.061797022832429,1.181984103019145,0.21333333333333335,0.9777777777777777,0.75,1.3037037037037036,15,11,1.0556613346228694,1.1945930822778514,0.20000000000000004,0.9555555555555556,0.75,1.2740740740740741,15,12,0.025124255377553785
4,error,0.01,aprende,305,0.6,0.18027060284262525,0.7504102581944788,-0.7622090778621375,-1.5434628379382578,0.9921806263027471,-2.5246958143005536,0.7912247224928761,0.6110615158037838,0.028612070818031594,0.610350520350299,0.5351128379816905,0.3144117972810926,0.7976087487633186,0.6353499695678637,0.04013247204122661,0.8679105629260425,0.7565027003357174,0.020681574483632337,0.886516799533304,0.8454545454545455,0.07242094638793745,0.974957360648979,0.9745284537576133,0.024613732459655462,0.9754757812720806,959,523,0.9337559561610097,0.9387471641478421,0.16000000000000003,0.8444444444444444,0.66,1.2794612794612794,20,12,0.9624041568670343,0.9620022033996065,0.13,0.9222222222222223,0.85,1.084967320261438,20,14,0.04568515381705176
5,error,0.01,aprende,510,0.7,0.4604153920403604,0.5902671221072816,0.0,-0.29789459139347474,0.6951590422666334,-0.45615221724514665,0.8638466368576663,0.9816931922850027,0.2539999185696702,0.8797323295737236,0.8908956228956229,0.1314309637481756,0.9510735171416936,0.9894736842105264,0.0873266499271391,0.8386240550342916,0.9699443413729127,0.29269623130432965,0.5998789043715553,0.9970210409745294,0.7972632322314188,0.6279597098047852,0.8724272873295856,0.6165078677200152,0.847775342014532,3028,2787,0.9009693532526294,0.7349830113738108,0.18947368421052632,0.7777777777777778,0.39,1.9943019943019942,19,10,0.8170725794467663,0.867020056413844,0.175,0.7555555555555555,0.64,1.1805555555555556,16,10,0.09281412203336387
6,error,0.01,aprende,295,0.65,0.12033806380562767,0.8614353813422425,-1.0716999541194498,-0.6863092627753966,0.9265153690203916,-2.822813497893036,0.8636571106459001,0.7566385196424449,0.02932429835064459,0.7957848030503638,0.6762478485370051,0.08467824243627751,0.935439047745134,0.9175653594771243,0.046687263986856437,0.975073807816418,0.975,0.02485238436716406,0.9900835336958684,1.0,0.019832932608263007,0.9968256221114381,1.0,0.006348755777123782,0.9859184150678011,797,281,1.0403934524343466,0.9385313022406491,0.17894736842105263,0.6111111111111112,0.39,1.566951566951567,19,7,1.051752758757728,0.9293729695204599,0.17894736842105263,0.6111111111111112,0.39,1.566951566951567,19,7,0.024994923229807463
7,error,0.01,aprende,321,0.75,0.6070419160198999,0.7801148510063034,0.061655918662176235,-1.7824992041388086,0.9732939006184121,-2.853134248133939,0.985057000368575,0.9867588932806324,0.016644892543482306,0.9175521808991834,0.980952380952381,0.14584801915401419,0.9894011572307403,1.0,0.021197685538519365,0.982276695323375,0.9777777777777779,0.013224387131027877,0.9922898027522553,1.0,0.015420394495489348,0.9298166114046511,0.8725717653188297,0.012938542509527404,0.9741131772489193,791,380,0.8966320865590907,0.7397097868835594,0.14444444444444443,0.9,0.78,1.1538461538461537,18,10,0.9309661645777778,0.7410666010976854,0.15555555555555556,0.9333333333333333,0.72,1.2962962962962963,18,10,0.03252698887194494
8,error,0.01,aprende,313,0.65,0.6242436352691483,0.7180526064188237,-0.04502254119342575,-2.636053897220037,0.9266833314694243,-2.636053897220037,0.7938415168786532,0.6090531037417838,0.021370069984477262,0.7985722081583584,0.6057790531882252,0.00863463687150838,0.7884487083860405,0.5906382978723403,0.013740881100259297,0.8026861390071054,0.6443636363636364,0.0389913583494255,0.8298396689288334,0.7022978723404256,0.04261853448275862,0.9930368064130338,1.0,0.013926387173932384,0.9602135495080109,782,394,0.8335303003105454,1.2942262843021994,0.17647058823529413,0.7222222222222222,0.56,1.2896825396825395,17,10,0.8493724783393165,1.2902989506938112,0.1647058823529412,0.7111111111111111,0.59,1.2052730696798495,17,9,0.0441321995532258
9,error,0.01,aprende,319,0.5,0.12529268102241625,0.8100763734999615,0.35321440896391587,0.43320529132712204,0.969950956483732,-2.434304508773031,0.7779614438399155,0.7919862838130018,0.2360633961331709,0.7653130007773661,0.6985294117647058,0.16790341020997362,0.8979873960098921,0.9549842049842049,0.15900941296442078,0.6561189573476807,0.7758499083086472,0.46361199361328576,0.6016643421369192,0.984235294117647,0.7809066098438084,0.7093791588697227,0.724092536487136,0.3053342187476907,0.8840103804529535,1657,1201,0.9120743438362009,0.7985890137258761,0.22352941176470587,0.7777777777777778,0.38,2.046783625730994,17,8,0.9408032660355025,0.9997182355806068,0.1625,0.8111111111111111,0.73,1.1111111111111112,16,10,0.0817554209449264
10,error,0.01,aprende,294,0.8,0.5299669524518485,0.9174496837792979,0.709072150689554,-2.08874252461972,0.9721960304374984,-2.937160782821201,0.7270430681784534,0.6576896285319858,0.20360349217507875,0.7660816768671561,0.8072289156626506,0.2750655619283383,0.775749307679231,0.765,0.21350138464153812,0.7492545915307562,0.7086466165413534,0.21013743347984098,0.8214447535360887,0.8319444444444445,0.18905493737226706,0.9545644297821794,0.9177837195484255,0.008654859984066883,0.9319407742753208,792,316,0.8792572688418395,0.9552908944489292,0.21428571428571425,0.9777777777777777,0.62,1.5770609318996416,14,12,0.9149948699131459,0.9302184452614294,0.2153846153846154,1.011111111111111,0.72,1.404320987654321,13,13,0.030568004003776548
11,error,0.01,aprende,312,0.7,0.6664408381724154,0.8971172981313922,-0.18843172912187844,-1.4285967645514615,0.9200788858560556,-2.636818325785288,0.9171052585047471,0.8596336996336997,0.02542318262420551,0.8884557353570797,0.8307692307692307,0.05385776005507126,0.9335561997239533,0.9333333333333332,0.06622093388542663,0.9824737592677969,0.9818181818181818,0.016870663282588044,0.9848479710572051,0.9846153846153847,0.014919442500974597,0.9964201373146937,1.0,0.007159725370612718,0.9742955175494454,774,334,1.0118201248802716,0.9344315454910024,0.18888888888888894,0.9111111111111111,0.69,1.320450885668277,18,14,1.02729574854696,0.9154161262939335,0.17777777777777778,0.9555555555555556,0.77,1.240981240981241,18,15,0.025147173493679235
12,error,0.01,aprende,307,0.8,0.7697449815496626,0.9490992841364162,0.7804149739753633,-2.7608682803157354,0.4840129032961258,-2.5585264695140264,0.9281553688434854,0.9674572531715387,0.11114651548456789,0.8885163835498544,0.9192307692307693,0.1421980021310604,0.9489840263096077,1.0,0.10203194738078461,0.9305882352941177,0.9866666666666667,0.12549019607843137,0.9191775726684117,0.9800000000000001,0.14164485466317675,0.8343976797919654,0.8487061087061087,0.17991074912217792,0.8392910223000353,877,414,0.8753461810636842,0.8449495371133164,0.16666666666666669,0.6555555555555556,0.49,1.3378684807256236,18,8,0.8905141742180271,0.8351254666824451,0.17647058823529413,0.7333333333333333,0.54,1.3580246913580245,17,10,0.0459599908752381
13,error,0.01,aprende,290,0.5,0.24856676639300437,0.833001549786704,-0.9661336304158112,-0.4161626073803513,0.9303976155476543,-2.507756370504567,0.8311585803731893,0.792092846092846,0.12977568534646736,0.6916402318992061,0.6532117158204115,0.26993125202199936,0.8353934512073202,0.8457894736842105,0.17500257126957025,0.954161176987264,1.0,0.09167764602547211,0.8815760915733025,1.0,0.23684781685339495,0.8238008168940748,0.8156060051853622,0.16800437139721253,0.943677314934479,1009,510,0.8898534452143457,1.048139876742035,0.16842105263157894,0.5333333333333333,0.42,1.2698412698412698,19,6,0.8975494840159552,1.116527730077454,0.14444444444444446,0.5666666666666667,0.53,1.069182389937107,18,7,0.0637424491637746
14,error,0.01,aprende,304,0.9,0.9024410652932746,0.9738096675117928,1.3082849774641916,-2.452085559692958,0.9287925594196418,-2.920949102224773,0.9704809149169742,0.9528571428571428,0.011895313023194475,0.9648258142969277,0.975,0.04534837140614463,0.9623628748151831,0.9555555555555555,0.030829805925189146,0.9448546234817266,0.9055555555555556,0.015846308592102305,0.9823202533663731,0.9703296703296704,0.005689163596924215,0.9886484341426889,0.9923076923076923,0.015010824022314568,0.9743975199016384,770,301,0.9902476707164489,0.9700914248978404,0.2,1.5333333333333334,1.12,1.369047619047619,14,19,1.0084581485989816,0.9704610473285346,0.2,1.5333333333333334,1.07,1.4330218068535825,14,18,0.0250816569501684
15,error,0.01,aprende,276,0.65,0.28046594048807283,0.8210253137004743,0.005413503927648833,-1.3334872280319223,0.917698616499515,-2.5891740155243905,0.7880098538461362,0.7238336684442113,0.1478139607519389,0.6930559600408063,0.6392592592592593,0.25314733917764676,0.8421467452901376,0.8289201877934274,0.1446266972131522,0.8753663002700612,0.8879999999999999,0.13726739945987748,0.8589605784788363,0.9363636363636363,0.21844247940596348,0.915676995430075,0.9024912280701753,0.07113723721002532,0.9176521345313018,1063,571,1.057631713227564,0.9898411290194243,0.17894736842105266,0.7444444444444445,0.49,1.5192743764172336,19,8,1.0956396965732211,1.0437813796809094,0.15294117647058827,0.8,0.68,1.1764705882352942,17,10,0.05807741279449877
16,error,0.01,aprende,311,1.0,0.869320616903252,0.9944381092082425,0.5790193177310661,-3.2641170767746077,1.0003914972099408,-3.2641170767746077,0.9961630471637714,0.9953488372093023,0.003022742881759614,0.9983052901260213,1.0,0.0033894197479573465,0.9892956455309396,0.9818181818181818,0.003226890756302521,0.9979866703693419,1.0,0.004026659261316301,0.9990200501253133,1.0,0.0019598997493734337,0.9989340813760942,1.0,0.0021318372478115995,0.99389364916736,633,133,1.2051992954876145,0.8060598645444925,0.325,1.3666666666666667,0.16,8.541666666666666,16,9,1.193826833978073,0.7999336722709355,0.31250000000000006,1.2777777777777777,0.22,5.808080808080808,16,8,0.010247359827383954
17,error,0.01,aprende,311,0.6,0.5025640487826692,0.9121971300207208,-0.25445989348326714,-1.357517427154695,0.9208509474645452,-2.9232504301463536,0.8669747692989417,0.7723214285714286,0.03837188997354527,0.7591611175434705,0.6131818181818182,0.09485958309487721,0.9170717156160388,0.8722222222222221,0.03807879099014453,0.9836222868176618,1.0,0.03275542636467617,0.979968567713388,1.0,0.040062864573224055,0.9982105559160162,1.0,0.0035788881679677613,0.9685195529559539,718,309,1.0317281592108547,0.9361487271420386,0.16470588235294123,0.6444444444444445,0.53,1.2159329140461217,17,8,1.0390689979099401,0.9349962577240546,0.1647058823529412,0.6555555555555556,0.52,1.2606837606837606,17,9,0.023932810699965924
18,error,0.01,aprende,310,0.55,0.37358619214093125,0.5674354967029598,0.0,-1.0274554190373824,1.0509906554671065,-2.6957167459449614,0.73743945763855,0.8533728636954443,0.37849394841834433,0.6569975539811843,0.7146804928241174,0.4006853848617487,0.7588974867469837,0.8827956989247312,0.36500072543076395,0.7803114490275872,0.9777777777777779,0.4171548797226035,0.7858563899868247,0.9913043478260869,0.4195915678524374,0.9439486359209768,0.9637949741223422,0.07589770228038849,0.9514147229685171,1359,798,1.0424768767386838,1.005983331897627,0.17647058823529413,0.9,0.69,1.3043478260869568,17,13,1.067033514004231,1.0708530756018744,0.1625,0.7444444444444445,0.68,1.0947712418300652,16,10,0.056901822420985806
19,error,0.01,aprende,310,0.6,0.48768731929289993,0.7250334608088294,0.8756126991082542,0.0,0.8597736043023123,-2.7159165191696046,0.7044752487961722,0.6708777003179447,0.2619272027256004,0.6183494253955982,0.7056554307116105,0.4689565799204141,0.691845618518717,0.6413591523565948,0.2576679153191609,0.7528405300255436,0.7374741200828157,0.23179306003172848,0.7930253776218413,0.8757208237986271,0.2896700685549445,0.8894813416876981,0.9603881498618341,0.18142546648643793,0.8609244825948538,1109,639,0.7930536146206107,0.95114437641308,0.11250000000000002,0.8444444444444444,0.89,0.9488139825218477,16,14,0.8300530576051734,0.98642068060686,0.125,0.9111111111111111,0.92,0.9903381642512077,16,14,0.0643596486693779
20,error,0.01,aprende,310,0.9,0.8007763310938405,0.9392085182730368,0.5872103102470355,-2.5103539565297845,1.0072069646925494,-3.223915234395788,0.9738635002273632,0.9741935483870968,0.026466547932370417,0.8981053576201932,1.0,0.20378928475961353,0.9711736071206643,1.0,0.05765278575867148,0.9584175517372256,0.9333333333333332,0.016498229858881906,0.9946843913877427,1.0,0.010631217224514692,0.9983506503556915,1.0,0.003298699288617072,0.9862272080120184,690,210,1.0499570821033475,0.9514865092966422,0.18888888888888888,0.8444444444444444,0.44,1.9191919191919191,18,9,1.046318053150238,0.932766880399569,0.18888888888888888,0.8444444444444444,0.44,1.9191919191919191,18,9,0.02140904315677044
1,error,0.03,congelado,315,0.75,0.6230417202126819,0.9375497749280849,0.8807473751912247,-1.0390469797720236,0.982889862394661,-2.7439983439956133,0.7692640403904771,0.9706299911268855,0.4321019103459314,0.7711987056856353,0.9664335664335665,0.4240361550622958,0.7739281266733913,0.9833333333333332,0.43547707998655055,0.7644558735837805,1.0,0.4710882528324388,0.753672239372279,0.935064935064935,0.4277204563203772,0.9953913465141724,0.9955555555555555,0.004772862527210904,0.9728675219904503,918,454,1.1298380756990551,1.0152682673041173,0.17,1.0777777777777777,0.81,1.3305898491083674,20,16,1.1298380756990551,1.0152682673041173,0.17,1.0777777777777777,0.81,1.3305898491083674,20,16,0.05252870325517768
2,error,0.03,congelado,311,0.8,0.7341469258206151,0.8919401505706106,0.3590073589679392,-1.515792911972724,0.9990353198189096,-2.9133869495969273,0.8341909954567963,0.7335378980749476,0.06515590716135504,0.8434313984502947,0.7664864864864864,0.07962368958589702,0.819680220361502,0.7108504398826979,0.0714899991596939,0.852595041638329,0.7785871964679912,0.07339711319133334,0.843744995739633,0.736734693877551,0.04924470239828491,0.9985780678640719,1.0,0.0028438642718562656,0.9906696236195434,725,369,1.0441953025720974,1.0591154820082131,0.16521739130434784,0.5333333333333333,0.37,1.4414414414414414,23,9,1.0441953025720974,1.0591154820082131,0.16521739130434784,0.5333333333333333,0.37,1.4414414414414414,23,9,0.04887130634117932
3,error,0.03,congelado,288,1.0,0.8806105358961613,0.7997302233319926,0.9810019228301055,-0.6501144872195828,0.9560977625215326,-2.847015293231655,0.809946802518525,0.9886703383162864,0.36877673327923643,0.8091144997324773,1.0,0.38177100053504553,0.8042576562397533,0.9833333333333332,0.3748180208538265,0.8236513687600644,1.0,0.35269726247987115,0.776136712749616,0.9800000000000001,0.427726574500768,0.997973766675921,1.0,0.004052466648158115,0.9278794408567792,821,387,1.0654522304045808,1.2064442372198387,0.2,0.9222222222222223,0.68,1.3562091503267975,17,12,1.0654522304045808,1.2064442372198387,0.2,0.9222222222222223,0.68,1.3562091503267975,17,12,0.04837677774884068
4,error,0.03,congelado,301,0.7,0.4720535500006779,0.7757560454542807,-0.7295916194784974,-1.9699263702497187,0.9064314172686672,-2.8357479632038163,0.7089031053404193,0.48694645004327464,0.06914023936243609,0.6808056599423932,0.4528555335145593,0.09124421362977293,0.7155681541707102,0.5165498974709501,0.08541358912952973,0.7354949700772564,0.5135472370766487,0.04255729692213608,0.6991719904464047,0.4797766749379653,0.08143269404515605,0.9962480455641758,1.0,0.007503908871648419,0.9753717542995154,767,372,0.9550473714670163,0.9777438514091324,0.15,0.8444444444444444,0.68,1.241830065359477,20,12,0.9550473714670163,0.9777438514091324,0.15,0.8444444444444444,0.68,1.241830065359477,20,12,0.05302996619490678
5,error,0.03,congelado,372,0.7,0.2159765594826685,-0.13780062493634584,0.0,-0.4911703814088453,0.5337559514031736,-0.4911703814088453,0.624111243000343,0.6852287578718049,0.437006271871119,0.6112394985194616,0.6756787330316743,0.45319973599275115,0.6216488732708767,0.6832098765432099,0.4399121300014565,0.658646197738624,0.7413373532895445,0.42404495781229656,0.6135572068817756,0.6672380660954712,0.44012365233192,0.7587081517161509,0.9420614657210402,0.4246451622887383,0.7638624823401889,1636,1271,0.875238421968613,0.8688593095511289,0.13684210526315793,0.6333333333333333,0.58,1.0919540229885059,19,9,0.875238421968613,0.8688593095511289,0.13684210526315793,0.6333333333333333,0.58,1.0919540229885059,19,9,0.10002401254298106
6,error,0.03,congelado,270,0.65,0.30019967041573736,0.9089113292582336,-0.2511116115762786,-0.8390160078824465,0.897690346883139,-2.8962615888123393,0.6377070388621022,0.5641464696103041,0.2887323918860997,0.6288961249404239,0.5638514268651255,0.3060591769842778,0.5864144366988208,0.5859013709842439,0.41307249758660236,0.6436929861273962,0.5738596491228071,0.2864736768680146,0.6412892560333925,0.5443699157984871,0.26179140373170223,0.9972062314380625,1.0,0.005587537123874925,0.9896474972549971,830,312,1.0519172999683115,0.9161546641164291,0.16842105263157894,0.6,0.38,1.5789473684210527,19,6,1.0519172999683115,0.9161546641164291,0.16842105263157894,0.6,0.38,1.5789473684210527,19,6,0.04591944673388962
7,error,0.03,congelado,274,0.7,0.45296665198792074,0.9187352948988,0.21781710822442973,-1.3866175919228332,1.0466657080770052,-2.581383027691845,0.6880408035056986,0.6317079409371004,0.2556263339257031,0.710090533537233,0.6712719298245614,0.25109086275009557,0.6760959668160438,0.6073846153846154,0.25519268175252774,0.6659392325245193,0.6111238971998466,0.27924543215080816,0.7127515809603628,0.665034965034965,0.23953180311423913,0.995574414736993,1.0,0.008851170526013873,0.98174552277284,821,340,0.8995855710217615,0.7416526567583798,0.15789473684210525,0.9111111111111111,0.71,1.2832550860719876,19,11,0.8995855710217615,0.7416526567583798,0.15789473684210525,0.9111111111111111,0.71,1.2832550860719876,19,11,0.04344221139912673
8,error,0.03,congelado,329,0.6,0.7269489777018655,0.8503520223916196,-0.9144711191367705,-4.289738778957425,0.8348320274259364,-2.6653592446027994,0.6981123083388387,0.4085322378427262,0.01230762116504878,0.7270841787007201,0.46239606953892665,0.008227712137486572,0.6732147441978962,0.3562950534427044,0.009865565046912198,0.7355392385025828,0.49533325638361997,0.024254779378454293,0.7056319432963645,0.4339309428950863,0.022667056302357297,0.9973236045878617,1.0,0.005352790824276682,0.9556398413064578,672,347,0.8026452750274135,1.2188136944430776,0.17647058823529413,0.6666666666666666,0.53,1.2578616352201257,17,9,0.8026452750274135,1.2188136944430776,0.17647058823529413,0.6666666666666666,0.53,1.2578616352201257,17,9,0.07021681506073935
9,error,0.03,congelado,293,0.5,0.04773580468621007,0.9706042434545761,0.24199664375242363,0.5194490565267402,0.9743813187727387,-2.7441965305350298,0.5686693321115337,0.7404876090509025,0.6031489448278352,0.57407846402582,0.7512820512820513,0.6031251232304113,0.5840765673732495,0.7720977279800809,0.6039445932335819,0.5615408714092924,0.7252747252747253,0.6021929824561404,0.5621580547112461,0.7285714285714285,0.6042553191489362,0.8985044742114023,0.9761551146449315,0.17914616622212687,0.89373062758717,1022,503,0.9303050446180671,0.9796370243905806,0.17333333333333337,0.8,0.71,1.1267605633802817,15,9,0.9303050446180671,0.9796370243905806,0.17333333333333337,0.8,0.71,1.1267605633802817,15,9,0.05853612319204106
10,error,0.03,congelado,283,0.7,0.43970687070560016,0.9091255732128158,0.6492678290350625,-0.42117597565051934,0.7499165419733254,-2.814854335158259,0.6405206779319468,0.7934159378036929,0.5123745819397993,0.6038213143411812,0.7733094491715181,0.5656668204891556,0.6473130328749825,0.8010309278350516,0.5064048620850865,0.6522681645903845,0.8016194331983806,0.49708310401761147,0.6362971823498139,0.7912812333864965,0.5186868686868686,0.9865573471231479,0.9917446808510638,0.01862998660476787,0.9297181680774687,864,388,0.9088570205115791,0.9867552515948643,0.17142857142857143,0.8666666666666667,0.7,1.2380952380952381,14,11,0.9088570205115791,0.9867552515948643,0.17142857142857143,0.8666666666666667,0.7,1.2380952380952381,14,11,0.0503727249771196
11,error,0.03,congelado,315,0.7,0.6595597718198987,0.9280337441079967,-0.47484392860035707,-1.4807220339989278,0.9159103433128886,-2.6354435550544695,0.8258533729768859,0.7225033738191633,0.0707966278653915,0.8170122341426689,0.7142857142857142,0.08026124600037644,0.786936578601664,0.7923076923076924,0.21843453510436434,0.8598369874879164,0.7831932773109245,0.06351930233509182,0.8070079881517416,0.6906988436400201,0.07668286733653706,0.9931273090551431,0.9899749373433584,0.0037203192330719863,0.9735209640986588,671,318,1.010445203860991,0.9109148375542979,0.20000000000000004,0.8111111111111111,0.55,1.4747474747474747,18,12,1.010445203860991,0.9109148375542979,0.20000000000000004,0.8111111111111111,0.55,1.4747474747474747,18,12,0.049645244597519164
12,error,0.03,congelado,271,0.8,0.7486793414116214,0.7736488715814807,0.9491240225762958,-2.2123874250666926,0.960144333077084,-2.9257982094958224,0.7960930439454955,0.9822660098522167,0.3900799219612256,0.7972154389869452,1.0,0.4055691220261094,0.775065699569011,0.9555555555555557,0.4054241564175339,0.81122323931679,0.99,0.36755352136642,0.8018265404744203,0.9846153846153847,0.38096230366654404,0.9107834415547625,1.0,0.17843311689047495,0.8527693166523074,986,466,0.8504166886816087,0.8073654382857189,0.17777777777777776,0.7777777777777778,0.49,1.5873015873015874,18,9,0.8504166886816087,0.8073654382857189,0.17777777777777776,0.7777777777777778,0.49,1.5873015873015874,18,9,0.06659202983013811
13,error,0.03,congelado,351,0.6,0.32476585763497084,0.7484717219972707,-0.6262944467991047,-0.6751521676595393,0.922301129005699,-2.403320967548462,0.5520372891835001,0.5499821413709879,0.44590756300398776,0.6377578671328672,0.6958041958041958,0.42028846153846156,0.6443367498514557,0.7787878787878788,0.4901143790849673,0.5278859938548323,0.5104546243276071,0.45468263661794256,0.545334540659643,0.581377990430622,0.49070890911133586,0.9839762226764761,0.9928571428571429,0.0249046975041908,0.9523132404626666,789,447,0.8913599946358316,1.1029432466100941,0.1368421052631579,0.5,0.5,1.0,19,7,0.8913599946358316,1.1029432466100941,0.1368421052631579,0.5,0.5,1.0,19,7,0.0735850041044924
14,error,0.03,congelado,293,0.8,0.8754988714905088,0.9674661309013789,1.477081883846405,-2.7706776264187183,1.0175535800876214,-2.7706776264187183,0.9078153860722458,0.9084967320261438,0.09286595988165228,0.9077111577550003,0.8928571428571429,0.0774348273471424,0.8763933547014775,0.9555555555555555,0.20276884615260055,0.9003635932748613,0.975,0.1742728134502775,0.9073641325763507,0.8768421052631579,0.06211384011045641,0.9930172392271086,0.9945945945945945,0.008560116140377298,0.97850019484042,788,360,0.9671658281912092,0.9558273348009557,0.17333333333333337,1.211111111111111,0.86,1.4082687338501292,15,14,0.9671658281912092,0.9558273348009557,0.17333333333333337,1.211111111111111,0.86,1.4082687338501292,15,14,0.04523938327321619
15,error,0.03,congelado,256,0.8,0.3318709006695196,0.7573209823707377,0.2997447899046899,-0.7782574531832759,0.9669436329222929,-2.4581986848770647,0.6487627093475656,0.6122804058572208,0.3147549871620896,0.644633872388316,0.6196038415366145,0.3303360967599824,0.6261354608733125,0.6026204997048987,0.3503495779582736,0.6417619865151711,0.6224140049140049,0.33889003188366246,0.6656323111932545,0.6092406851176428,0.27797606273113395,0.9924600957295364,0.9937438905180841,0.008823699059011227,0.9207387937649261,945,483,1.0590506005036735,1.0482574276078653,0.14444444444444446,0.7333333333333333,0.66,1.111111111111111,18,10,1.0590506005036735,1.0482574276078653,0.14444444444444446,0.7333333333333333,0.66,1.111111111111111,18,10,0.04510405612632543
16,error,0.03,congelado,307,1.0,0.9627319512376601,0.9918938671847382,0.3955609697319452,-3.0969400962069025,0.9990093625807306,-3.0969400962069025,0.9674914216491497,0.9561616161616161,0.021178772863316698,0.9331843148846031,0.9444444444444444,0.0780758146752383,0.9935483870967742,1.0,0.012903225806451613,0.9647178255134727,0.9583333333333333,0.02889768230638779,0.9570524757483179,0.9310245310245311,0.01691957952789543,0.9896969900008954,0.9859393939393939,0.006545413937603264,0.9943683337742621,718,148,1.1992127148541993,0.7989064393049452,0.325,1.3555555555555556,0.19,7.1345029239766085,16,9,1.1992127148541993,0.7989064393049452,0.325,1.3555555555555556,0.19,7.1345029239766085,16,9,0.022870402609022195
17,error,0.03,congelado,278,0.8,0.676501159915475,0.8659010011711212,0.087748787821604,-2.542814974102283,0.8988998584740993,-2.9386815801721546,0.7704921985576435,0.6048817266814434,0.06389732956615636,0.7609462931975475,0.6007647863097075,0.07887219991461256,0.7840157151875902,0.6383838383838384,0.07035240800865801,0.7778563194432938,0.6017836366863205,0.04607099779973288,0.7795881361308389,0.6329913360693115,0.07381506380763368,0.995288493817729,0.99375,0.0031730123645420166,0.9797864026988545,764,292,1.031658870986645,0.9306782051009348,0.17647058823529413,0.6666666666666666,0.51,1.30718954248366,17,8,1.031658870986645,0.9306782051009348,0.17647058823529413,0.6666666666666666,0.51,1.30718954248366,17,8,0.04942663587040699
18,error,0.03,congelado,356,0.65,0.48104448960729695,0.6087779918314257,0.5169720593028004,-0.974877399382149,0.9446998558642583,-1.0252435831031967,0.7224052435027213,0.9014037689218413,0.45659328191639875,0.6956198081198082,0.8651948051948052,0.47395518895518896,0.735552135057663,0.9321212121212122,0.46101694200588633,0.7157794875514756,0.888888888888889,0.4573299137859377,0.7443348195215674,0.9325757575757576,0.4439061185326227,0.9609500774086619,0.9971428571428571,0.07524270232553328,0.9426128827469931,1251,951,1.070903884710903,1.0211919824248656,0.16666666666666666,0.8,0.63,1.26984126984127,18,12,1.070903884710903,1.0211919824248656,0.16666666666666666,0.8,0.63,1.26984126984127,18,12,0.07534645224335276
19,error,0.03,congelado,244,0.55,0.11363616640770122,0.25923564048583675,0.4532591985735617,0.0,0.9280390692733965,-2.709034565210602,0.5056467095138182,0.7382211342309262,0.7269277152032898,0.5174045107746765,0.741991341991342,0.7071823204419889,0.499356169802273,0.7231138129010469,0.724401473296501,0.48815698203454483,0.7448542325254655,0.7685402684563758,0.5139980463467896,0.7520208604954368,0.7240247678018576,0.903869666023257,0.9881881403620534,0.18044880831553928,0.8646052921352969,1177,665,0.8541903789911462,0.9605985263829031,0.15555555555555556,0.6333333333333333,0.56,1.1309523809523807,18,9,0.8541903789911462,0.9605985263829031,0.15555555555555556,0.6333333333333333,0.56,1.1309523809523807,18,9,0.08002119685771876
20,error,0.03,congelado,338,0.9,0.8205834573918979,0.9572843047567069,1.2021387539163992,-2.100485587919084,1.000154491377287,-3.052950630575996,0.8801128636555668,0.9949999999999999,0.2347742726888662,0.8823165741717816,1.0,0.23536685165643675,0.8797154235958471,1.0,0.24056915280830582,0.8634190418826092,0.9777777777777779,0.2509396940125595,0.8896597829837691,1.0,0.22068043403246168,0.9986661451763533,1.0,0.0026677096472933147,0.9852669442496917,648,307,1.0351009000929283,0.977755603830502,0.21111111111111114,0.8444444444444444,0.42,2.0105820105820107,18,9,1.0351009000929283,0.977755603830502,0.21111111111111114,0.8444444444444444,0.42,2.0105820105820107,18,9,0.045984068375655954
1,error,0.03,aprende,301,0.75,0.6230417202126819,0.9375497749280849,0.8807473751912247,-1.0390469797720236,0.982889862394661,-2.7439983439956133,0.8986043755194935,0.8210115951775343,0.02380284413854742,0.7887338042551553,0.7594334975369458,0.1819658890266351,0.9055835083463046,0.8666666666666666,0.055499649974057395,0.9207811981185902,0.8727272727272727,0.03116487649009233,0.9424763119747022,0.8933333333333333,0.008380709383928828,0.9951371349245262,0.9954545454545455,0.0051802756054930375,0.9728675219904503,928,422,1.0649952617366383,1.0648397098934725,0.15454545454545457,0.6,0.48,1.25,22,10,1.1298380756990551,1.0152682673041173,0.17,1.0777777777777777,0.81,1.3305898491083674,20,16,0.07880389805826686
2,error,0.03,aprende,299,0.8,0.7341469258206151,0.8919401505706106,0.3590073589679392,-1.515792911972724,0.9990353198189096,-2.9133869495969273,0.9041925287453929,0.8207528011204482,0.012367743629662411,0.8865647052765895,0.7983363042186572,0.025206893665478187,0.8999112098684846,0.8137681159420289,0.01394569620505971,0.9203947774380654,0.8947368421052632,0.05394728722913248,0.9962120104068327,1.0,0.007575979186334606,0.9985794669776935,1.0,0.0028410660446129316,0.9906696236195434,774,285,1.0252633621691989,1.1243989740539675,0.17272727272727273,0.5888888888888889,0.41,1.4363143631436315,22,10,1.0441953025720974,1.0591154820082131,0.16521739130434784,0.5333333333333333,0.37,1.4414414414414414,23,9,0.0657742883055048
3,error,0.03,aprende,281,1.0,0.8806105358961613,0.7997302233319926,0.9810019228301055,-0.6501144872195828,0.9560977625215326,-2.847015293231655,0.9897070220698847,0.9955555555555555,0.016141511415786108,0.9793018688663641,1.0,0.041396262267271944,0.9926482071746885,1.0,0.014703585650622969,0.9840803917546115,1.0,0.031839216490776895,0.9893174926817618,0.9857142857142858,0.007079300350762067,0.9957503199723756,0.99375,0.002249360055248837,0.9278794408567792,810,296,1.082270664372616,1.1881592516394963,0.2,0.8111111111111111,0.58,1.3984674329501916,18,10,1.0654522304045808,1.2064442372198387,0.2,0.9222222222222223,0.68,1.3562091503267975,17,12,0.056292077743595334
4,error,0.03,aprende,306,0.7,0.4720535500006779,0.7757560454542807,-0.7295916194784974,-1.9699263702497187,0.9064314172686672,-2.8357479632038163,0.791192725147347,0.608333243880534,0.025947793585839974,0.7480274872419796,0.5384533916473716,0.04239841716341228,0.831861786916106,0.7070846394984326,0.04336106566622071,0.8973829910540199,0.8169082125603865,0.022142230452346638,0.8741663470967056,0.8709090909090909,0.12257639671567974,0.9612070127699526,0.9663194444444445,0.04390541890453932,0.9753717542995154,946,505,0.9302361025719446,0.8964752674191846,0.16190476190476194,0.7444444444444445,0.51,1.4596949891067539,21,10,0.9550473714670163,0.9777438514091324,0.15,0.8444444444444444,0.68,1.241830065359477,20,12,0.09437782600323702
5,error,0.03,aprende,359,0.7,0.2159765594826685,-0.13780062493634584,0.0,-0.4911703814088453,0.5337559514031736,-0.4911703814088453,0.703301648979767,0.7803714685046294,0.37376817054509537,0.6713090588209114,0.7351949331456721,0.3925768155038491,0.7725410869126841,0.8744047619047619,0.32932258807939385,0.7968789255538457,0.9925925925925926,0.3988347414849013,0.7955543499324275,0.9694736842105263,0.3783649843456713,0.7102808347147272,0.9410723581467986,0.5205106887173441,0.7638624823401889,1906,1442,0.8479381008809124,0.8660080681063363,0.16842105263157894,0.7111111111111111,0.5,1.4222222222222223,19,9,0.875238421968613,0.8688593095511289,0.13684210526315793,0.6333333333333333,0.58,1.0919540229885059,19,9,0.11818277938046613
6,error,0.03,aprende,282,0.65,0.30019967041573736,0.9089113292582336,-0.2511116115762786,-0.8390160078824465,0.897690346883139,-2.8962615888123393,0.846255944575754,0.7075769187564764,0.01506502960496833,0.8063569355540886,0.6405797101449275,0.027865839036750273,0.9034549065950048,0.8424242424242424,0.03551442923423263,0.9745099086864788,0.96,0.010980182627042251,0.9886060368727678,0.9846153846153847,0.007403310869849146,0.9972789910750539,1.0,0.005442017849892069,0.9896474972549971,941,320,1.0226914939314107,0.9535044994056032,0.17894736842105266,0.5777777777777777,0.33,1.7508417508417506,19,5,1.0519172999683115,0.9161546641164291,0.16842105263157894,0.6,0.38,1.5789473684210527,19,6,0.06241399594114863
7,error,0.03,aprende,294,0.7,0.45296665198792074,0.9187352948988,0.21781710822442973,-1.3866175919228332,1.0466657080770052,-2.581383027691845,0.7608016873877069,0.5687071540767152,0.04710377930130134,0.6700970618453699,0.5132461228351639,0.17305199914442423,0.869784918631285,0.771969696969697,0.03239985970712691,0.9722332512828475,1.0,0.05553349743430489,0.883728223669203,0.8071428571428572,0.03968640980445119,0.9284743665712138,0.8745283243887896,0.017579591246361763,0.98174552277284,853,351,0.8555790550930122,0.7683006675366026,0.14,0.7555555555555555,0.68,1.111111111111111,20,10,0.8995855710217615,0.7416526567583798,0.15789473684210525,0.9111111111111111,0.71,1.2832550860719876,19,11,0.07161169476168813
8,error,0.03,aprende,296,0.6,0.7269489777018655,0.8503520223916196,-0.9144711191367705,-4.289738778957425,0.8348320274259364,-2.6653592446027994,0.8458449365938556,0.7039579465648211,0.012268073377109986,0.7671465970527838,0.56159204468028,0.02729885057471264,0.8989396997319228,0.8172413793103448,0.01936197984649924,0.9566008907547139,0.9192307692307692,0.006028987721341455,0.9952427329937069,1.0,0.009514534012586156,0.9933581198644243,1.0,0.013283760271151173,0.9556398413064578,765,337,0.8623309743701585,1.2845111510457448,0.17647058823529413,0.6777777777777778,0.54,1.2551440329218106,17,9,0.8026452750274135,1.2188136944430776,0.17647058823529413,0.6666666666666666,0.53,1.2578616352201257,17,9,0.08109193662167581
9,error,0.03,aprende,332,0.5,0.04773580468621007,0.9706042434545761,0.24199664375242363,0.5194490565267402,0.9743813187727387,-2.7441965305350298,0.6837152571020986,0.719176425130386,0.351745910926189,0.6864177992293304,0.6125697461144899,0.239734147655829,0.692023740964826,0.6315136681434664,0.24746618621381433,0.6165958672647146,0.8413043478260869,0.6081126132966577,0.53952164139802,0.9852502194907814,0.9062069366947416,0.819733991626257,0.8804511278195489,0.24098314456703487,0.89373062758717,1783,1351,0.9427573359231919,0.7185674641549484,0.18947368421052632,0.7777777777777778,0.48,1.6203703703703705,19,11,0.9303050446180671,0.9796370243905806,0.17333333333333337,0.8,0.71,1.1267605633802817,15,9,0.12457839552442689
10,error,0.03,aprende,288,0.7,0.43970687070560016,0.9091255732128158,0.6492678290350625,-0.42117597565051934,0.7499165419733254,-2.814854335158259,0.7613406440059431,0.801680837148463,0.27899954913657676,0.7577728130114101,0.8021097046413501,0.28656407861852995,0.7910896765533418,0.8103688933200399,0.2281895402133563,0.81540606646447,0.9333333333333332,0.3025212004043931,0.7963831057444251,1.0,0.4072337885111498,0.9310359937987911,0.9151189325671499,0.05304694496956758,0.9297181680774687,949,478,0.9083652762936641,0.9373796460676957,0.2235294117647059,0.8777777777777778,0.37,2.3723723723723724,17,9,0.9088570205115791,0.9867552515948643,0.17142857142857143,0.8666666666666667,0.7,1.2380952380952381,14,11,0.07832989291468634
11,error,0.03,aprende,275,0.7,0.6595597718198987,0.9280337441079967,-0.47484392860035707,-1.4807220339989278,0.9159103433128886,-2.6354435550544695,0.9216746558554424,0.8595360195360195,0.016186707825134733,0.848728223191968,0.7418759018759019,0.044419455491965944,0.9628012411901068,0.9727272727272727,0.0471247903470592,0.9741173956824511,0.9800000000000001,0.03176520863509783,0.9857401128980964,0.9818181818181818,0.010337956021989007,0.9880198323207908,0.9839183673469387,0.007878702705357055,0.9735209640986588,830,306,1.0047744383859247,0.9754362181439475,0.17894736842105266,0.7,0.46,1.5217391304347825,19,9,1.010445203860991,0.9109148375542979,0.20000000000000004,0.8111111111111111,0.55,1.4747474747474747,18,12,0.06596147289141459
12,error,0.03,aprende,283,0.8,0.7486793414116214,0.7736488715814807,0.9491240225762958,-2.2123874250666926,0.960144333077084,-2.9257982094958224,0.897728910842281,0.9781818181818182,0.1827239964972563,0.8794141188674949,0.9789473684210528,0.22011913068606312,0.8956586098714154,0.9714285714285715,0.1801113516857408,0.9121941797631552,1.0,0.17561164047368968,0.8823850734218096,0.9714285714285715,0.20665842458495232,0.909598569638731,0.9858989424206814,0.16670180314321933,0.8527693166523074,906,429,0.8769568599937472,0.8009278836362507,0.18947368421052632,0.7,0.43,1.627906976744186,19,8,0.8504166886816087,0.8073654382857189,0.17777777777777776,0.7777777777777778,0.49,1.5873015873015874,18,9,0.08160928698250765
13,error,0.03,aprende,318,0.6,0.32476585763497084,0.7484717219972707,-0.6262944467991047,-0.6751521676595393,0.922301129005699,-2.403320967548462,0.8202208158745505,0.8890046398046397,0.2485630080555387,0.7806722773535768,0.8103703703703704,0.24902581566321688,0.8475889100579503,0.8728506787330318,0.17767285861713106,0.8189812936668921,1.0,0.3620374126662159,0.7543184459571642,1.0,0.4913631080856716,0.8777702911016472,0.8939356548029208,0.13839507259962658,0.9523132404626666,1079,577,0.9173166395961294,0.9453486293074971,0.18095238095238098,0.4777777777777778,0.3,1.5925925925925928,21,5,0.8913599946358316,1.1029432466100941,0.1368421052631579,0.5,0.5,1.0,19,7,0.11640706328701622
14,error,0.03,aprende,275,0.8,0.8754988714905088,0.9674661309013789,1.477081883846405,-2.7706776264187183,1.0175535800876214,-2.7706776264187183,0.9834980715350989,0.9905555555555555,0.02355941248535749,0.9519918785813068,0.9833333333333334,0.07934957617071961,0.986072843628228,1.0,0.027854312743544107,0.9885614323579404,1.0,0.022877135284119193,0.9865256546469969,0.9875,0.01444869070600624,0.9943563556115949,1.0,0.011287288776810244,0.97850019484042,915,341,0.9977288797818953,1.005896756615031,0.175,1.4111111111111112,0.98,1.4399092970521543,16,18,0.9671658281912092,0.9558273348009557,0.17333333333333337,1.211111111111111,0.86,1.4082687338501292,15,14,0.04941998635868736
15,error,0.03,aprende,276,0.8,0.3318709006695196,0.7573209823707377,0.2997447899046899,-0.7782574531832759,0.9669436329222929,-2.4581986848770647,0.794854337045786,0.7478407755581669,0.1581321014665949,0.7580033923864395,0.6595069233367106,0.14350013856383134,0.8015301790274351,0.7862514688601645,0.18319111080529443,0.8152828666253453,0.8084210526315789,0.17785531938088825,0.8252126927804742,0.846376811594203,0.19595142603325477,0.9494942419511518,0.9392508361204014,0.04026235221809761,0.9207387937649261,1034,541,0.9850269453240674,0.9719710314972986,0.15789473684210525,0.6333333333333333,0.48,1.3194444444444444,19,8,1.0590506005036735,1.0482574276078653,0.14444444444444446,0.7333333333333333,0.66,1.111111111111111,18,10,0.10047772151367682
16,error,0.03,aprende,302,1.0,0.9627319512376601,0.9918938671847382,0.3955609697319452,-3.0969400962069025,0.9990093625807306,-3.0969400962069025,0.9900983530976867,0.9861409796893668,0.005944273493993347,0.9917212674543502,1.0,0.016557465091299677,0.9823643410852713,0.9833333333333332,0.018604651162790697,0.9955279554497589,1.0,0.008944089100482288,0.9843308865047996,0.9714285714285715,0.002766798418972332,0.9981947233884403,1.0,0.0036105532231193566,0.9943683337742621,674,151,1.2251793137943015,0.8143542167528558,0.325,1.2444444444444445,0.19,6.549707602339181,16,8,1.1992127148541993,0.7989064393049452,0.325,1.3555555555555556,0.19,7.1345029239766085,16,9,0.028922020013168327
17,error,0.03,aprende,284,0.8,0.676501159915475,0.8659010011711212,0.087748787821604,-2.542814974102283,0.8988998584740993,-2.9386815801721546,0.8921299236300436,0.8032294372294372,0.018969589969349963,0.8020960010372631,0.6386921850079745,0.034500182933448295,0.9325389186170203,0.9018411413148255,0.036763304080784834,0.9860206044808539,0.9857142857142858,0.013673076752577775,0.9815414710485133,0.9777777777777779,0.014694835680751172,0.9955669337483535,1.0,0.008866132503293192,0.9797864026988545,854,311,1.0279167566193363,0.9594022632449111,0.17647058823529416,0.6777777777777778,0.49,1.3832199546485262,17,7,1.031658870986645,0.9306782051009348,0.17647058823529413,0.6666666666666666,0.51,1.30718954248366,17,8,0.06480674581578084
18,error,0.03,aprende,363,0.65,0.48104448960729695,0.6087779918314257,0.5169720593028004,-0.974877399382149,0.9446998558642583,-1.0252435831031967,0.7416709569686303,0.9522154366235466,0.468873522686286,0.7072785574793292,0.8599890560875514,0.4454319411288929,0.7887245203525328,0.9781499202551835,0.4007008795501178,0.7390254212972303,0.9954545454545455,0.5174037028600851,0.6743525537872311,1.0,0.6512948924255377,0.8556912044787777,0.9148743778198684,0.2034919688623129,0.9426128827469931,1883,1396,1.0808262784136236,0.9063280341515267,0.21052631578947367,0.9666666666666667,0.37,2.6126126126126126,19,12,1.070903884710903,1.0211919824248656,0.16666666666666666,0.8,0.63,1.26984126984127,18,12,0.11838997343011878
19,error,0.03,aprende,297,0.55,0.11363616640770122,0.25923564048583675,0.4532591985735617,0.0,0.9280390692733965,-2.709034565210602,0.8012350167523312,0.700361213010516,0.0978911795058536,0.6048758009598585,0.6026455787203451,0.3928939768006282,0.7405900773775113,0.660450070323488,0.17926991556846547,0.8918890679832043,0.8494395711500975,0.06566143518368875,0.9347647902390921,0.9507518796992482,0.08122229922106397,0.8916745947620716,0.9712204007285974,0.1878712112044542,0.8646052921352969,1097,623,0.8452831676317212,0.9900146427704799,0.14444444444444446,0.6888888888888889,0.63,1.09347442680776,18,9,0.8541903789911462,0.9605985263829031,0.15555555555555556,0.6333333333333333,0.56,1.1309523809523807,18,9,0.09965706472185701
20,error,0.03,aprende,293,0.9,0.8205834573918979,0.9572843047567069,1.2021387539163992,-2.100485587919084,1.000154491377287,-3.052950630575996,0.9822462466610188,0.9885714285714287,0.02407893524939111,0.9694623161515301,1.0,0.06107536769693979,0.9749435553157906,0.9777777777777779,0.027890667146196722,0.9815962860514665,0.9818181818181818,0.018625609715248688,0.9891119133574007,1.0,0.02177617328519856,0.9920961917023949,0.9866666666666667,0.002474283261876822,0.9852669442496917,703,237,1.0438588154829749,1.0000841924355235,0.2,0.8666666666666667,0.46,1.8840579710144927,18,10,1.0351009000929283,0.977755603830502,0.21111111111111114,0.8444444444444444,0.42,2.0105820105820107,18,9,0.05730560043665889
