seed,patron,n_activos,nA,nB,W_obs,W_pred,residuo,W_pred_nominal,residuo_nominal,hamming_A,hamming_B,compartidos_A,compartidos_B,W_A_real,W_B_real,es_patron_nulo,code_X
1,000000,0,1,0,0.333333333333,0.333333333333,5.55111512313e-17,0.333333333333,-1.96509475359e-14,3,3,0,0,1,-2.99508033045,1,27 28 29
1,000001,1,0,0,0,0,0,0,0,4,4,0,0,1,-2.99508033045,0,1 4 22
1,000010,1,0,0,0,0,0,0,0,4,2,0,1,1,-2.99508033045,0,2 4 24
1,000011,2,0,0,0,0,0,0,0,5,3,0,1,1,-2.99508033045,0,1 4 24
1,000100,1,0,0,0,0,0,0,0,2,4,1,0,1,-2.99508033045,0,7 11 27
1,000101,2,0,0,0,0,0,0,0,3,5,1,0,1,-2.99508033045,0,6 9 15
1,000110,2,0,0,0,0,0,0,0,3,3,1,1,1,-2.99508033045,0,5 7 21
1,000111,3,0,0,0,0,0,0,0,4,4,1,1,1,-2.99508033045,0,7 15 21
1,001000,1,0,2,-1.9967202203,-1.9967202203,0,-2,0.00327977969997,4,2,0,1,1,-2.99508033045,0,9 12 25
1,001001,2,0,0,0,0,0,0,0,5,3,0,1,1,-2.99508033045,0,1 6 9
1,001010,2,0,2,-1.9967202203,-1.9967202203,0,-2,0.00327977969997,5,1,0,2,1,-2.99508033045,0,1 3 25
1,001011,3,0,1,-0.99836011015,-0.99836011015,0,-1,0.00163988984999,6,2,0,2,1,-2.99508033045,0,1 15 25
1,001100,2,1,0,0.333333333333,0.333333333333,5.55111512313e-17,0.333333333333,-1.96509475359e-14,3,3,1,1,1,-2.99508033045,0,6 11 28
1,001101,3,0,0,0,0,0,0,0,4,4,1,1,1,-2.99508033045,0,6 9 15
1,001110,3,0,1,-0.99836011015,-0.99836011015,0,-1,0.00163988984999,4,2,1,2,1,-2.99508033045,0,3 11 15
1,001111,4,0,0,0,0,0,0,0,5,3,1,2,1,-2.99508033045,0,1 6 15
1,010000,1,0,1,-0.99836011015,-0.99836011015,0,-1,0.00163988984999,2,4,1,0,1,-2.99508033045,0,5 8 25
1,010001,2,1,0,0.333333333333,0.333333333333,5.55111512313e-17,0.333333333333,-1.96509475359e-14,3,5,1,0,1,-2.99508033045,0,4 10 22
1,010010,2,0,0,0,0,0,0,0,3,3,1,1,1,-2.99508033045,0,2 4 5
1,010011,3,0,0,0,0,0,0,0,4,4,1,1,1,-2.99508033045,0,1 4 24
1,010100,2,0,0,0,0,0,0,0,1,5,2,0,1,-2.99508033045,0,5 21 27
1,010101,3,1,0,0.333333333333,0.333333333333,5.55111512313e-17,0.333333333333,-1.96509475359e-14,2,6,2,0,1,-2.99508033045,0,10 15 22
1,010110,3,0,0,0,0,0,0,0,2,4,2,1,1,-2.99508033045,0,2 5 21
1,010111,4,0,0,0,0,0,0,0,3,5,2,1,1,-2.99508033045,0,4 5 15
1,011000,2,1,2,-1.66338688697,-1.66338688697,2.22044604925e-16,-1.66666666667,0.00327977969995,3,3,1,1,1,-2.99508033045,0,12 25 28
1,011001,3,0,1,-0.99836011015,-0.99836011015,0,-1,0.00163988984999,4,4,1,1,1,-2.99508033045,0,1 15 25
1,011010,3,0,2,-1.9967202203,-1.9967202203,0,-2,0.00327977969997,4,2,1,2,1,-2.99508033045,0,1 12 25
1,011011,4,0,1,-0.99836011015,-0.99836011015,0,-1,0.00163988984999,5,3,1,2,1,-2.99508033045,0,1 4 25
1,011100,3,1,1,-0.665026776817,-0.665026776817,1.11022302463e-16,-0.666666666667,0.00163988984997,2,4,2,1,1,-2.99508033045,0,5 25 28
1,011101,4,0,1,-0.99836011015,-0.99836011015,0,-1,0.00163988984999,3,5,2,1,1,-2.99508033045,0,6 15 25
1,011110,4,0,1,-0.99836011015,-0.99836011015,0,-1,0.00163988984999,3,3,2,2,1,-2.99508033045,0,5 21 25
1,011111,5,0,1,-0.99836011015,-0.99836011015,0,-1,0.00163988984999,4,4,2,2,1,-2.99508033045,0,1 15 25
1,100000,1,3,0,1,1,0,1,-5.90638649101e-14,2,2,1,1,1,-2.99508033045,0,10 18 28
1,100001,2,1,1,-0.665026776817,-0.665026776817,1.11022302463e-16,-0.666666666667,0.00163988984997,3,3,1,1,1,-2.99508033045,0,9 10 25
1,100010,2,1,1,-0.665026776817,-0.665026776817,1.11022302463e-16,-0.666666666667,0.00163988984997,3,1,1,2,1,-2.99508033045,0,2 3 18
1,100011,3,1,0,0.333333333333,0.333333333333,5.55111512313e-17,0.333333333333,-1.96509475359e-14,4,2,1,2,1,-2.99508033045,0,4 10 24
1,100100,2,2,1,-0.331693443483,-0.331693443483,1.66533453694e-16,-0.333333333333,0.00163988984995,1,3,2,1,1,-2.99508033045,0,3 18 28
1,100101,3,2,0,0.666666666667,0.666666666667,1.11022302463e-16,0.666666666667,-3.93018950717e-14,2,4,2,1,1,-2.99508033045,0,9 10 28
1,100110,3,1,1,-0.665026776817,-0.665026776817,1.11022302463e-16,-0.666666666667,0.00163988984997,2,2,2,2,1,-2.99508033045,0,2 3 18
1,100111,4,1,2,-1.66338688697,-1.66338688697,2.22044604925e-16,-1.66666666667,0.00327977969995,3,3,2,2,1,-2.99508033045,0,3 10 25
1,101000,2,1,2,-1.66338688697,-1.66338688697,2.22044604925e-16,-1.66666666667,0.00327977969995,3,1,1,2,1,-2.99508033045,0,12 25 28
1,101001,3,1,1,-0.665026776817,-0.665026776817,1.11022302463e-16,-0.666666666667,0.00163988984997,4,2,1,2,1,-2.99508033045,0,9 25 28
1,101010,3,0,3,-2.99508033045,-2.99508033045,0,-3,0.00491966954996,4,0,1,3,1,-2.99508033045,0,3 12 25
1,101011,4,0,2,-1.9967202203,-1.9967202203,0,-2,0.00327977969997,5,1,1,3,1,-2.99508033045,0,1 3 25
1,101100,3,1,0,0.333333333333,0.333333333333,5.55111512313e-17,0.333333333333,-1.96509475359e-14,2,2,2,2,1,-2.99508033045,0,9 11 28
1,101101,4,1,1,-0.665026776817,-0.665026776817,1.11022302463e-16,-0.666666666667,0.00163988984997,3,3,2,2,1,-2.99508033045,0,9 25 28
1,101110,4,0,2,-1.9967202203,-1.9967202203,0,-2,0.00327977969997,3,1,2,3,1,-2.99508033045,0,3 11 25
1,101111,5,0,2,-1.9967202203,-1.9967202203,0,-2,0.00327977969997,4,2,2,3,1,-2.99508033045,0,3 9 25
1,110000,2,2,1,-0.331693443483,-0.331693443483,1.11022302463e-16,-0.333333333333,0.00163988984995,1,3,2,1,1,-2.99508033045,0,10 18 25
1,110001,3,1,1,-0.665026776817,-0.665026776817,1.11022302463e-16,-0.666666666667,0.00163988984997,2,4,2,1,1,-2.99508033045,0,4 10 25
1,110010,3,1,1,-0.665026776817,-0.665026776817,1.11022302463e-16,-0.666666666667,0.00163988984997,2,2,2,2,1,-2.99508033045,0,2 18 25
1,110011,4,1,1,-0.665026776817,-0.665026776817,1.11022302463e-16,-0.666666666667,0.00163988984997,3,3,2,2,1,-2.99508033045,0,4 10 25
1,110100,3,3,0,1,1,0,1,-5.90638649101e-14,0,4,3,1,1,-2.99508033045,0,10 18 28
1,110101,4,2,1,-0.331693443483,-0.331693443483,1.11022302463e-16,-0.333333333333,0.00163988984995,1,5,3,1,1,-2.99508033045,0,10 18 25
1,110110,4,1,0,0.333333333333,0.333333333333,5.55111512313e-17,0.333333333333,-1.96509475359e-14,1,3,3,2,1,-2.99508033045,0,2 18 21
1,110111,5,2,1,-0.331693443483,-0.331693443483,1.11022302463e-16,-0.333333333333,0.00163988984995,2,4,3,2,1,-2.99508033045,0,10 18 25
1,111000,3,1,2,-1.66338688697,-1.66338688697,2.22044604925e-16,-1.66666666667,0.00327977969995,2,2,2,2,1,-2.99508033045,0,12 25 28
1,111001,4,1,2,-1.66338688697,-1.66338688697,2.22044604925e-16,-1.66666666667,0.00327977969995,3,3,2,2,1,-2.99508033045,0,10 12 25
1,111010,4,1,2,-1.66338688697,-1.66338688697,2.22044604925e-16,-1.66666666667,0.00327977969995,3,1,2,3,1,-2.99508033045,0,12 18 25
1,111011,5,0,1,-0.99836011015,-0.99836011015,0,-1,0.00163988984999,4,2,2,3,1,-2.99508033045,0,1 4 25
1,111100,4,2,1,-0.331693443483,-0.331693443483,1.66533453694e-16,-0.333333333333,0.00163988984995,1,3,3,2,1,-2.99508033045,0,18 25 28
1,111101,5,1,1,-0.665026776817,-0.665026776817,1.11022302463e-16,-0.666666666667,0.00163988984997,2,4,3,2,1,-2.99508033045,0,9 25 28
1,111110,5,1,1,-0.665026776817,-0.665026776817,1.11022302463e-16,-0.666666666667,0.00163988984997,2,2,3,3,1,-2.99508033045,0,2 18 25
1,111111,6,2,1,-0.331693443483,-0.331693443483,1.11022302463e-16,-0.333333333333,0.00163988984995,3,3,3,3,1,-2.99508033045,0,10 18 25
2,000000,0,0,1,-0.999699696952,-0.999699696952,-1.11022302463e-16,-1,0.000300303047594,3,3,0,0,1,-2.99909909086,1,27 28 29
2,000001,1,0,0,0,0,0,0,0,4,4,0,0,1,-2.99909909086,0,8 21 26
2,000010,1,0,2,-1.9993993939,-1.9993993939,-2.22044604925e-16,-2,0.000600606095189,4,2,0,1,1,-2.99909909086,0,9 16 18
2,000011,2,0,0,0,0,0,0,0,5,3,0,1,1,-2.99909909086,0,0 5 10
2,000100,1,1,0,0.333333333333,0.333333333333,5.55111512313e-17,0.333333333333,-3.14193115969e-14,2,4,1,0,1,-2.99909909086,0,2 14 24
2,000101,2,0,0,0,0,0,0,0,3,5,1,0,1,-2.99909909086,0,21 24 26
2,000110,2,0,1,-0.999699696952,-0.999699696952,-1.11022302463e-16,-1,0.000300303047594,3,3,1,1,1,-2.99909909086,0,23 24 28
2,000111,3,0,0,0,0,0,0,0,4,4,1,1,1,-2.99909909086,0,0 5 24
2,001000,1,0,0,0,0,0,0,0,4,2,0,1,1,-2.99909909086,0,3 14 19
2,001001,2,0,0,0,0,0,0,0,5,3,0,1,1,-2.99909909086,0,3 5 7
2,001010,2,0,2,-1.9993993939,-1.9993993939,-2.22044604925e-16,-2,0.000600606095189,5,1,0,2,1,-2.99909909086,0,3 16 18
2,001011,3,0,2,-1.9993993939,-1.9993993939,-2.22044604925e-16,-2,0.000600606095189,6,2,0,2,1,-2.99909909086,0,5 16 18
2,001100,2,1,0,0.333333333333,0.333333333333,5.55111512313e-17,0.333333333333,-3.14193115969e-14,3,3,1,1,1,-2.99909909086,0,2 14 24
2,001101,3,0,0,0,0,0,0,0,4,4,1,1,1,-2.99909909086,0,21 24 26
2,001110,3,0,1,-0.999699696952,-0.999699696952,-1.11022302463e-16,-1,0.000300303047594,4,2,1,2,1,-2.99909909086,0,23 24 28
2,001111,4,0,0,0,0,0,0,0,5,3,1,2,1,-2.99909909086,0,3 5 24
2,010000,1,3,0,1,1,0,1,-9.43689570931e-14,2,4,1,0,1,-2.99909909086,0,1 2 6
2,010001,2,0,1,-0.999699696952,-0.999699696952,-1.11022302463e-16,-1,0.000300303047594,3,5,1,0,1,-2.99909909086,0,15 16 27
2,010010,2,1,1,-0.666366363619,-0.666366363619,-1.11022302463e-16,-0.666666666667,0.000300303047563,3,3,1,1,1,-2.99909909086,0,2 9 16
2,010011,3,0,2,-1.9993993939,-1.9993993939,-2.22044604925e-16,-2,0.000600606095189,4,4,1,1,1,-2.99909909086,0,10 16 18
2,010100,2,3,0,1,1,0,1,-9.43689570931e-14,1,5,2,0,1,-2.99909909086,0,1 2 6
2,010101,3,1,0,0.333333333333,0.333333333333,5.55111512313e-17,0.333333333333,-3.14193115969e-14,2,6,2,0,1,-2.99909909086,0,2 21 24
2,010110,3,2,0,0.666666666667,0.666666666667,1.11022302463e-16,0.666666666667,-6.28386231938e-14,2,4,2,1,1,-2.99909909086,0,2 6 23
2,010111,4,1,0,0.333333333333,0.333333333333,5.55111512313e-17,0.333333333333,-3.14193115969e-14,3,5,2,1,1,-2.99909909086,0,2 10 24
2,011000,2,2,1,-0.333033030286,-0.333033030286,0,-0.333333333333,0.000300303047532,3,3,1,1,1,-2.99909909086,0,2 6 16
2,011001,3,1,1,-0.666366363619,-0.666366363619,-1.11022302463e-16,-0.666666666667,0.000300303047563,4,4,1,1,1,-2.99909909086,0,2 3 16
2,011010,3,0,2,-1.9993993939,-1.9993993939,-2.22044604925e-16,-2,0.000600606095189,4,2,1,2,1,-2.99909909086,0,3 16 18
2,011011,4,0,2,-1.9993993939,-1.9993993939,-2.22044604925e-16,-2,0.000600606095189,5,3,1,2,1,-2.99909909086,0,3 16 18
2,011100,3,2,0,0.666666666667,0.666666666667,1.11022302463e-16,0.666666666667,-6.28386231938e-14,2,4,2,1,1,-2.99909909086,0,2 6 14
2,011101,4,2,0,0.666666666667,0.666666666667,1.11022302463e-16,0.666666666667,-6.28386231938e-14,3,5,2,1,1,-2.99909909086,0,2 6 24
2,011110,4,1,0,0.333333333333,0.333333333333,5.55111512313e-17,0.333333333333,-3.14193115969e-14,3,3,2,2,1,-2.99909909086,0,2 3 23
2,011111,5,1,0,0.333333333333,0.333333333333,5.55111512313e-17,0.333333333333,-3.14193115969e-14,4,4,2,2,1,-2.99909909086,0,2 3 24
2,100000,1,0,0,0,0,0,0,0,2,2,1,1,1,-2.99909909086,0,12 19 25
2,100001,2,0,0,0,0,0,0,0,3,3,1,1,1,-2.99909909086,0,25 26 27
2,100010,2,0,3,-2.99909909086,-2.99909909086,0,-3,0.000900909142783,3,1,1,2,1,-2.99909909086,0,16 18 28
2,100011,3,0,2,-1.9993993939,-1.9993993939,-2.22044604925e-16,-2,0.000600606095189,4,2,1,2,1,-2.99909909086,0,10 16 18
2,100100,2,0,1,-0.999699696952,-0.999699696952,-1.11022302463e-16,-1,0.000300303047594,1,3,2,1,1,-2.99909909086,0,14 26 28
2,100101,3,0,0,0,0,0,0,0,2,4,2,1,1,-2.99909909086,0,25 26 29
2,100110,3,0,1,-0.999699696952,-0.999699696952,-1.11022302463e-16,-1,0.000300303047594,2,2,2,2,1,-2.99909909086,0,9 19 28
2,100111,4,0,2,-1.9993993939,-1.9993993939,-2.22044604925e-16,-2,0.000600606095189,3,3,2,2,1,-2.99909909086,0,18 26 28
2,101000,2,0,2,-1.9993993939,-1.9993993939,-2.22044604925e-16,-2,0.000600606095189,3,1,1,2,1,-2.99909909086,0,16 19 28
2,101001,3,0,2,-1.9993993939,-1.9993993939,-2.22044604925e-16,-2,0.000600606095189,4,2,1,2,1,-2.99909909086,0,16 18 26
2,101010,3,0,3,-2.99909909086,-2.99909909086,0,-3,0.000900909142783,4,0,1,3,1,-2.99909909086,0,16 18 28
2,101011,4,0,3,-2.99909909086,-2.99909909086,0,-3,0.000900909142783,5,1,1,3,1,-2.99909909086,0,16 18 28
2,101100,3,0,1,-0.999699696952,-0.999699696952,-1.11022302463e-16,-1,0.000300303047594,2,2,2,2,1,-2.99909909086,0,14 19 28
2,101101,4,0,1,-0.999699696952,-0.999699696952,-1.11022302463e-16,-1,0.000300303047594,3,3,2,2,1,-2.99909909086,0,14 26 28
2,101110,4,0,2,-1.9993993939,-1.9993993939,-2.22044604925e-16,-2,0.000600606095189,3,1,2,3,1,-2.99909909086,0,18 19 28
2,101111,5,0,2,-1.9993993939,-1.9993993939,-2.22044604925e-16,-2,0.000600606095189,4,2,2,3,1,-2.99909909086,0,18 26 28
2,110000,2,0,1,-0.999699696952,-0.999699696952,-1.11022302463e-16,-1,0.000300303047594,1,3,2,1,1,-2.99909909086,0,12 16 27
2,110001,3,0,1,-0.999699696952,-0.999699696952,-1.11022302463e-16,-1,0.000300303047594,2,4,2,1,1,-2.99909909086,0,10 16 27
2,110010,3,0,2,-1.9993993939,-1.9993993939,-2.22044604925e-16,-2,0.000600606095189,2,2,2,2,1,-2.99909909086,0,9 16 18
2,110011,4,0,2,-1.9993993939,-1.9993993939,-2.22044604925e-16,-2,0.000600606095189,3,3,2,2,1,-2.99909909086,0,10 16 18
2,110100,3,3,0,1,1,0,1,-9.43689570931e-14,0,4,3,1,1,-2.99909909086,0,1 2 6
2,110101,4,0,1,-0.999699696952,-0.999699696952,-1.11022302463e-16,-1,0.000300303047594,1,5,3,1,1,-2.99909909086,0,16 26 27
2,110110,4,0,2,-1.9993993939,-1.9993993939,-2.22044604925e-16,-2,0.000600606095189,1,3,3,2,1,-2.99909909086,0,9 16 18
2,110111,5,0,2,-1.9993993939,-1.9993993939,-2.22044604925e-16,-2,0.000600606095189,2,4,3,2,1,-2.99909909086,0,10 16 18
2,111000,3,0,2,-1.9993993939,-1.9993993939,-2.22044604925e-16,-2,0.000600606095189,2,2,2,2,1,-2.99909909086,0,4 16 18
2,111001,4,0,2,-1.9993993939,-1.9993993939,-2.22044604925e-16,-2,0.000600606095189,3,3,2,2,1,-2.99909909086,0,3 16 18
2,111010,4,0,2,-1.9993993939,-1.9993993939,-2.22044604925e-16,-2,0.000600606095189,3,1,2,3,1,-2.99909909086,0,9 16 18
2,111011,5,0,2,-1.9993993939,-1.9993993939,-2.22044604925e-16,-2,0.000600606095189,4,2,2,3,1,-2.99909909086,0,3 16 18
2,111100,4,1,1,-0.666366363619,-0.666366363619,-1.11022302463e-16,-0.666666666667,0.000300303047563,1,3,3,2,1,-2.99909909086,0,6 14 16
2,111101,5,0,2,-1.9993993939,-1.9993993939,-2.22044604925e-16,-2,0.000600606095189,2,4,3,2,1,-2.99909909086,0,16 18 26
2,111110,5,0,2,-1.9993993939,-1.9993993939,-2.22044604925e-16,-2,0.000600606095189,2,2,3,3,1,-2.99909909086,0,9 16 18
2,111111,6,0,2,-1.9993993939,-1.9993993939,-2.22044604925e-16,-2,0.000600606095189,3,3,3,3,1,-2.99909909086,0,3 16 18
3,000000,0,1,0,0.333333333333,0.333333333333,0,0.333333333333,-4.82947015712e-15,3,3,0,0,1,-2.99900998995,1,27 28 29
3,000001,1,0,0,0,0,0,0,0,4,4,0,0,1,-2.99900998995,0,20 22 29
3,000010,1,0,1,-0.999669996651,-0.999669996651,0,-1,0.000330003349005,4,2,0,1,1,-2.99900998995,0,7 19 26
3,000011,2,0,1,-0.999669996651,-0.999669996651,0,-1,0.000330003349005,5,3,0,1,1,-2.99900998995,0,5 28 29
3,000100,1,1,0,0.333333333333,0.333333333333,0,0.333333333333,-4.82947015712e-15,2,4,1,0,1,-2.99900998995,0,3 16 17
3,000101,2,1,0,0.333333333333,0.333333333333,0,0.333333333333,-4.82947015712e-15,3,5,1,0,1,-2.99900998995,0,3 22 27
3,000110,2,1,0,0.333333333333,0.333333333333,0,0.333333333333,-4.82947015712e-15,3,3,1,1,1,-2.99900998995,0,4 7 19
3,000111,3,0,0,0,0,0,0,0,4,4,1,1,1,-2.99900998995,0,7 19 28
3,001000,1,0,2,-1.9993399933,-1.9993399933,0,-2,0.00066000669801,4,2,0,1,1,-2.99900998995,0,5 25 26
3,001001,2,0,1,-0.999669996651,-0.999669996651,0,-1,0.000330003349005,5,3,0,1,1,-2.99900998995,0,5 22 29
3,001010,2,0,2,-1.9993399933,-1.9993399933,0,-2,0.00066000669801,5,1,0,2,1,-2.99900998995,0,5 26 29
3,001011,3,0,2,-1.9993399933,-1.9993399933,0,-2,0.00066000669801,6,2,0,2,1,-2.99900998995,0,5 26 29
3,001100,2,1,0,0.333333333333,0.333333333333,0,0.333333333333,-4.82947015712e-15,3,3,1,1,1,-2.99900998995,0,8 16 22
3,001101,3,0,1,-0.999669996651,-0.999669996651,0,-1,0.000330003349005,4,4,1,1,1,-2.99900998995,0,5 8 22
3,001110,3,0,1,-0.999669996651,-0.999669996651,0,-1,0.000330003349005,4,2,1,2,1,-2.99900998995,0,7 8 26
3,001111,4,0,1,-0.999669996651,-0.999669996651,0,-1,0.000330003349005,5,3,1,2,1,-2.99900998995,0,5 22 29
3,010000,1,0,0,0,0,0,0,0,2,4,1,0,1,-2.99900998995,0,2 6 20
3,010001,2,0,0,0,0,0,0,0,3,5,1,0,1,-2.99900998995,0,2 20 29
3,010010,2,1,0,0.333333333333,0.333333333333,0,0.333333333333,-4.82947015712e-15,3,3,1,1,1,-2.99900998995,0,2 4 29
3,010011,3,0,0,0,0,0,0,0,4,4,1,1,1,-2.99900998995,0,2 20 29
3,010100,2,2,0,0.666666666667,0.666666666667,0,0.666666666667,-9.65894031424e-15,1,5,2,0,1,-2.99900998995,0,4 8 16
3,010101,3,1,0,0.333333333333,0.333333333333,0,0.333333333333,-4.82947015712e-15,2,6,2,0,1,-2.99900998995,0,2 4 20
3,010110,3,1,0,0.333333333333,0.333333333333,0,0.333333333333,-4.82947015712e-15,2,4,2,1,1,-2.99900998995,0,4 8 19
3,010111,4,1,0,0.333333333333,0.333333333333,0,0.333333333333,-4.82947015712e-15,3,5,2,1,1,-2.99900998995,0,2 4 19
3,011000,2,0,0,0,0,0,0,0,3,3,1,1,1,-2.99900998995,0,2 9 29
3,011001,3,0,0,0,0,0,0,0,4,4,1,1,1,-2.99900998995,0,2 20 29
3,011010,3,0,1,-0.999669996651,-0.999669996651,0,-1,0.000330003349005,4,2,1,2,1,-2.99900998995,0,2 26 29
3,011011,4,0,1,-0.999669996651,-0.999669996651,0,-1,0.000330003349005,5,3,1,2,1,-2.99900998995,0,2 26 29
3,011100,3,1,1,-0.666336663318,-0.666336663318,0,-0.666666666667,0.000330003349,2,4,2,1,1,-2.99900998995,0,8 12 16
3,011101,4,0,0,0,0,0,0,0,3,5,2,1,1,-2.99900998995,0,2 8 22
3,011110,4,1,0,0.333333333333,0.333333333333,0,0.333333333333,-4.82947015712e-15,3,3,2,2,1,-2.99900998995,0,2 4 8
3,011111,5,0,0,0,0,0,0,0,4,4,2,2,1,-2.99900998995,0,2 8 29
3,100000,1,1,0,0.333333333333,0.333333333333,0,0.333333333333,-4.82947015712e-15,2,2,1,1,1,-2.99900998995,0,13 22 27
3,100001,2,1,0,0.333333333333,0.333333333333,0,0.333333333333,-4.82947015712e-15,3,3,1,1,1,-2.99900998995,0,22 27 28
3,100010,2,0,0,0,0,0,0,0,3,1,1,2,1,-2.99900998995,0,13 23 28
3,100011,3,0,1,-0.999669996651,-0.999669996651,0,-1,0.000330003349005,4,2,1,2,1,-2.99900998995,0,5 28 29
3,100100,2,1,0,0.333333333333,0.333333333333,0,0.333333333333,-4.82947015712e-15,1,3,2,1,1,-2.99900998995,0,3 22 27
3,100101,3,1,0,0.333333333333,0.333333333333,0,0.333333333333,-4.82947015712e-15,2,4,2,1,1,-2.99900998995,0,3 22 27
3,100110,3,1,0,0.333333333333,0.333333333333,0,0.333333333333,-4.82947015712e-15,2,2,2,2,1,-2.99900998995,0,4 7 19
3,100111,4,0,0,0,0,0,0,0,3,3,2,2,1,-2.99900998995,0,19 22 28
3,101000,2,0,2,-1.9993399933,-1.9993399933,0,-2,0.00066000669801,3,1,1,2,1,-2.99900998995,0,5 12 22
3,101001,3,0,2,-1.9993399933,-1.9993399933,0,-2,0.00066000669801,4,2,1,2,1,-2.99900998995,0,5 12 22
3,101010,3,0,3,-2.99900998995,-2.99900998995,0,-3,0.000990010047015,4,0,1,3,1,-2.99900998995,0,5 12 26
3,101011,4,0,1,-0.999669996651,-0.999669996651,0,-1,0.000330003349005,5,1,1,3,1,-2.99900998995,0,5 22 29
3,101100,3,1,1,-0.666336663318,-0.666336663318,0,-0.666666666667,0.000330003349,2,2,2,2,1,-2.99900998995,0,12 16 22
3,101101,4,0,2,-1.9993399933,-1.9993399933,0,-2,0.00066000669801,3,3,2,2,1,-2.99900998995,0,5 12 22
3,101110,4,0,1,-0.999669996651,-0.999669996651,0,-1,0.000330003349005,3,1,2,3,1,-2.99900998995,0,7 12 22
3,101111,5,0,1,-0.999669996651,-0.999669996651,0,-1,0.000330003349005,4,2,2,3,1,-2.99900998995,0,5 22 28
3,110000,2,1,1,-0.666336663318,-0.666336663318,0,-0.666666666667,0.000330003349,1,3,2,1,1,-2.99900998995,0,4 12 23
3,110001,3,1,0,0.333333333333,0.333333333333,0,0.333333333333,-4.82947015712e-15,2,4,2,1,1,-2.99900998995,0,2 23 27
3,110010,3,1,0,0.333333333333,0.333333333333,0,0.333333333333,-4.82947015712e-15,2,2,2,2,1,-2.99900998995,0,4 23 29
3,110011,4,0,0,0,0,0,0,0,3,3,2,2,1,-2.99900998995,0,23 28 29
3,110100,3,3,0,1,1,0,1,-1.45439216226e-14,0,4,3,1,1,-2.99900998995,0,4 16 27
3,110101,4,2,0,0.666666666667,0.666666666667,0,0.666666666667,-9.65894031424e-15,1,5,3,1,1,-2.99900998995,0,4 22 27
3,110110,4,1,0,0.333333333333,0.333333333333,0,0.333333333333,-4.82947015712e-15,1,3,3,2,1,-2.99900998995,0,4 19 23
3,110111,5,1,0,0.333333333333,0.333333333333,0,0.333333333333,-4.82947015712e-15,2,4,3,2,1,-2.99900998995,0,4 23 28
3,111000,3,0,1,-0.999669996651,-0.999669996651,0,-1,0.000330003349005,2,2,2,2,1,-2.99900998995,0,2 12 29
3,111001,4,0,1,-0.999669996651,-0.999669996651,0,-1,0.000330003349005,3,3,2,2,1,-2.99900998995,0,2 12 22
3,111010,4,0,2,-1.9993399933,-1.9993399933,0,-2,0.00066000669801,3,1,2,3,1,-2.99900998995,0,12 26 29
3,111011,5,0,1,-0.999669996651,-0.999669996651,0,-1,0.000330003349005,4,2,2,3,1,-2.99900998995,0,2 12 29
3,111100,4,1,1,-0.666336663318,-0.666336663318,0,-0.666666666667,0.000330003349,1,3,3,2,1,-2.99900998995,0,12 16 22
3,111101,5,0,1,-0.999669996651,-0.999669996651,0,-1,0.000330003349005,2,4,3,2,1,-2.99900998995,0,2 12 22
3,111110,5,1,1,-0.666336663318,-0.666336663318,0,-0.666666666667,0.000330003349,2,2,3,3,1,-2.99900998995,0,4 7 12
3,111111,6,0,1,-0.999669996651,-0.999669996651,0,-1,0.000330003349005,3,3,3,3,1,-2.99900998995,0,12 22 29
4,000000,0,0,0,0,0,0,0,0,3,3,0,0,1,-2.99789472679,1,27 28 29
4,000001,1,0,0,0,0,0,0,0,4,4,0,0,1,-2.99789472679,0,9 24 29
4,000010,1,0,0,0,0,0,0,0,4,2,0,1,1,-2.99789472679,0,7 14 19
4,000011,2,0,0,0,0,0,0,0,5,3,0,1,1,-2.99789472679,0,7 26 29
4,000100,1,1,0,0.333333333333,0.333333333333,0,0.333333333333,-1.05471187339e-15,2,4,1,0,1,-2.99789472679,0,2 8 24
4,000101,2,0,0,0,0,0,0,0,3,5,1,0,1,-2.99789472679,0,2 3 24
4,000110,2,0,1,-0.999298242264,-0.999298242264,-1.11022302463e-16,-1,0.000701757735739,3,3,1,1,1,-2.99789472679,0,2 10 16
4,000111,3,0,0,0,0,0,0,0,4,4,1,1,1,-2.99789472679,0,2 7 26
4,001000,1,0,0,0,0,0,0,0,4,2,0,1,1,-2.99789472679,0,5 19 24
4,001001,2,0,0,0,0,0,0,0,5,3,0,1,1,-2.99789472679,0,9 24 27
4,001010,2,0,1,-0.999298242264,-0.999298242264,-1.11022302463e-16,-1,0.000701757735739,5,1,0,2,1,-2.99789472679,0,5 16 19
4,001011,3,0,1,-0.999298242264,-0.999298242264,-1.11022302463e-16,-1,0.000701757735739,6,2,0,2,1,-2.99789472679,0,12 19 26
4,001100,2,0,1,-0.999298242264,-0.999298242264,-1.11022302463e-16,-1,0.000701757735739,3,3,1,1,1,-2.99789472679,0,16 24 27
4,001101,3,0,0,0,0,0,0,0,4,4,1,1,1,-2.99789472679,0,3 24 27
4,001110,3,0,1,-0.999298242264,-0.999298242264,-1.11022302463e-16,-1,0.000701757735739,4,2,1,2,1,-2.99789472679,0,16 19 24
4,001111,4,0,1,-0.999298242264,-0.999298242264,-1.11022302463e-16,-1,0.000701757735739,5,3,1,2,1,-2.99789472679,0,16 24 26
4,010000,1,3,0,1,1,0,1,-3.21964677141e-15,2,4,1,0,1,-2.99789472679,0,6 8 18
4,010001,2,1,0,0.333333333333,0.333333333333,0,0.333333333333,-1.05471187339e-15,3,5,1,0,1,-2.99789472679,0,6 9 24
4,010010,2,0,0,0,0,0,0,0,3,3,1,1,1,-2.99789472679,0,5 26 28
4,010011,3,0,0,0,0,0,0,0,4,4,1,1,1,-2.99789472679,0,9 26 29
4,010100,2,1,0,0.333333333333,0.333333333333,0,0.333333333333,-1.05471187339e-15,1,5,2,0,1,-2.99789472679,0,8 20 24
4,010101,3,1,0,0.333333333333,0.333333333333,0,0.333333333333,-1.05471187339e-15,2,6,2,0,1,-2.99789472679,0,18 24 27
4,010110,3,1,0,0.333333333333,0.333333333333,0,0.333333333333,-1.05471187339e-15,2,4,2,1,1,-2.99789472679,0,8 26 28
4,010111,4,0,0,0,0,0,0,0,3,5,2,1,1,-2.99789472679,0,24 26 28
4,011000,2,0,0,0,0,0,0,0,3,3,1,1,1,-2.99789472679,0,5 13 24
4,011001,3,0,0,0,0,0,0,0,4,4,1,1,1,-2.99789472679,0,9 24 27
4,011010,3,0,0,0,0,0,0,0,4,2,1,2,1,-2.99789472679,0,5 19 26
4,011011,4,0,0,0,0,0,0,0,5,3,1,2,1,-2.99789472679,0,24 26 27
4,011100,3,1,0,0.333333333333,0.333333333333,0,0.333333333333,-1.05471187339e-15,2,4,2,1,1,-2.99789472679,0,8 20 24
4,011101,4,0,0,0,0,0,0,0,3,5,2,1,1,-2.99789472679,0,24 26 27
4,011110,4,0,0,0,0,0,0,0,3,3,2,2,1,-2.99789472679,0,24 26 28
4,011111,5,0,0,0,0,0,0,0,4,4,2,2,1,-2.99789472679,0,24 26 27
4,100000,1,1,2,-1.6652631512,-1.6652631512,0,-1.66666666667,0.00140351547148,2,2,1,1,1,-2.99789472679,0,16 18 23
4,100001,2,1,1,-0.665964908931,-0.665964908931,-1.11022302463e-16,-0.666666666667,0.000701757735738,3,3,1,1,1,-2.99789472679,0,9 12 18
4,100010,2,0,2,-1.99859648453,-1.99859648453,-2.22044604925e-16,-2,0.00140351547148,3,1,1,2,1,-2.99789472679,0,7 16 23
4,100011,3,0,1,-0.999298242264,-0.999298242264,-1.11022302463e-16,-1,0.000701757735739,4,2,1,2,1,-2.99789472679,0,7 12 26
4,100100,2,1,1,-0.665964908931,-0.665964908931,-1.11022302463e-16,-0.666666666667,0.000701757735738,1,3,2,1,1,-2.99789472679,0,3 8 16
4,100101,3,0,2,-1.99859648453,-1.99859648453,-2.22044604925e-16,-2,0.00140351547148,2,4,2,1,1,-2.99789472679,0,3 12 16
4,100110,3,0,2,-1.99859648453,-1.99859648453,-2.22044604925e-16,-2,0.00140351547148,2,2,2,2,1,-2.99789472679,0,7 12 16
4,100111,4,0,2,-1.99859648453,-1.99859648453,-2.22044604925e-16,-2,0.00140351547148,3,3,2,2,1,-2.99789472679,0,7 12 16
4,101000,2,0,1,-0.999298242264,-0.999298242264,-1.11022302463e-16,-1,0.000701757735739,3,1,1,2,1,-2.99789472679,0,0 9 16
4,101001,3,0,2,-1.99859648453,-1.99859648453,-2.22044604925e-16,-2,0.00140351547148,4,2,1,2,1,-2.99789472679,0,9 12 16
4,101010,3,0,3,-2.99789472679,-2.99789472679,0,-3,0.00210527320722,4,0,1,3,1,-2.99789472679,0,12 16 23
4,101011,4,0,2,-1.99859648453,-1.99859648453,-2.22044604925e-16,-2,0.00140351547148,5,1,1,3,1,-2.99789472679,0,12 16 26
4,101100,3,0,2,-1.99859648453,-1.99859648453,-2.22044604925e-16,-2,0.00140351547148,2,2,2,2,1,-2.99789472679,0,3 12 16
4,101101,4,0,2,-1.99859648453,-1.99859648453,-2.22044604925e-16,-2,0.00140351547148,3,3,2,2,1,-2.99789472679,0,3 12 16
4,101110,4,0,2,-1.99859648453,-1.99859648453,-2.22044604925e-16,-2,0.00140351547148,3,1,2,3,1,-2.99789472679,0,12 16 26
4,101111,5,0,2,-1.99859648453,-1.99859648453,-2.22044604925e-16,-2,0.00140351547148,4,2,2,3,1,-2.99789472679,0,12 16 26
4,110000,2,2,0,0.666666666667,0.666666666667,0,0.666666666667,-2.10942374679e-15,1,3,2,1,1,-2.99789472679,0,6 9 18
4,110001,3,2,0,0.666666666667,0.666666666667,0,0.666666666667,-2.10942374679e-15,2,4,2,1,1,-2.99789472679,0,6 9 18
4,110010,3,1,0,0.333333333333,0.333333333333,0,0.333333333333,-1.05471187339e-15,2,2,2,2,1,-2.99789472679,0,9 18 26
4,110011,4,0,1,-0.999298242264,-0.999298242264,-1.11022302463e-16,-1,0.000701757735739,3,3,2,2,1,-2.99789472679,0,9 12 26
4,110100,3,3,0,1,1,0,1,-3.21964677141e-15,0,4,3,1,1,-2.99789472679,0,6 8 18
4,110101,4,2,0,0.666666666667,0.666666666667,0,0.666666666667,-2.10942374679e-15,1,5,3,1,1,-2.99789472679,0,6 9 18
4,110110,4,1,1,-0.665964908931,-0.665964908931,-1.11022302463e-16,-0.666666666667,0.000701757735738,1,3,3,2,1,-2.99789472679,0,8 16 26
4,110111,5,1,1,-0.665964908931,-0.665964908931,-1.11022302463e-16,-0.666666666667,0.000701757735738,2,4,3,2,1,-2.99789472679,0,12 18 26
4,111000,3,1,0,0.333333333333,0.333333333333,0,0.333333333333,-1.05471187339e-15,2,2,2,2,1,-2.99789472679,0,5 9 18
4,111001,4,1,0,0.333333333333,0.333333333333,0,0.333333333333,-1.05471187339e-15,3,3,2,2,1,-2.99789472679,0,9 18 26
4,111010,4,0,1,-0.999298242264,-0.999298242264,-1.11022302463e-16,-1,0.000701757735739,3,1,2,3,1,-2.99789472679,0,5 16 26
4,111011,5,0,1,-0.999298242264,-0.999298242264,-1.11022302463e-16,-1,0.000701757735739,4,2,2,3,1,-2.99789472679,0,9 12 26
4,111100,4,2,1,-0.332631575598,-0.332631575598,-1.11022302463e-16,-0.333333333333,0.000701757735737,1,3,3,2,1,-2.99789472679,0,8 16 18
4,111101,5,1,0,0.333333333333,0.333333333333,0,0.333333333333,-1.05471187339e-15,2,4,3,2,1,-2.99789472679,0,9 18 24
4,111110,5,0,2,-1.99859648453,-1.99859648453,-2.22044604925e-16,-2,0.00140351547148,2,2,3,3,1,-2.99789472679,0,12 16 26
4,111111,6,0,2,-1.99859648453,-1.99859648453,-2.22044604925e-16,-2,0.00140351547148,3,3,3,3,1,-2.99789472679,0,12 16 26
5,000000,0,0,0,0,0,0,0,0,3,3,0,0,1,-2.99925395714,1,27 28 29
5,000001,1,0,0,0,0,0,0,0,4,4,0,0,1,-2.99925395714,0,5 20 25
5,000010,1,1,2,-1.66616930476,-1.66616930476,0,-1.66666666667,0.000497361907284,4,2,0,1,1,-2.99925395714,0,0 9 12
5,000011,2,1,0,0.333333333333,0.333333333333,0,0.333333333333,-1.42275080606e-13,5,3,0,1,1,-2.99925395714,0,9 13 20
5,000100,1,2,0,0.666666666666,0.666666666666,0,0.666666666667,-2.84550161211e-13,2,4,1,0,1,-2.99925395714,0,1 9 10
5,000101,2,1,0,0.333333333333,0.333333333333,0,0.333333333333,-1.42275080606e-13,3,5,1,0,1,-2.99925395714,0,5 9 21
5,000110,2,2,0,0.666666666666,0.666666666666,0,0.666666666667,-2.84550161211e-13,3,3,1,1,1,-2.99925395714,0,1 9 20
5,000111,3,1,0,0.333333333333,0.333333333333,0,0.333333333333,-1.42275080606e-13,4,4,1,1,1,-2.99925395714,0,5 9 20
5,001000,1,0,1,-0.999751319046,-0.999751319046,0,-1,0.000248680953713,4,2,0,1,1,-2.99925395714,0,12 16 29
5,001001,2,0,0,0,0,0,0,0,5,3,0,1,1,-2.99925395714,0,8 16 25
5,001010,2,1,1,-0.666417985713,-0.666417985713,0,-0.666666666667,0.000248680953571,5,1,0,2,1,-2.99925395714,0,9 12 29
5,001011,3,1,1,-0.666417985713,-0.666417985713,0,-0.666666666667,0.000248680953571,6,2,0,2,1,-2.99925395714,0,9 17 20
5,001100,2,1,0,0.333333333333,0.333333333333,0,0.333333333333,-1.42275080606e-13,3,3,1,1,1,-2.99925395714,0,9 10 16
5,001101,3,1,0,0.333333333333,0.333333333333,0,0.333333333333,-1.42275080606e-13,4,4,1,1,1,-2.99925395714,0,9 10 25
5,001110,3,2,1,-0.33308465238,-0.33308465238,0,-0.333333333333,0.000248680953428,4,2,1,2,1,-2.99925395714,0,1 9 12
5,001111,4,1,1,-0.666417985713,-0.666417985713,0,-0.666666666667,0.000248680953571,5,3,1,2,1,-2.99925395714,0,9 17 20
5,010000,1,1,0,0.333333333333,0.333333333333,0,0.333333333333,-1.42275080606e-13,2,4,1,0,1,-2.99925395714,0,6 11 26
5,010001,2,0,0,0,0,0,0,0,3,5,1,0,1,-2.99925395714,0,5 6 16
5,010010,2,2,1,-0.33308465238,-0.33308465238,0,-0.333333333333,0.000248680953428,3,3,1,1,1,-2.99925395714,0,1 9 12
5,010011,3,1,0,0.333333333333,0.333333333333,0,0.333333333333,-1.42275080606e-13,4,4,1,1,1,-2.99925395714,0,5 6 9
5,010100,2,2,0,0.666666666666,0.666666666666,0,0.666666666667,-2.84550161211e-13,1,5,2,0,1,-2.99925395714,0,1 5 9
5,010101,3,1,0,0.333333333333,0.333333333333,0,0.333333333333,-1.42275080606e-13,2,6,2,0,1,-2.99925395714,0,5 9 21
5,010110,3,2,1,-0.33308465238,-0.33308465238,0,-0.333333333333,0.000248680953428,2,4,2,1,1,-2.99925395714,0,1 9 12
5,010111,4,1,0,0.333333333333,0.333333333333,0,0.333333333333,-1.42275080606e-13,3,5,2,1,1,-2.99925395714,0,5 9 20
5,011000,2,0,1,-0.999751319046,-0.999751319046,0,-1,0.000248680953713,3,3,1,1,1,-2.99925395714,0,6 12 16
5,011001,3,1,0,0.333333333333,0.333333333333,0,0.333333333333,-1.42275080606e-13,4,4,1,1,1,-2.99925395714,0,6 9 16
5,011010,3,1,1,-0.666417985713,-0.666417985713,0,-0.666666666667,0.000248680953571,4,2,1,2,1,-2.99925395714,0,9 12 16
5,011011,4,1,1,-0.666417985713,-0.666417985713,0,-0.666666666667,0.000248680953571,5,3,1,2,1,-2.99925395714,0,9 12 16
5,011100,3,1,1,-0.666417985713,-0.666417985713,0,-0.666666666667,0.000248680953571,2,4,2,1,1,-2.99925395714,0,9 12 16
5,011101,4,1,0,0.333333333333,0.333333333333,0,0.333333333333,-1.42275080606e-13,3,5,2,1,1,-2.99925395714,0,5 9 16
5,011110,4,2,1,-0.33308465238,-0.33308465238,0,-0.333333333333,0.000248680953428,3,3,2,2,1,-2.99925395714,0,1 9 12
5,011111,5,1,1,-0.666417985713,-0.666417985713,0,-0.666666666667,0.000248680953571,4,4,2,2,1,-2.99925395714,0,9 12 16
5,100000,1,0,1,-0.999751319046,-0.999751319046,0,-1,0.000248680953713,2,2,1,1,1,-2.99925395714,0,13 15 17
5,100001,2,0,0,0,0,0,0,0,3,3,1,1,1,-2.99925395714,0,3 13 25
5,100010,2,0,2,-1.99950263809,-1.99950263809,0,-2,0.000497361907426,3,1,1,2,1,-2.99925395714,0,0 12 13
5,100011,3,1,1,-0.666417985713,-0.666417985713,0,-0.666666666667,0.000248680953571,4,2,1,2,1,-2.99925395714,0,9 13 17
5,100100,2,1,0,0.333333333333,0.333333333333,0,0.333333333333,-1.42275080606e-13,1,3,2,1,1,-2.99925395714,0,1 3 10
5,100101,3,0,0,0,0,0,0,0,2,4,2,1,1,-2.99925395714,0,3 10 25
5,100110,3,2,0,0.666666666666,0.666666666666,0,0.666666666667,-2.84550161211e-13,2,2,2,2,1,-2.99925395714,0,1 9 10
5,100111,4,1,0,0.333333333333,0.333333333333,0,0.333333333333,-1.42275080606e-13,3,3,2,2,1,-2.99925395714,0,3 9 20
5,101000,2,0,2,-1.99950263809,-1.99950263809,0,-2,0.000497361907426,3,1,1,2,1,-2.99925395714,0,10 12 17
5,101001,3,0,1,-0.999751319046,-0.999751319046,0,-1,0.000248680953713,4,2,1,2,1,-2.99925395714,0,8 17 25
5,101010,3,0,3,-2.99925395714,-2.99925395714,0,-3,0.000746042861139,4,0,1,3,1,-2.99925395714,0,0 12 17
5,101011,4,0,2,-1.99950263809,-1.99950263809,0,-2,0.000497361907426,5,1,1,3,1,-2.99925395714,0,12 13 17
5,101100,3,1,1,-0.666417985713,-0.666417985713,0,-0.666666666667,0.000248680953571,2,2,2,2,1,-2.99925395714,0,9 10 17
5,101101,4,0,1,-0.999751319046,-0.999751319046,0,-1,0.000248680953713,3,3,2,2,1,-2.99925395714,0,10 17 25
5,101110,4,1,1,-0.666417985713,-0.666417985713,0,-0.666666666667,0.000248680953571,3,1,2,3,1,-2.99925395714,0,9 10 12
5,101111,5,1,1,-0.666417985713,-0.666417985713,0,-0.666666666667,0.000248680953571,4,2,2,3,1,-2.99925395714,0,9 10 17
5,110000,2,2,1,-0.33308465238,-0.33308465238,0,-0.333333333333,0.000248680953428,1,3,2,1,1,-2.99925395714,0,1 12 26
5,110001,3,0,0,0,0,0,0,0,2,4,2,1,1,-2.99925395714,0,6 16 21
5,110010,3,2,1,-0.33308465238,-0.33308465238,0,-0.333333333333,0.000248680953428,2,2,2,2,1,-2.99925395714,0,1 9 12
5,110011,4,1,1,-0.666417985713,-0.666417985713,0,-0.666666666667,0.000248680953571,3,3,2,2,1,-2.99925395714,0,6 9 12
5,110100,3,3,0,1,1,0,1,-4.26880752968e-13,0,4,3,1,1,-2.99925395714,0,1 9 26
5,110101,4,1,0,0.333333333333,0.333333333333,0,0.333333333333,-1.42275080606e-13,1,5,3,1,1,-2.99925395714,0,5 9 21
5,110110,4,2,1,-0.33308465238,-0.33308465238,0,-0.333333333333,0.000248680953428,1,3,3,2,1,-2.99925395714,0,1 9 12
5,110111,5,2,0,0.666666666666,0.666666666666,0,0.666666666667,-2.84550161211e-13,2,4,3,2,1,-2.99925395714,0,1 9 20
5,111000,3,1,1,-0.666417985713,-0.666417985713,0,-0.666666666667,0.000248680953571,2,2,2,2,1,-2.99925395714,0,12 16 26
5,111001,4,0,2,-1.99950263809,-1.99950263809,0,-2,0.000497361907426,3,3,2,2,1,-2.99925395714,0,12 16 17
5,111010,4,2,1,-0.33308465238,-0.33308465238,0,-0.333333333333,0.000248680953428,3,1,2,3,1,-2.99925395714,0,1 9 12
5,111011,5,1,2,-1.66616930476,-1.66616930476,0,-1.66666666667,0.000497361907284,4,2,2,3,1,-2.99925395714,0,9 12 17
5,111100,4,2,1,-0.33308465238,-0.33308465238,0,-0.333333333333,0.000248680953428,1,3,3,2,1,-2.99925395714,0,1 9 12
5,111101,5,1,1,-0.666417985713,-0.666417985713,0,-0.666666666667,0.000248680953571,2,4,3,2,1,-2.99925395714,0,9 16 17
5,111110,5,2,1,-0.33308465238,-0.33308465238,0,-0.333333333333,0.000248680953428,2,2,3,3,1,-2.99925395714,0,1 9 12
5,111111,6,1,1,-0.666417985713,-0.666417985713,0,-0.666666666667,0.000248680953571,3,3,3,3,1,-2.99925395714,0,9 12 16
6,000000,0,0,0,0,0,0,0,0,3,3,0,0,1,-2.99880448008,1,27 28 29
6,000001,1,0,0,0,0,0,0,0,4,4,0,0,1,-2.99880448008,0,5 15 23
6,000010,1,0,0,0,0,0,0,0,4,2,0,1,1,-2.99880448008,0,12 13 17
6,000011,2,0,1,-0.999601493359,-0.999601493359,0,-1,0.000398506640508,5,3,0,1,1,-2.99880448008,0,5 19 20
6,000100,1,1,0,0.333333333333,0.333333333333,5.55111512313e-17,0.333333333333,-7.66053886991e-15,2,4,1,0,1,-2.99880448008,0,10 15 16
6,000101,2,0,0,0,0,0,0,0,3,5,1,0,1,-2.99880448008,0,15 16 23
6,000110,2,1,0,0.333333333333,0.333333333333,5.55111512313e-17,0.333333333333,-7.66053886991e-15,3,3,1,1,1,-2.99880448008,0,8 10 17
6,000111,3,0,0,0,0,0,0,0,4,4,1,1,1,-2.99880448008,0,5 16 17
6,001000,1,1,0,0.333333333333,0.333333333333,5.55111512313e-17,0.333333333333,-7.66053886991e-15,4,2,0,1,1,-2.99880448008,0,8 12 25
6,001001,2,0,1,-0.999601493359,-0.999601493359,0,-1,0.000398506640508,5,3,0,1,1,-2.99880448008,0,3 19 23
6,001010,2,0,0,0,0,0,0,0,5,1,0,2,1,-2.99880448008,0,8 12 13
6,001011,3,0,1,-0.999601493359,-0.999601493359,0,-1,0.000398506640508,6,2,0,2,1,-2.99880448008,0,8 13 19
6,001100,2,2,0,0.666666666667,0.666666666667,1.11022302463e-16,0.666666666667,-1.53210777398e-14,3,3,1,1,1,-2.99880448008,0,8 10 25
6,001101,3,1,0,0.333333333333,0.333333333333,5.55111512313e-17,0.333333333333,-7.66053886991e-15,4,4,1,1,1,-2.99880448008,0,8 15 25
6,001110,3,1,1,-0.666268160026,-0.666268160026,1.11022302463e-16,-0.666666666667,0.000398506640501,4,2,1,2,1,-2.99880448008,0,8 10 24
6,001111,4,0,0,0,0,0,0,0,5,3,1,2,1,-2.99880448008,0,7 8 17
6,010000,1,0,0,0,0,0,0,0,2,4,1,0,1,-2.99880448008,0,4 11 12
6,010001,2,0,0,0,0,0,0,0,3,5,1,0,1,-2.99880448008,0,5 16 21
6,010010,2,1,0,0.333333333333,0.333333333333,5.55111512313e-17,0.333333333333,-7.66053886991e-15,3,3,1,1,1,-2.99880448008,0,10 12 13
6,010011,3,0,0,0,0,0,0,0,4,4,1,1,1,-2.99880448008,0,5 12 20
6,010100,2,1,0,0.333333333333,0.333333333333,5.55111512313e-17,0.333333333333,-7.66053886991e-15,1,5,2,0,1,-2.99880448008,0,4 10 16
6,010101,3,0,0,0,0,0,0,0,2,6,2,0,1,-2.99880448008,0,16 17 21
6,010110,3,1,0,0.333333333333,0.333333333333,5.55111512313e-17,0.333333333333,-7.66053886991e-15,2,4,2,1,1,-2.99880448008,0,10 12 17
6,010111,4,0,0,0,0,0,0,0,3,5,2,1,1,-2.99880448008,0,5 16 17
6,011000,2,0,0,0,0,0,0,0,3,3,1,1,1,-2.99880448008,0,4 11 12
6,011001,3,0,0,0,0,0,0,0,4,4,1,1,1,-2.99880448008,0,3 11 12
6,011010,3,1,0,0.333333333333,0.333333333333,5.55111512313e-17,0.333333333333,-7.66053886991e-15,4,2,1,2,1,-2.99880448008,0,10 12 13
6,011011,4,0,0,0,0,0,0,0,5,3,1,2,1,-2.99880448008,0,8 12 13
6,011100,3,2,0,0.666666666667,0.666666666667,1.11022302463e-16,0.666666666667,-1.53210777398e-14,2,4,2,1,1,-2.99880448008,0,4 10 25
6,011101,4,1,0,0.333333333333,0.333333333333,5.55111512313e-17,0.333333333333,-7.66053886991e-15,3,5,2,1,1,-2.99880448008,0,4 8 25
6,011110,4,1,0,0.333333333333,0.333333333333,5.55111512313e-17,0.333333333333,-7.66053886991e-15,3,3,2,2,1,-2.99880448008,0,8 10 12
6,011111,5,1,0,0.333333333333,0.333333333333,5.55111512313e-17,0.333333333333,-7.66053886991e-15,4,4,2,2,1,-2.99880448008,0,8 10 12
6,100000,1,0,2,-1.99920298672,-1.99920298672,0,-2,0.000797013281017,2,2,1,1,1,-2.99880448008,0,3 19 26
6,100001,2,0,1,-0.999601493359,-0.999601493359,0,-1,0.000398506640508,3,3,1,1,1,-2.99880448008,0,3 5 19
6,100010,2,0,2,-1.99920298672,-1.99920298672,0,-2,0.000797013281017,3,1,1,2,1,-2.99880448008,0,19 20 26
6,100011,3,0,1,-0.999601493359,-0.999601493359,0,-1,0.000398506640508,4,2,1,2,1,-2.99880448008,0,5 19 20
6,100100,2,1,1,-0.666268160026,-0.666268160026,1.11022302463e-16,-0.666666666667,0.000398506640501,1,3,2,1,1,-2.99880448008,0,1 17 24
6,100101,3,0,0,0,0,0,0,0,2,4,2,1,1,-2.99880448008,0,5 15 17
6,100110,3,1,0,0.333333333333,0.333333333333,5.55111512313e-17,0.333333333333,-7.66053886991e-15,2,2,2,2,1,-2.99880448008,0,5 10 17
6,100111,4,0,1,-0.999601493359,-0.999601493359,0,-1,0.000398506640508,3,3,2,2,1,-2.99880448008,0,5 17 19
6,101000,2,0,2,-1.99920298672,-1.99920298672,0,-2,0.000797013281017,3,1,1,2,1,-2.99880448008,0,3 19 26
6,101001,3,0,1,-0.999601493359,-0.999601493359,0,-1,0.000398506640508,4,2,1,2,1,-2.99880448008,0,3 11 19
6,101010,3,0,3,-2.99880448008,-2.99880448008,0,-3,0.00119551992153,4,0,1,3,1,-2.99880448008,0,19 24 26
6,101011,4,0,1,-0.999601493359,-0.999601493359,0,-1,0.000398506640508,5,1,1,3,1,-2.99880448008,0,3 19 20
6,101100,3,1,1,-0.666268160026,-0.666268160026,1.11022302463e-16,-0.666666666667,0.000398506640501,2,2,2,2,1,-2.99880448008,0,3 24 25
6,101101,4,1,0,0.333333333333,0.333333333333,5.55111512313e-17,0.333333333333,-7.66053886991e-15,3,3,2,2,1,-2.99880448008,0,3 15 25
6,101110,4,1,1,-0.666268160026,-0.666268160026,1.11022302463e-16,-0.666666666667,0.000398506640501,3,1,2,3,1,-2.99880448008,0,8 10 24
6,101111,5,0,1,-0.999601493359,-0.999601493359,0,-1,0.000398506640508,4,2,2,3,1,-2.99880448008,0,3 17 19
6,110000,2,0,1,-0.999601493359,-0.999601493359,0,-1,0.000398506640508,1,3,2,1,1,-2.99880448008,0,9 11 26
6,110001,3,0,1,-0.999601493359,-0.999601493359,0,-1,0.000398506640508,2,4,2,1,1,-2.99880448008,0,5 19 20
6,110010,3,0,2,-1.99920298672,-1.99920298672,0,-2,0.000797013281017,2,2,2,2,1,-2.99880448008,0,19 20 26
6,110011,4,0,1,-0.999601493359,-0.999601493359,0,-1,0.000398506640508,3,3,2,2,1,-2.99880448008,0,5 19 20
6,110100,3,3,0,1,1,0,1,-2.30926389122e-14,0,4,3,1,1,-2.99880448008,0,1 10 25
6,110101,4,0,0,0,0,0,0,0,1,5,3,1,1,-2.99880448008,0,5 17 21
6,110110,4,1,0,0.333333333333,0.333333333333,5.55111512313e-17,0.333333333333,-7.66053886991e-15,1,3,3,2,1,-2.99880448008,0,5 10 17
6,110111,5,0,1,-0.999601493359,-0.999601493359,0,-1,0.000398506640508,2,4,3,2,1,-2.99880448008,0,5 17 19
6,111000,3,0,1,-0.999601493359,-0.999601493359,0,-1,0.000398506640508,2,2,2,2,1,-2.99880448008,0,3 11 24
6,111001,4,0,1,-0.999601493359,-0.999601493359,0,-1,0.000398506640508,3,3,2,2,1,-2.99880448008,0,3 11 19
6,111010,4,0,1,-0.999601493359,-0.999601493359,0,-1,0.000398506640508,3,1,2,3,1,-2.99880448008,0,11 12 26
6,111011,5,0,1,-0.999601493359,-0.999601493359,0,-1,0.000398506640508,4,2,2,3,1,-2.99880448008,0,11 19 20
6,111100,4,2,1,-0.332934826693,-0.332934826693,1.66533453694e-16,-0.333333333333,0.000398506640493,1,3,3,2,1,-2.99880448008,0,10 24 25
6,111101,5,1,0,0.333333333333,0.333333333333,5.55111512313e-17,0.333333333333,-7.66053886991e-15,2,4,3,2,1,-2.99880448008,0,3 11 25
6,111110,5,1,1,-0.666268160026,-0.666268160026,1.11022302463e-16,-0.666666666667,0.000398506640501,2,2,3,3,1,-2.99880448008,0,10 11 24
6,111111,6,0,1,-0.999601493359,-0.999601493359,0,-1,0.000398506640508,3,3,3,3,1,-2.99880448008,0,11 17 19
7,000000,0,0,0,0,0,0,0,0,3,3,0,0,1,-2.9962926797,1,27 28 29
7,000001,1,0,1,-0.998764226566,-0.998764226566,-1.11022302463e-16,-1,0.00123577343414,4,4,0,0,1,-2.9962926797,0,3 4 21
7,000010,1,0,2,-1.99752845313,-1.99752845313,-2.22044604925e-16,-2,0.00247154686829,4,2,0,1,1,-2.9962926797,0,3 5 10
7,000011,2,0,1,-0.998764226566,-0.998764226566,-1.11022302463e-16,-1,0.00123577343414,5,3,0,1,1,-2.9962926797,0,3 4 8
7,000100,1,0,1,-0.998764226566,-0.998764226566,-1.11022302463e-16,-1,0.00123577343414,2,4,1,0,1,-2.9962926797,0,2 4 13
7,000101,2,0,0,0,0,0,0,0,3,5,1,0,1,-2.9962926797,0,4 13 21
7,000110,2,0,2,-1.99752845313,-1.99752845313,-2.22044604925e-16,-2,0.00247154686829,3,3,1,1,1,-2.9962926797,0,2 4 5
7,000111,3,0,2,-1.99752845313,-1.99752845313,-2.22044604925e-16,-2,0.00247154686829,4,4,1,1,1,-2.9962926797,0,3 4 5
7,001000,1,0,1,-0.998764226566,-0.998764226566,-1.11022302463e-16,-1,0.00123577343414,4,2,0,1,1,-2.9962926797,0,2 8 27
7,001001,2,0,1,-0.998764226566,-0.998764226566,-1.11022302463e-16,-1,0.00123577343414,5,3,0,1,1,-2.9962926797,0,3 8 21
7,001010,2,0,2,-1.99752845313,-1.99752845313,-2.22044604925e-16,-2,0.00247154686829,5,1,0,2,1,-2.9962926797,0,3 5 8
7,001011,3,0,2,-1.99752845313,-1.99752845313,-2.22044604925e-16,-2,0.00247154686829,6,2,0,2,1,-2.9962926797,0,3 5 8
7,001100,2,0,1,-0.998764226566,-0.998764226566,-1.11022302463e-16,-1,0.00123577343414,3,3,1,1,1,-2.9962926797,0,2 13 21
7,001101,3,0,0,0,0,0,0,0,4,4,1,1,1,-2.9962926797,0,8 13 21
7,001110,3,0,2,-1.99752845313,-1.99752845313,-2.22044604925e-16,-2,0.00247154686829,4,2,1,2,1,-2.9962926797,0,2 5 8
7,001111,4,0,2,-1.99752845313,-1.99752845313,-2.22044604925e-16,-2,0.00247154686829,5,3,1,2,1,-2.9962926797,0,3 5 8
7,010000,1,1,0,0.333333333333,0.333333333333,0,0.333333333333,-1.05471187339e-15,2,4,1,0,1,-2.9962926797,0,15 18 28
7,010001,2,1,1,-0.665430893233,-0.665430893233,-1.11022302463e-16,-0.666666666667,0.00123577343414,3,5,1,0,1,-2.9962926797,0,3 19 20
7,010010,2,0,1,-0.998764226566,-0.998764226566,-1.11022302463e-16,-1,0.00123577343414,3,3,1,1,1,-2.9962926797,0,5 10 15
7,010011,3,0,2,-1.99752845313,-1.99752845313,-2.22044604925e-16,-2,0.00247154686829,4,4,1,1,1,-2.9962926797,0,3 4 5
7,010100,2,1,0,0.333333333333,0.333333333333,0,0.333333333333,-1.05471187339e-15,1,5,2,0,1,-2.9962926797,0,13 18 19
7,010101,3,1,0,0.333333333333,0.333333333333,0,0.333333333333,-1.05471187339e-15,2,6,2,0,1,-2.9962926797,0,13 19 20
7,010110,3,1,1,-0.665430893233,-0.665430893233,-1.11022302463e-16,-0.666666666667,0.00123577343414,2,4,2,1,1,-2.9962926797,0,4 5 14
7,010111,4,0,2,-1.99752845313,-1.99752845313,-2.22044604925e-16,-2,0.00247154686829,3,5,2,1,1,-2.9962926797,0,3 4 5
7,011000,2,0,0,0,0,0,0,0,3,3,1,1,1,-2.9962926797,0,15 25 27
7,011001,3,0,1,-0.998764226566,-0.998764226566,-1.11022302463e-16,-1,0.00123577343414,4,4,1,1,1,-2.9962926797,0,3 8 25
7,011010,3,0,2,-1.99752845313,-1.99752845313,-2.22044604925e-16,-2,0.00247154686829,4,2,1,2,1,-2.9962926797,0,3 5 15
7,011011,4,0,2,-1.99752845313,-1.99752845313,-2.22044604925e-16,-2,0.00247154686829,5,3,1,2,1,-2.9962926797,0,3 5 8
7,011100,3,0,1,-0.998764226566,-0.998764226566,-1.11022302463e-16,-1,0.00123577343414,2,4,2,1,1,-2.9962926797,0,2 13 19
7,011101,4,0,1,-0.998764226566,-0.998764226566,-1.11022302463e-16,-1,0.00123577343414,3,5,2,1,1,-2.9962926797,0,5 13 19
7,011110,4,0,2,-1.99752845313,-1.99752845313,-2.22044604925e-16,-2,0.00247154686829,3,3,2,2,1,-2.9962926797,0,2 5 15
7,011111,5,0,2,-1.99752845313,-1.99752845313,-2.22044604925e-16,-2,0.00247154686829,4,4,2,2,1,-2.9962926797,0,3 5 8
7,100000,1,1,0,0.333333333333,0.333333333333,0,0.333333333333,-1.05471187339e-15,2,2,1,1,1,-2.9962926797,0,20 23 29
7,100001,2,1,0,0.333333333333,0.333333333333,0,0.333333333333,-1.05471187339e-15,3,3,1,1,1,-2.9962926797,0,20 23 29
7,100010,2,0,2,-1.99752845313,-1.99752845313,-2.22044604925e-16,-2,0.00247154686829,3,1,1,2,1,-2.9962926797,0,3 5 10
7,100011,3,0,1,-0.998764226566,-0.998764226566,-1.11022302463e-16,-1,0.00123577343414,4,2,1,2,1,-2.9962926797,0,3 23 29
7,100100,2,0,1,-0.998764226566,-0.998764226566,-1.11022302463e-16,-1,0.00123577343414,1,3,2,1,1,-2.9962926797,0,2 9 29
7,100101,3,1,0,0.333333333333,0.333333333333,0,0.333333333333,-1.05471187339e-15,2,4,2,1,1,-2.9962926797,0,20 23 29
7,100110,3,1,2,-1.6641951198,-1.6641951198,0,-1.66666666667,0.00247154686829,2,2,2,2,1,-2.9962926797,0,2 5 14
7,100111,4,0,2,-1.99752845313,-1.99752845313,-2.22044604925e-16,-2,0.00247154686829,3,3,2,2,1,-2.9962926797,0,3 4 5
7,101000,2,0,1,-0.998764226566,-0.998764226566,-1.11022302463e-16,-1,0.00123577343414,3,1,1,2,1,-2.9962926797,0,2 11 23
7,101001,3,0,1,-0.998764226566,-0.998764226566,-1.11022302463e-16,-1,0.00123577343414,4,2,1,2,1,-2.9962926797,0,3 8 23
7,101010,3,0,3,-2.9962926797,-2.9962926797,0,-3,0.00370732030243,4,0,1,3,1,-2.9962926797,0,2 3 5
7,101011,4,0,2,-1.99752845313,-1.99752845313,-2.22044604925e-16,-2,0.00247154686829,5,1,1,3,1,-2.9962926797,0,3 5 23
7,101100,3,0,2,-1.99752845313,-1.99752845313,-2.22044604925e-16,-2,0.00247154686829,2,2,2,2,1,-2.9962926797,0,2 5 23
7,101101,4,0,2,-1.99752845313,-1.99752845313,-2.22044604925e-16,-2,0.00247154686829,3,3,2,2,1,-2.9962926797,0,2 3 23
7,101110,4,0,3,-2.9962926797,-2.9962926797,0,-3,0.00370732030243,3,1,2,3,1,-2.9962926797,0,2 3 5
7,101111,5,0,3,-2.9962926797,-2.9962926797,0,-3,0.00370732030243,4,2,2,3,1,-2.9962926797,0,2 3 5
7,110000,2,2,0,0.666666666667,0.666666666667,0,0.666666666667,-2.10942374679e-15,1,3,2,1,1,-2.9962926797,0,18 20 28
7,110001,3,1,0,0.333333333333,0.333333333333,0,0.333333333333,-1.05471187339e-15,2,4,2,1,1,-2.9962926797,0,20 23 28
7,110010,3,0,2,-1.99752845313,-1.99752845313,-2.22044604925e-16,-2,0.00247154686829,2,2,2,2,1,-2.9962926797,0,3 5 10
7,110011,4,1,1,-0.665430893233,-0.665430893233,-1.11022302463e-16,-0.666666666667,0.00123577343414,3,3,2,2,1,-2.9962926797,0,3 20 23
7,110100,3,3,0,1,1,0,1,-3.21964677141e-15,0,4,3,1,1,-2.9962926797,0,14 18 20
7,110101,4,1,0,0.333333333333,0.333333333333,0,0.333333333333,-1.05471187339e-15,1,5,3,1,1,-2.9962926797,0,13 20 23
7,110110,4,2,1,-0.332097559899,-0.332097559899,-1.11022302463e-16,-0.333333333333,0.00123577343414,1,3,3,2,1,-2.9962926797,0,5 14 18
7,110111,5,1,2,-1.6641951198,-1.6641951198,0,-1.66666666667,0.00247154686829,2,4,3,2,1,-2.9962926797,0,3 5 20
7,111000,3,0,2,-1.99752845313,-1.99752845313,-2.22044604925e-16,-2,0.00247154686829,2,2,2,2,1,-2.9962926797,0,3 5 23
7,111001,4,0,2,-1.99752845313,-1.99752845313,-2.22044604925e-16,-2,0.00247154686829,3,3,2,2,1,-2.9962926797,0,3 5 23
7,111010,4,0,2,-1.99752845313,-1.99752845313,-2.22044604925e-16,-2,0.00247154686829,3,1,2,3,1,-2.9962926797,0,3 5 23
7,111011,5,0,2,-1.99752845313,-1.99752845313,-2.22044604925e-16,-2,0.00247154686829,4,2,2,3,1,-2.9962926797,0,3 5 23
7,111100,4,1,2,-1.6641951198,-1.6641951198,0,-1.66666666667,0.00247154686829,1,3,3,2,1,-2.9962926797,0,2 5 18
7,111101,5,0,2,-1.99752845313,-1.99752845313,-2.22044604925e-16,-2,0.00247154686829,2,4,3,2,1,-2.9962926797,0,3 5 23
7,111110,5,0,3,-2.9962926797,-2.9962926797,0,-3,0.00370732030243,2,2,3,3,1,-2.9962926797,0,2 3 5
7,111111,6,0,2,-1.99752845313,-1.99752845313,-2.22044604925e-16,-2,0.00247154686829,3,3,3,3,1,-2.9962926797,0,3 5 23
8,000000,0,0,0,0,0,0,0,0,3,3,0,0,1,-2.99768651296,1,27 28 29
8,000001,1,0,1,-0.999228837653,-0.999228837653,0,-1,0.000771162346966,4,4,0,0,1,-2.99768651296,0,4 14 18
8,000010,1,1,0,0.333333333333,0.333333333333,0,0.333333333333,-8.32667268469e-16,4,2,0,1,1,-2.99768651296,0,13 15 18
8,000011,2,0,1,-0.999228837653,-0.999228837653,0,-1,0.000771162346966,5,3,0,1,1,-2.99768651296,0,4 13 18
8,000100,1,1,0,0.333333333333,0.333333333333,0,0.333333333333,-8.32667268469e-16,2,4,1,0,1,-2.99768651296,0,6 13 15
8,000101,2,0,0,0,0,0,0,0,3,5,1,0,1,-2.99768651296,0,6 13 21
8,000110,2,1,0,0.333333333333,0.333333333333,0,0.333333333333,-8.32667268469e-16,3,3,1,1,1,-2.99768651296,0,6 13 15
8,000111,3,1,0,0.333333333333,0.333333333333,0,0.333333333333,-8.32667268469e-16,4,4,1,1,1,-2.99768651296,0,6 13 15
8,001000,1,0,1,-0.999228837653,-0.999228837653,0,-1,0.000771162346966,4,2,0,1,1,-2.99768651296,0,4 13 29
8,001001,2,0,2,-1.99845767531,-1.99845767531,0,-2,0.00154232469393,5,3,0,1,1,-2.99768651296,0,1 4 18
8,001010,2,0,1,-0.999228837653,-0.999228837653,0,-1,0.000771162346966,5,1,0,2,1,-2.99768651296,0,4 13 18
8,001011,3,0,1,-0.999228837653,-0.999228837653,0,-1,0.000771162346966,6,2,0,2,1,-2.99768651296,0,4 13 18
8,001100,2,0,0,0,0,0,0,0,3,3,1,1,1,-2.99768651296,0,0 13 29
8,001101,3,0,1,-0.999228837653,-0.999228837653,0,-1,0.000771162346966,4,4,1,1,1,-2.99768651296,0,4 13 29
8,001110,3,1,1,-0.66589550432,-0.66589550432,0,-0.666666666667,0.000771162346966,4,2,1,2,1,-2.99768651296,0,4 13 15
8,001111,4,0,1,-0.999228837653,-0.999228837653,0,-1,0.000771162346966,5,3,1,2,1,-2.99768651296,0,4 6 13
8,010000,1,1,1,-0.66589550432,-0.66589550432,0,-0.666666666667,0.000771162346966,2,4,1,0,1,-2.99768651296,0,3 4 12
8,010001,2,0,2,-1.99845767531,-1.99845767531,0,-2,0.00154232469393,3,5,1,0,1,-2.99768651296,0,1 4 18
8,010010,2,1,1,-0.66589550432,-0.66589550432,0,-0.666666666667,0.000771162346966,3,3,1,1,1,-2.99768651296,0,4 15 18
8,010011,3,1,1,-0.66589550432,-0.66589550432,0,-0.666666666667,0.000771162346966,4,4,1,1,1,-2.99768651296,0,4 15 18
8,010100,2,3,0,1,1,0,1,-2.55351295664e-15,1,5,2,0,1,-2.99768651296,0,12 15 24
8,010101,3,2,1,-0.332562170986,-0.332562170986,0,-0.333333333333,0.000771162346965,2,6,2,0,1,-2.99768651296,0,4 12 15
8,010110,3,1,1,-0.66589550432,-0.66589550432,0,-0.666666666667,0.000771162346966,2,4,2,1,1,-2.99768651296,0,4 13 15
8,010111,4,1,1,-0.66589550432,-0.66589550432,0,-0.666666666667,0.000771162346966,3,5,2,1,1,-2.99768651296,0,4 15 18
8,011000,2,0,1,-0.999228837653,-0.999228837653,0,-1,0.000771162346966,3,3,1,1,1,-2.99768651296,0,3 4 29
8,011001,3,0,2,-1.99845767531,-1.99845767531,0,-2,0.00154232469393,4,4,1,1,1,-2.99768651296,0,1 4 18
8,011010,3,0,2,-1.99845767531,-1.99845767531,0,-2,0.00154232469393,4,2,1,2,1,-2.99768651296,0,1 4 18
8,011011,4,0,2,-1.99845767531,-1.99845767531,0,-2,0.00154232469393,5,3,1,2,1,-2.99768651296,0,1 4 18
8,011100,3,1,1,-0.66589550432,-0.66589550432,0,-0.666666666667,0.000771162346966,2,4,2,1,1,-2.99768651296,0,4 24 29
8,011101,4,0,1,-0.999228837653,-0.999228837653,0,-1,0.000771162346966,3,5,2,1,1,-2.99768651296,0,4 13 29
8,011110,4,1,1,-0.66589550432,-0.66589550432,0,-0.666666666667,0.000771162346966,3,3,2,2,1,-2.99768651296,0,4 13 15
8,011111,5,1,1,-0.66589550432,-0.66589550432,0,-0.666666666667,0.000771162346966,4,4,2,2,1,-2.99768651296,0,4 13 15
8,100000,1,0,0,0,0,0,0,0,2,2,1,1,1,-2.99768651296,0,3 19 26
8,100001,2,0,2,-1.99845767531,-1.99845767531,0,-2,0.00154232469393,3,3,1,1,1,-2.99768651296,0,4 8 19
8,100010,2,0,2,-1.99845767531,-1.99845767531,0,-2,0.00154232469393,3,1,1,2,1,-2.99768651296,0,4 8 21
8,100011,3,0,2,-1.99845767531,-1.99845767531,0,-2,0.00154232469393,4,2,1,2,1,-2.99768651296,0,4 8 18
8,100100,2,0,1,-0.999228837653,-0.999228837653,0,-1,0.000771162346966,1,3,2,1,1,-2.99768651296,0,2 8 21
8,100101,3,0,2,-1.99845767531,-1.99845767531,0,-2,0.00154232469393,2,4,2,1,1,-2.99768651296,0,4 8 21
8,100110,3,1,1,-0.66589550432,-0.66589550432,0,-0.666666666667,0.000771162346966,2,2,2,2,1,-2.99768651296,0,8 15 21
8,100111,4,1,1,-0.66589550432,-0.66589550432,0,-0.666666666667,0.000771162346966,3,3,2,2,1,-2.99768651296,0,4 15 21
8,101000,2,0,2,-1.99845767531,-1.99845767531,0,-2,0.00154232469393,3,1,1,2,1,-2.99768651296,0,1 3 4
8,101001,3,0,2,-1.99845767531,-1.99845767531,0,-2,0.00154232469393,4,2,1,2,1,-2.99768651296,0,1 4 19
8,101010,3,0,3,-2.99768651296,-2.99768651296,0,-3,0.0023134870409,4,0,1,3,1,-2.99768651296,0,1 4 8
8,101011,4,0,2,-1.99845767531,-1.99845767531,0,-2,0.00154232469393,5,1,1,3,1,-2.99768651296,0,4 8 18
8,101100,3,0,1,-0.999228837653,-0.999228837653,0,-1,0.000771162346966,2,2,2,2,1,-2.99768651296,0,4 21 29
8,101101,4,0,2,-1.99845767531,-1.99845767531,0,-2,0.00154232469393,3,3,2,2,1,-2.99768651296,0,4 8 21
8,101110,4,0,1,-0.999228837653,-0.999228837653,0,-1,0.000771162346966,3,1,2,3,1,-2.99768651296,0,4 13 21
8,101111,5,0,1,-0.999228837653,-0.999228837653,0,-1,0.000771162346966,4,2,2,3,1,-2.99768651296,0,4 13 21
8,110000,2,0,2,-1.99845767531,-1.99845767531,0,-2,0.00154232469393,1,3,2,1,1,-2.99768651296,0,3 4 8
8,110001,3,0,2,-1.99845767531,-1.99845767531,0,-2,0.00154232469393,2,4,2,1,1,-2.99768651296,0,4 8 18
8,110010,3,1,2,-1.66512434197,-1.66512434197,0,-1.66666666667,0.00154232469393,2,2,2,2,1,-2.99768651296,0,4 8 15
8,110011,4,0,2,-1.99845767531,-1.99845767531,0,-2,0.00154232469393,3,3,2,2,1,-2.99768651296,0,4 8 18
8,110100,3,3,0,1,1,0,1,-2.55351295664e-15,0,4,3,1,1,-2.99768651296,0,12 15 24
8,110101,4,1,2,-1.66512434197,-1.66512434197,0,-1.66666666667,0.00154232469393,1,5,3,1,1,-2.99768651296,0,4 8 15
8,110110,4,1,2,-1.66512434197,-1.66512434197,0,-1.66666666667,0.00154232469393,1,3,3,2,1,-2.99768651296,0,4 8 15
8,110111,5,1,2,-1.66512434197,-1.66512434197,0,-1.66666666667,0.00154232469393,2,4,3,2,1,-2.99768651296,0,4 8 15
8,111000,3,0,2,-1.99845767531,-1.99845767531,0,-2,0.00154232469393,2,2,2,2,1,-2.99768651296,0,1 3 4
8,111001,4,0,2,-1.99845767531,-1.99845767531,0,-2,0.00154232469393,3,3,2,2,1,-2.99768651296,0,1 3 4
8,111010,4,0,2,-1.99845767531,-1.99845767531,0,-2,0.00154232469393,3,1,2,3,1,-2.99768651296,0,1 3 4
8,111011,5,0,2,-1.99845767531,-1.99845767531,0,-2,0.00154232469393,4,2,2,3,1,-2.99768651296,0,1 4 18
8,111100,4,0,1,-0.999228837653,-0.999228837653,0,-1,0.000771162346966,1,3,3,2,1,-2.99768651296,0,3 4 29
8,111101,5,0,2,-1.99845767531,-1.99845767531,0,-2,0.00154232469393,2,4,3,2,1,-2.99768651296,0,4 8 29
8,111110,5,1,2,-1.66512434197,-1.66512434197,0,-1.66666666667,0.00154232469393,2,2,3,3,1,-2.99768651296,0,4 8 15
8,111111,6,1,2,-1.66512434197,-1.66512434197,0,-1.66666666667,0.00154232469393,3,3,3,3,1,-2.99768651296,0,4 8 15
9,000000,0,0,0,0,0,0,0,0,3,3,0,0,1,-2.99405908761,1,27 28 29
9,000001,1,0,1,-0.99801969587,-0.99801969587,0,-1,0.00198030412992,4,4,0,0,1,-2.99405908761,0,4 10 25
9,000010,1,0,1,-0.99801969587,-0.99801969587,0,-1,0.00198030412992,4,2,0,1,1,-2.99405908761,0,11 12 18
9,000011,2,0,0,0,0,0,0,0,5,3,0,1,1,-2.99405908761,0,22 25 27
9,000100,1,1,0,0.333333333333,0.333333333333,0,0.333333333333,-2.77555756156e-16,2,4,1,0,1,-2.99405908761,0,3 5 22
9,000101,2,0,0,0,0,0,0,0,3,5,1,0,1,-2.99405908761,0,5 22 27
9,000110,2,0,0,0,0,0,0,0,3,3,1,1,1,-2.99405908761,0,5 22 27
9,000111,3,0,0,0,0,0,0,0,4,4,1,1,1,-2.99405908761,0,5 22 27
9,001000,1,0,1,-0.99801969587,-0.99801969587,0,-1,0.00198030412992,4,2,0,1,1,-2.99405908761,0,4 10 21
9,001001,2,0,2,-1.99603939174,-1.99603939174,0,-2,0.00396060825984,5,3,0,1,1,-2.99405908761,0,4 10 17
9,001010,2,0,1,-0.99801969587,-0.99801969587,0,-1,0.00198030412992,5,1,0,2,1,-2.99405908761,0,11 12 21
9,001011,3,0,2,-1.99603939174,-1.99603939174,0,-2,0.00396060825984,6,2,0,2,1,-2.99405908761,0,4 10 17
9,001100,2,1,0,0.333333333333,0.333333333333,0,0.333333333333,-2.77555756156e-16,3,3,1,1,1,-2.99405908761,0,3 5 28
9,001101,3,1,1,-0.664686362537,-0.664686362537,0,-0.666666666667,0.00198030412992,4,4,1,1,1,-2.99405908761,0,3 5 17
9,001110,3,0,2,-1.99603939174,-1.99603939174,0,-2,0.00396060825984,4,2,1,2,1,-2.99405908761,0,5 12 17
9,001111,4,0,1,-0.99801969587,-0.99801969587,0,-1,0.00198030412992,5,3,1,2,1,-2.99405908761,0,5 17 22
9,010000,1,0,0,0,0,0,0,0,2,4,1,0,1,-2.99405908761,0,5 9 28
9,010001,2,0,0,0,0,0,0,0,3,5,1,0,1,-2.99405908761,0,5 9 26
9,010010,2,0,1,-0.99801969587,-0.99801969587,0,-1,0.00198030412992,3,3,1,1,1,-2.99405908761,0,5 12 18
9,010011,3,0,0,0,0,0,0,0,4,4,1,1,1,-2.99405908761,0,5 9 25
9,010100,2,1,0,0.333333333333,0.333333333333,0,0.333333333333,-2.77555756156e-16,1,5,2,0,1,-2.99405908761,0,3 5 28
9,010101,3,1,0,0.333333333333,0.333333333333,0,0.333333333333,-2.77555756156e-16,2,6,2,0,1,-2.99405908761,0,3 5 28
9,010110,3,0,1,-0.99801969587,-0.99801969587,0,-1,0.00198030412992,2,4,2,1,1,-2.99405908761,0,5 12 18
9,010111,4,0,0,0,0,0,0,0,3,5,2,1,1,-2.99405908761,0,5 22 27
9,011000,2,1,0,0.333333333333,0.333333333333,0,0.333333333333,-2.77555756156e-16,3,3,1,1,1,-2.99405908761,0,3 5 28
9,011001,3,0,1,-0.99801969587,-0.99801969587,0,-1,0.00198030412992,4,4,1,1,1,-2.99405908761,0,5 10 28
9,011010,3,0,1,-0.99801969587,-0.99801969587,0,-1,0.00198030412992,4,2,1,2,1,-2.99405908761,0,5 12 28
9,011011,4,0,1,-0.99801969587,-0.99801969587,0,-1,0.00198030412992,5,3,1,2,1,-2.99405908761,0,5 10 28
9,011100,3,1,0,0.333333333333,0.333333333333,0,0.333333333333,-2.77555756156e-16,2,4,2,1,1,-2.99405908761,0,3 5 28
9,011101,4,1,0,0.333333333333,0.333333333333,0,0.333333333333,-2.77555756156e-16,3,5,2,1,1,-2.99405908761,0,3 5 28
9,011110,4,0,1,-0.99801969587,-0.99801969587,0,-1,0.00198030412992,3,3,2,2,1,-2.99405908761,0,5 12 28
9,011111,5,0,1,-0.99801969587,-0.99801969587,0,-1,0.00198030412992,4,4,2,2,1,-2.99405908761,0,5 12 28
9,100000,1,1,1,-0.664686362537,-0.664686362537,0,-0.666666666667,0.00198030412992,2,2,1,1,1,-2.99405908761,0,9 17 19
9,100001,2,0,2,-1.99603939174,-1.99603939174,0,-2,0.00396060825984,3,3,1,1,1,-2.99405908761,0,10 17 27
9,100010,2,0,1,-0.99801969587,-0.99801969587,0,-1,0.00198030412992,3,1,1,2,1,-2.99405908761,0,17 22 27
9,100011,3,0,1,-0.99801969587,-0.99801969587,0,-1,0.00198030412992,4,2,1,2,1,-2.99405908761,0,17 22 27
9,100100,2,0,0,0,0,0,0,0,1,3,2,1,1,-2.99405908761,0,14 22 27
9,100101,3,0,0,0,0,0,0,0,2,4,2,1,1,-2.99405908761,0,14 22 27
9,100110,3,0,0,0,0,0,0,0,2,2,2,2,1,-2.99405908761,0,22 27 29
9,100111,4,0,1,-0.99801969587,-0.99801969587,0,-1,0.00198030412992,3,3,2,2,1,-2.99405908761,0,17 22 27
9,101000,2,0,2,-1.99603939174,-1.99603939174,0,-2,0.00396060825984,3,1,1,2,1,-2.99405908761,0,4 10 17
9,101001,3,0,2,-1.99603939174,-1.99603939174,0,-2,0.00396060825984,4,2,1,2,1,-2.99405908761,0,4 10 17
9,101010,3,0,3,-2.99405908761,-2.99405908761,0,-3,0.00594091238976,4,0,1,3,1,-2.99405908761,0,10 12 17
9,101011,4,0,2,-1.99603939174,-1.99603939174,0,-2,0.00396060825984,5,1,1,3,1,-2.99405908761,0,10 17 27
9,101100,3,1,1,-0.664686362537,-0.664686362537,0,-0.666666666667,0.00198030412992,2,2,2,2,1,-2.99405908761,0,3 14 17
9,101101,4,0,2,-1.99603939174,-1.99603939174,0,-2,0.00396060825984,3,3,2,2,1,-2.99405908761,0,10 14 17
9,101110,4,0,1,-0.99801969587,-0.99801969587,0,-1,0.00198030412992,3,1,2,3,1,-2.99405908761,0,17 22 27
9,101111,5,0,1,-0.99801969587,-0.99801969587,0,-1,0.00198030412992,4,2,2,3,1,-2.99405908761,0,17 22 27
9,110000,2,2,0,0.666666666667,0.666666666667,0,0.666666666667,-5.55111512313e-16,1,3,2,1,1,-2.99405908761,0,9 15 19
9,110001,3,0,1,-0.99801969587,-0.99801969587,0,-1,0.00198030412992,2,4,2,1,1,-2.99405908761,0,9 17 26
9,110010,3,0,1,-0.99801969587,-0.99801969587,0,-1,0.00198030412992,2,2,2,2,1,-2.99405908761,0,9 12 18
9,110011,4,0,0,0,0,0,0,0,3,3,2,2,1,-2.99405908761,0,9 25 27
9,110100,3,3,0,1,1,0,1,-8.881784197e-16,0,4,3,1,1,-2.99405908761,0,3 15 19
9,110101,4,1,0,0.333333333333,0.333333333333,0,0.333333333333,-2.77555756156e-16,1,5,3,1,1,-2.99405908761,0,5 19 27
9,110110,4,1,0,0.333333333333,0.333333333333,0,0.333333333333,-2.77555756156e-16,1,3,3,2,1,-2.99405908761,0,5 19 27
9,110111,5,0,0,0,0,0,0,0,2,4,3,2,1,-2.99405908761,0,5 22 27
9,111000,3,2,0,0.666666666667,0.666666666667,0,0.666666666667,-5.55111512313e-16,2,2,2,2,1,-2.99405908761,0,3 9 19
9,111001,4,0,2,-1.99603939174,-1.99603939174,0,-2,0.00396060825984,3,3,2,2,1,-2.99405908761,0,9 10 17
9,111010,4,0,2,-1.99603939174,-1.99603939174,0,-2,0.00396060825984,3,1,2,3,1,-2.99405908761,0,9 12 17
9,111011,5,0,2,-1.99603939174,-1.99603939174,0,-2,0.00396060825984,4,2,2,3,1,-2.99405908761,0,9 10 17
9,111100,4,2,0,0.666666666667,0.666666666667,0,0.666666666667,-5.55111512313e-16,1,3,3,2,1,-2.99405908761,0,3 19 28
9,111101,5,1,1,-0.664686362537,-0.664686362537,0,-0.666666666667,0.00198030412992,2,4,3,2,1,-2.99405908761,0,3 5 17
9,111110,5,1,1,-0.664686362537,-0.664686362537,0,-0.666666666667,0.00198030412992,2,2,3,3,1,-2.99405908761,0,5 12 19
9,111111,6,0,1,-0.99801969587,-0.99801969587,0,-1,0.00198030412992,3,3,3,3,1,-2.99405908761,0,5 17 27
10,000000,0,0,0,0,0,0,0,0,3,3,0,0,0.999999999999,-2.99891207687,1,27 28 29
10,000001,1,0,0,0,0,0,0,0,4,4,0,0,0.999999999999,-2.99891207687,0,0 13 26
10,000010,1,0,1,-0.999637358957,-0.999637358957,-1.11022302463e-16,-1,0.000362641042863,4,2,0,1,0.999999999999,-2.99891207687,0,5 7 20
10,000011,2,0,1,-0.999637358957,-0.999637358957,-1.11022302463e-16,-1,0.000362641042863,5,3,0,1,0.999999999999,-2.99891207687,0,3 5 20
10,000100,1,1,0,0.333333333333,0.333333333333,5.55111512313e-17,0.333333333333,-2.7544633241e-13,2,4,1,0,0.999999999999,-2.99891207687,0,0 16 19
10,000101,2,0,0,0,0,0,0,0,3,5,1,0,0.999999999999,-2.99891207687,0,0 5 26
10,000110,2,0,0,0,0,0,0,0,3,3,1,1,0.999999999999,-2.99891207687,0,3 5 7
10,000111,3,0,0,0,0,0,0,0,4,4,1,1,0.999999999999,-2.99891207687,0,0 3 5
10,001000,1,1,0,0.333333333333,0.333333333333,5.55111512313e-17,0.333333333333,-2.7544633241e-13,4,2,0,1,0.999999999999,-2.99891207687,0,19 25 26
10,001001,2,0,0,0,0,0,0,0,5,3,0,1,0.999999999999,-2.99891207687,0,18 25 26
10,001010,2,0,1,-0.999637358957,-0.999637358957,-1.11022302463e-16,-1,0.000362641042863,5,1,0,2,0.999999999999,-2.99891207687,0,18 20 25
10,001011,3,0,0,0,0,0,0,0,6,2,0,2,0.999999999999,-2.99891207687,0,18 25 26
10,001100,2,1,0,0.333333333333,0.333333333333,5.55111512313e-17,0.333333333333,-2.7544633241e-13,3,3,1,1,0.999999999999,-2.99891207687,0,16 19 26
10,001101,3,1,0,0.333333333333,0.333333333333,5.55111512313e-17,0.333333333333,-2.7544633241e-13,4,4,1,1,0.999999999999,-2.99891207687,0,19 25 26
10,001110,3,1,0,0.333333333333,0.333333333333,5.55111512313e-17,0.333333333333,-2.7544633241e-13,4,2,1,2,0.999999999999,-2.99891207687,0,18 19 26
10,001111,4,0,0,0,0,0,0,0,5,3,1,2,0.999999999999,-2.99891207687,0,5 18 26
10,010000,1,0,1,-0.999637358957,-0.999637358957,-1.11022302463e-16,-1,0.000362641042863,2,4,1,0,0.999999999999,-2.99891207687,0,17 20 29
10,010001,2,0,1,-0.999637358957,-0.999637358957,-1.11022302463e-16,-1,0.000362641042863,3,5,1,0,0.999999999999,-2.99891207687,0,0 18 20
10,010010,2,0,1,-0.999637358957,-0.999637358957,-1.11022302463e-16,-1,0.000362641042863,3,3,1,1,0.999999999999,-2.99891207687,0,7 15 20
10,010011,3,0,1,-0.999637358957,-0.999637358957,-1.11022302463e-16,-1,0.000362641042863,4,4,1,1,0.999999999999,-2.99891207687,0,0 18 20
10,010100,2,1,0,0.333333333333,0.333333333333,5.55111512313e-17,0.333333333333,-2.7544633241e-13,1,5,2,0,0.999999999999,-2.99891207687,0,0 7 19
10,010101,3,0,1,-0.999637358957,-0.999637358957,-1.11022302463e-16,-1,0.000362641042863,2,6,2,0,0.999999999999,-2.99891207687,0,0 7 20
10,010110,3,1,1,-0.666304025624,-0.666304025624,0,-0.666666666667,0.000362641042587,2,4,2,1,0.999999999999,-2.99891207687,0,7 19 20
10,010111,4,0,1,-0.999637358957,-0.999637358957,-1.11022302463e-16,-1,0.000362641042863,3,5,2,1,0.999999999999,-2.99891207687,0,0 7 20
10,011000,2,1,0,0.333333333333,0.333333333333,5.55111512313e-17,0.333333333333,-2.7544633241e-13,3,3,1,1,0.999999999999,-2.99891207687,0,17 18 19
10,011001,3,0,1,-0.999637358957,-0.999637358957,-1.11022302463e-16,-1,0.000362641042863,4,4,1,1,0.999999999999,-2.99891207687,0,17 18 20
10,011010,3,0,1,-0.999637358957,-0.999637358957,-1.11022302463e-16,-1,0.000362641042863,4,2,1,2,0.999999999999,-2.99891207687,0,17 18 20
10,011011,4,0,1,-0.999637358957,-0.999637358957,-1.11022302463e-16,-1,0.000362641042863,5,3,1,2,0.999999999999,-2.99891207687,0,17 18 20
10,011100,3,1,0,0.333333333333,0.333333333333,5.55111512313e-17,0.333333333333,-2.7544633241e-13,2,4,2,1,0.999999999999,-2.99891207687,0,17 18 19
10,011101,4,1,0,0.333333333333,0.333333333333,5.55111512313e-17,0.333333333333,-2.7544633241e-13,3,5,2,1,0.999999999999,-2.99891207687,0,0 18 19
10,011110,4,1,0,0.333333333333,0.333333333333,5.55111512313e-17,0.333333333333,-2.7544633241e-13,3,3,2,2,0.999999999999,-2.99891207687,0,17 18 19
10,011111,5,1,1,-0.666304025624,-0.666304025624,0,-0.666666666667,0.000362641042587,4,4,2,2,0.999999999999,-2.99891207687,0,18 19 20
10,100000,1,1,2,-1.66594138458,-1.66594138458,-2.22044604925e-16,-1.66666666667,0.00072528208545,2,2,1,1,0.999999999999,-2.99891207687,0,6 23 24
10,100001,2,0,1,-0.999637358957,-0.999637358957,-1.11022302463e-16,-1,0.000362641042863,3,3,1,1,0.999999999999,-2.99891207687,0,5 13 20
10,100010,2,0,2,-1.99927471791,-1.99927471791,-2.22044604925e-16,-2,0.000725282085725,3,1,1,2,0.999999999999,-2.99891207687,0,5 20 23
10,100011,3,0,1,-0.999637358957,-0.999637358957,-1.11022302463e-16,-1,0.000362641042863,4,2,1,2,0.999999999999,-2.99891207687,0,5 13 20
10,100100,2,1,1,-0.666304025624,-0.666304025624,0,-0.666666666667,0.000362641042587,1,3,2,1,0.999999999999,-2.99891207687,0,5 6 24
10,100101,3,1,0,0.333333333333,0.333333333333,5.55111512313e-17,0.333333333333,-2.7544633241e-13,2,4,2,1,0.999999999999,-2.99891207687,0,0 5 6
10,100110,3,1,1,-0.666304025624,-0.666304025624,0,-0.666666666667,0.000362641042587,2,2,2,2,0.999999999999,-2.99891207687,0,5 6 20
10,100111,4,1,1,-0.666304025624,-0.666304025624,0,-0.666666666667,0.000362641042587,3,3,2,2,0.999999999999,-2.99891207687,0,5 6 20
10,101000,2,1,1,-0.666304025624,-0.666304025624,0,-0.666666666667,0.000362641042587,3,1,1,2,0.999999999999,-2.99891207687,0,17 19 24
10,101001,3,0,2,-1.99927471791,-1.99927471791,-2.22044604925e-16,-2,0.000725282085725,4,2,1,2,0.999999999999,-2.99891207687,0,20 24 25
10,101010,3,0,3,-2.99891207687,-2.99891207687,0,-3,0.00108792312859,4,0,1,3,0.999999999999,-2.99891207687,0,20 23 24
10,101011,4,0,1,-0.999637358957,-0.999637358957,-1.11022302463e-16,-1,0.000362641042863,5,1,1,3,0.999999999999,-2.99891207687,0,5 20 25
10,101100,3,2,1,-0.332970692291,-0.332970692291,0,-0.333333333333,0.000362641042312,2,2,2,2,0.999999999999,-2.99891207687,0,6 19 24
10,101101,4,0,1,-0.999637358957,-0.999637358957,-1.11022302463e-16,-1,0.000362641042863,3,3,2,2,0.999999999999,-2.99891207687,0,24 25 26
10,101110,4,1,1,-0.666304025624,-0.666304025624,0,-0.666666666667,0.000362641042587,3,1,2,3,0.999999999999,-2.99891207687,0,5 19 24
10,101111,5,0,2,-1.99927471791,-1.99927471791,-2.22044604925e-16,-2,0.000725282085725,4,2,2,3,0.999999999999,-2.99891207687,0,5 20 24
10,110000,2,1,1,-0.666304025624,-0.666304025624,0,-0.666666666667,0.000362641042587,1,3,2,1,0.999999999999,-2.99891207687,0,6 17 20
10,110001,3,1,1,-0.666304025624,-0.666304025624,0,-0.666666666667,0.000362641042587,2,4,2,1,0.999999999999,-2.99891207687,0,6 13 20
10,110010,3,1,1,-0.666304025624,-0.666304025624,0,-0.666666666667,0.000362641042587,2,2,2,2,0.999999999999,-2.99891207687,0,6 7 20
10,110011,4,1,1,-0.666304025624,-0.666304025624,0,-0.666666666667,0.000362641042587,3,3,2,2,0.999999999999,-2.99891207687,0,6 13 20
10,110100,3,3,0,0.999999999999,0.999999999999,0,1,-8.26450019531e-13,0,4,3,1,0.999999999999,-2.99891207687,0,6 12 19
10,110101,4,1,1,-0.666304025624,-0.666304025624,0,-0.666666666667,0.000362641042587,1,5,3,1,0.999999999999,-2.99891207687,0,0 6 20
10,110110,4,1,1,-0.666304025624,-0.666304025624,0,-0.666666666667,0.000362641042587,1,3,3,2,0.999999999999,-2.99891207687,0,6 7 20
10,110111,5,1,1,-0.666304025624,-0.666304025624,0,-0.666666666667,0.000362641042587,2,4,3,2,0.999999999999,-2.99891207687,0,5 6 20
10,111000,3,1,1,-0.666304025624,-0.666304025624,0,-0.666666666667,0.000362641042587,2,2,2,2,0.999999999999,-2.99891207687,0,17 19 20
10,111001,4,0,1,-0.999637358957,-0.999637358957,-1.11022302463e-16,-1,0.000362641042863,3,3,2,2,0.999999999999,-2.99891207687,0,17 18 20
10,111010,4,1,1,-0.666304025624,-0.666304025624,0,-0.666666666667,0.000362641042587,3,1,2,3,0.999999999999,-2.99891207687,0,17 19 20
10,111011,5,0,1,-0.999637358957,-0.999637358957,-1.11022302463e-16,-1,0.000362641042863,4,2,2,3,0.999999999999,-2.99891207687,0,17 18 20
10,111100,4,2,0,0.666666666666,0.666666666666,1.11022302463e-16,0.666666666667,-5.50892664819e-13,1,3,3,2,0.999999999999,-2.99891207687,0,6 17 19
10,111101,5,1,1,-0.666304025624,-0.666304025624,0,-0.666666666667,0.000362641042587,2,4,3,2,0.999999999999,-2.99891207687,0,17 19 20
10,111110,5,2,1,-0.332970692291,-0.332970692291,0,-0.333333333333,0.000362641042312,2,2,3,3,0.999999999999,-2.99891207687,0,6 19 20
10,111111,6,2,1,-0.332970692291,-0.332970692291,0,-0.333333333333,0.000362641042312,3,3,3,3,0.999999999999,-2.99891207687,0,6 19 20
11,000000,0,1,1,-0.665964908931,-0.665964908931,0,-0.666666666667,0.000701757735731,3,3,0,0,1,-2.99789472679,1,27 28 29
11,000001,1,1,0,0.333333333333,0.333333333333,0,0.333333333333,-8.43769498715e-15,4,4,0,0,1,-2.99789472679,0,15 24 29
11,000010,1,0,0,0,0,0,0,0,4,2,0,1,1,-2.99789472679,0,10 18 27
11,000011,2,1,0,0.333333333333,0.333333333333,0,0.333333333333,-8.43769498715e-15,5,3,0,1,1,-2.99789472679,0,12 27 29
11,000100,1,0,0,0,0,0,0,0,2,4,1,0,1,-2.99789472679,0,2 10 19
11,000101,2,1,0,0.333333333333,0.333333333333,0,0.333333333333,-8.43769498715e-15,3,5,1,0,1,-2.99789472679,0,9 23 29
11,000110,2,0,0,0,0,0,0,0,3,3,1,1,1,-2.99789472679,0,1 10 19
11,000111,3,1,0,0.333333333333,0.333333333333,0,0.333333333333,-8.43769498715e-15,4,4,1,1,1,-2.99789472679,0,9 10 29
11,001000,1,0,1,-0.999298242264,-0.999298242264,-1.11022302463e-16,-1,0.000701757735739,4,2,0,1,1,-2.99789472679,0,0 4 19
11,001001,2,2,0,0.666666666667,0.666666666667,0,0.666666666667,-1.68753899743e-14,5,3,0,1,1,-2.99789472679,0,24 26 29
11,001010,2,0,1,-0.999298242264,-0.999298242264,-1.11022302463e-16,-1,0.000701757735739,5,1,0,2,1,-2.99789472679,0,8 19 21
11,001011,3,1,1,-0.665964908931,-0.665964908931,0,-0.666666666667,0.000701757735731,6,2,0,2,1,-2.99789472679,0,0 12 29
11,001100,2,1,0,0.333333333333,0.333333333333,0,0.333333333333,-8.43769498715e-15,3,3,1,1,1,-2.99789472679,0,4 19 26
11,001101,3,2,0,0.666666666667,0.666666666667,0,0.666666666667,-1.68753899743e-14,4,4,1,1,1,-2.99789472679,0,24 26 29
11,001110,3,1,0,0.333333333333,0.333333333333,0,0.333333333333,-8.43769498715e-15,4,2,1,2,1,-2.99789472679,0,10 19 29
11,001111,4,1,0,0.333333333333,0.333333333333,0,0.333333333333,-8.43769498715e-15,5,3,1,2,1,-2.99789472679,0,12 19 29
11,010000,1,1,0,0.333333333333,0.333333333333,0,0.333333333333,-8.43769498715e-15,2,4,1,0,1,-2.99789472679,0,5 13 14
11,010001,2,1,0,0.333333333333,0.333333333333,0,0.333333333333,-8.43769498715e-15,3,5,1,0,1,-2.99789472679,0,12 24 29
11,010010,2,0,1,-0.999298242264,-0.999298242264,-1.11022302463e-16,-1,0.000701757735739,3,3,1,1,1,-2.99789472679,0,7 21 27
11,010011,3,1,0,0.333333333333,0.333333333333,0,0.333333333333,-8.43769498715e-15,4,4,1,1,1,-2.99789472679,0,12 27 29
11,010100,2,2,0,0.666666666667,0.666666666667,0,0.666666666667,-1.68753899743e-14,1,5,2,0,1,-2.99789472679,0,5 13 29
11,010101,3,1,0,0.333333333333,0.333333333333,0,0.333333333333,-8.43769498715e-15,2,6,2,0,1,-2.99789472679,0,12 23 29
11,010110,3,0,0,0,0,0,0,0,2,4,2,1,1,-2.99789472679,0,1 10 19
11,010111,4,1,0,0.333333333333,0.333333333333,0,0.333333333333,-8.43769498715e-15,3,5,2,1,1,-2.99789472679,0,10 12 29
11,011000,2,0,1,-0.999298242264,-0.999298242264,-1.11022302463e-16,-1,0.000701757735739,3,3,1,1,1,-2.99789472679,0,12 14 21
11,011001,3,1,0,0.333333333333,0.333333333333,0,0.333333333333,-8.43769498715e-15,4,4,1,1,1,-2.99789472679,0,12 24 29
11,011010,3,0,1,-0.999298242264,-0.999298242264,-1.11022302463e-16,-1,0.000701757735739,4,2,1,2,1,-2.99789472679,0,8 12 21
11,011011,4,1,0,0.333333333333,0.333333333333,0,0.333333333333,-8.43769498715e-15,5,3,1,2,1,-2.99789472679,0,12 27 29
11,011100,3,2,0,0.666666666667,0.666666666667,0,0.666666666667,-1.68753899743e-14,2,4,2,1,1,-2.99789472679,0,19 26 29
11,011101,4,2,0,0.666666666667,0.666666666667,0,0.666666666667,-1.68753899743e-14,3,5,2,1,1,-2.99789472679,0,12 26 29
11,011110,4,1,0,0.333333333333,0.333333333333,0,0.333333333333,-8.43769498715e-15,3,3,2,2,1,-2.99789472679,0,12 19 29
11,011111,5,2,0,0.666666666667,0.666666666667,0,0.666666666667,-1.68753899743e-14,4,4,2,2,1,-2.99789472679,0,12 26 29
11,100000,1,0,1,-0.999298242264,-0.999298242264,-1.11022302463e-16,-1,0.000701757735739,2,2,1,1,1,-2.99789472679,0,0 6 15
11,100001,2,1,0,0.333333333333,0.333333333333,0,0.333333333333,-8.43769498715e-15,3,3,1,1,1,-2.99789472679,0,15 20 29
11,100010,2,0,3,-2.99789472679,-2.99789472679,0,-3,0.00210527320722,3,1,1,2,1,-2.99789472679,0,0 21 28
11,100011,3,1,0,0.333333333333,0.333333333333,0,0.333333333333,-8.43769498715e-15,4,2,1,2,1,-2.99789472679,0,15 27 29
11,100100,2,2,0,0.666666666667,0.666666666667,0,0.666666666667,-1.68753899743e-14,1,3,2,1,1,-2.99789472679,0,2 13 26
11,100101,3,2,0,0.666666666667,0.666666666667,0,0.666666666667,-1.68753899743e-14,2,4,2,1,1,-2.99789472679,0,15 26 29
11,100110,3,1,0,0.333333333333,0.333333333333,0,0.333333333333,-8.43769498715e-15,2,2,2,2,1,-2.99789472679,0,1 10 29
11,100111,4,2,0,0.666666666667,0.666666666667,0,0.666666666667,-1.68753899743e-14,3,3,2,2,1,-2.99789472679,0,10 26 29
11,101000,2,1,1,-0.665964908931,-0.665964908931,0,-0.666666666667,0.000701757735731,3,1,1,2,1,-2.99789472679,0,0 3 26
11,101001,3,2,1,-0.332631575598,-0.332631575598,-5.55111512313e-17,-0.333333333333,0.000701757735723,4,2,1,2,1,-2.99789472679,0,0 26 29
11,101010,3,0,3,-2.99789472679,-2.99789472679,0,-3,0.00210527320722,4,0,1,3,1,-2.99789472679,0,0 21 28
11,101011,4,2,1,-0.332631575598,-0.332631575598,-5.55111512313e-17,-0.333333333333,0.000701757735723,5,1,1,3,1,-2.99789472679,0,0 26 29
11,101100,3,2,1,-0.332631575598,-0.332631575598,-5.55111512313e-17,-0.333333333333,0.000701757735723,2,2,2,2,1,-2.99789472679,0,0 26 29
11,101101,4,2,0,0.666666666667,0.666666666667,0,0.666666666667,-1.68753899743e-14,3,3,2,2,1,-2.99789472679,0,24 26 29
11,101110,4,2,0,0.666666666667,0.666666666667,0,0.666666666667,-1.68753899743e-14,3,1,2,3,1,-2.99789472679,0,19 26 29
11,101111,5,2,1,-0.332631575598,-0.332631575598,-5.55111512313e-17,-0.333333333333,0.000701757735723,4,2,2,3,1,-2.99789472679,0,0 26 29
11,110000,2,1,1,-0.665964908931,-0.665964908931,0,-0.666666666667,0.000701757735731,1,3,2,1,1,-2.99789472679,0,13 14 21
11,110001,3,2,0,0.666666666667,0.666666666667,0,0.666666666667,-1.68753899743e-14,2,4,2,1,1,-2.99789472679,0,13 20 29
11,110010,3,0,1,-0.999298242264,-0.999298242264,-1.11022302463e-16,-1,0.000701757735739,2,2,2,2,1,-2.99789472679,0,14 21 27
11,110011,4,1,1,-0.665964908931,-0.665964908931,0,-0.666666666667,0.000701757735731,3,3,2,2,1,-2.99789472679,0,21 27 29
11,110100,3,3,0,1,1,0,1,-2.53130849615e-14,0,4,3,1,1,-2.99789472679,0,13 26 29
11,110101,4,3,0,1,1,0,1,-2.53130849615e-14,1,5,3,1,1,-2.99789472679,0,13 26 29
11,110110,4,1,1,-0.665964908931,-0.665964908931,0,-0.666666666667,0.000701757735731,1,3,3,2,1,-2.99789472679,0,1 21 29
11,110111,5,2,0,0.666666666667,0.666666666667,0,0.666666666667,-1.68753899743e-14,2,4,3,2,1,-2.99789472679,0,12 26 29
11,111000,3,1,1,-0.665964908931,-0.665964908931,0,-0.666666666667,0.000701757735731,2,2,2,2,1,-2.99789472679,0,0 14 26
11,111001,4,2,1,-0.332631575598,-0.332631575598,-5.55111512313e-17,-0.333333333333,0.000701757735723,3,3,2,2,1,-2.99789472679,0,0 26 29
11,111010,4,0,2,-1.99859648453,-1.99859648453,-2.22044604925e-16,-2,0.00140351547148,3,1,2,3,1,-2.99789472679,0,0 14 21
11,111011,5,1,2,-1.6652631512,-1.6652631512,-2.22044604925e-16,-1.66666666667,0.00140351547147,4,2,2,3,1,-2.99789472679,0,0 21 29
11,111100,4,2,1,-0.332631575598,-0.332631575598,-5.55111512313e-17,-0.333333333333,0.000701757735723,1,3,3,2,1,-2.99789472679,0,0 26 29
11,111101,5,2,0,0.666666666667,0.666666666667,0,0.666666666667,-1.68753899743e-14,2,4,3,2,1,-2.99789472679,0,24 26 29
11,111110,5,2,1,-0.332631575598,-0.332631575598,-5.55111512313e-17,-0.333333333333,0.000701757735723,2,2,3,3,1,-2.99789472679,0,21 26 29
11,111111,6,2,0,0.666666666667,0.666666666667,0,0.666666666667,-1.68753899743e-14,3,3,3,3,1,-2.99789472679,0,12 26 29
12,000000,0,0,2,-1.99920298672,-1.99920298672,0,-2,0.000797013281017,3,3,0,0,1,-2.99880448008,1,27 28 29
12,000001,1,0,0,0,0,0,0,0,4,4,0,0,1,-2.99880448008,0,19 20 23
12,000010,1,0,0,0,0,0,0,0,4,2,0,1,1,-2.99880448008,0,8 13 27
12,000011,2,1,1,-0.666268160026,-0.666268160026,0,-0.666666666667,0.000398506640467,5,3,0,1,1,-2.99880448008,0,16 19 28
12,000100,1,0,0,0,0,0,0,0,2,4,1,0,1,-2.99880448008,0,11 19 25
12,000101,2,1,0,0.333333333333,0.333333333333,0,0.333333333333,-4.17443857259e-14,3,5,1,0,1,-2.99880448008,0,11 16 19
12,000110,2,0,0,0,0,0,0,0,3,3,1,1,1,-2.99880448008,0,13 19 25
12,000111,3,1,1,-0.666268160026,-0.666268160026,0,-0.666666666667,0.000398506640467,4,4,1,1,1,-2.99880448008,0,16 19 28
12,001000,1,1,0,0.333333333333,0.333333333333,0,0.333333333333,-4.17443857259e-14,4,2,0,1,1,-2.99880448008,0,16 21 23
12,001001,2,1,0,0.333333333333,0.333333333333,0,0.333333333333,-4.17443857259e-14,5,3,0,1,1,-2.99880448008,0,16 19 23
12,001010,2,1,1,-0.666268160026,-0.666268160026,0,-0.666666666667,0.000398506640467,5,1,0,2,1,-2.99880448008,0,0 3 16
12,001011,3,0,1,-0.999601493359,-0.999601493359,0,-1,0.000398506640508,6,2,0,2,1,-2.99880448008,0,19 23 28
12,001100,2,1,0,0.333333333333,0.333333333333,0,0.333333333333,-4.17443857259e-14,3,3,1,1,1,-2.99880448008,0,5 16 19
12,001101,3,1,0,0.333333333333,0.333333333333,0,0.333333333333,-4.17443857259e-14,4,4,1,1,1,-2.99880448008,0,16 19 23
12,001110,3,1,1,-0.666268160026,-0.666268160026,0,-0.666666666667,0.000398506640467,4,2,1,2,1,-2.99880448008,0,0 16 19
12,001111,4,1,0,0.333333333333,0.333333333333,0,0.333333333333,-4.17443857259e-14,5,3,1,2,1,-2.99880448008,0,16 19 23
12,010000,1,1,0,0.333333333333,0.333333333333,0,0.333333333333,-4.17443857259e-14,2,4,1,0,1,-2.99880448008,0,4 14 20
12,010001,2,1,0,0.333333333333,0.333333333333,0,0.333333333333,-4.17443857259e-14,3,5,1,0,1,-2.99880448008,0,14 16 20
12,010010,2,1,0,0.333333333333,0.333333333333,0,0.333333333333,-4.17443857259e-14,3,3,1,1,1,-2.99880448008,0,8 13 16
12,010011,3,1,0,0.333333333333,0.333333333333,0,0.333333333333,-4.17443857259e-14,4,4,1,1,1,-2.99880448008,0,14 16 20
12,010100,2,3,0,1,1,0,1,-1.25233157178e-13,1,5,2,0,1,-2.99880448008,0,4 16 26
12,010101,3,2,0,0.666666666667,0.666666666667,0,0.666666666667,-8.34887714518e-14,2,6,2,0,1,-2.99880448008,0,4 16 19
12,010110,3,2,0,0.666666666667,0.666666666667,0,0.666666666667,-8.34887714518e-14,2,4,2,1,1,-2.99880448008,0,4 13 16
12,010111,4,2,0,0.666666666667,0.666666666667,0,0.666666666667,-8.34887714518e-14,3,5,2,1,1,-2.99880448008,0,4 16 19
12,011000,2,1,0,0.333333333333,0.333333333333,0,0.333333333333,-4.17443857259e-14,3,3,1,1,1,-2.99880448008,0,14 16 21
12,011001,3,1,0,0.333333333333,0.333333333333,0,0.333333333333,-4.17443857259e-14,4,4,1,1,1,-2.99880448008,0,14 15 16
12,011010,3,1,1,-0.666268160026,-0.666268160026,0,-0.666666666667,0.000398506640467,4,2,1,2,1,-2.99880448008,0,0 3 16
12,011011,4,1,1,-0.666268160026,-0.666268160026,0,-0.666666666667,0.000398506640467,5,3,1,2,1,-2.99880448008,0,14 16 29
12,011100,3,2,0,0.666666666667,0.666666666667,0,0.666666666667,-8.34887714518e-14,2,4,2,1,1,-2.99880448008,0,16 19 26
12,011101,4,1,0,0.333333333333,0.333333333333,0,0.333333333333,-4.17443857259e-14,3,5,2,1,1,-2.99880448008,0,5 16 19
12,011110,4,1,1,-0.666268160026,-0.666268160026,0,-0.666666666667,0.000398506640467,3,3,2,2,1,-2.99880448008,0,0 16 19
12,011111,5,1,0,0.333333333333,0.333333333333,0,0.333333333333,-4.17443857259e-14,4,4,2,2,1,-2.99880448008,0,5 16 19
12,100000,1,2,1,-0.332934826693,-0.332934826693,0,-0.333333333333,0.000398506640425,2,2,1,1,1,-2.99880448008,0,4 26 29
12,100001,2,0,2,-1.99920298672,-1.99920298672,0,-2,0.000797013281017,3,3,1,1,1,-2.99880448008,0,23 28 29
12,100010,2,0,2,-1.99920298672,-1.99920298672,0,-2,0.000797013281017,3,1,1,2,1,-2.99880448008,0,0 27 28
12,100011,3,0,2,-1.99920298672,-1.99920298672,0,-2,0.000797013281017,4,2,1,2,1,-2.99880448008,0,27 28 29
12,100100,2,2,0,0.666666666667,0.666666666667,0,0.666666666667,-8.34887714518e-14,1,3,2,1,1,-2.99880448008,0,4 25 26
12,100101,3,2,0,0.666666666667,0.666666666667,0,0.666666666667,-8.34887714518e-14,2,4,2,1,1,-2.99880448008,0,4 23 26
12,100110,3,0,1,-0.999601493359,-0.999601493359,0,-1,0.000398506640508,2,2,2,2,1,-2.99880448008,0,0 13 27
12,100111,4,2,1,-0.332934826693,-0.332934826693,0,-0.333333333333,0.000398506640425,3,3,2,2,1,-2.99880448008,0,4 16 28
12,101000,2,0,1,-0.999601493359,-0.999601493359,0,-1,0.000398506640508,3,1,1,2,1,-2.99880448008,0,21 23 29
12,101001,3,0,2,-1.99920298672,-1.99920298672,0,-2,0.000797013281017,4,2,1,2,1,-2.99880448008,0,23 28 29
12,101010,3,0,3,-2.99880448008,-2.99880448008,0,-3,0.00119551992153,4,0,1,3,1,-2.99880448008,0,0 28 29
12,101011,4,0,2,-1.99920298672,-1.99920298672,0,-2,0.000797013281017,5,1,1,3,1,-2.99880448008,0,23 28 29
12,101100,3,2,0,0.666666666667,0.666666666667,0,0.666666666667,-8.34887714518e-14,2,2,2,2,1,-2.99880448008,0,16 23 26
12,101101,4,1,0,0.333333333333,0.333333333333,0,0.333333333333,-4.17443857259e-14,3,3,2,2,1,-2.99880448008,0,16 19 23
12,101110,4,1,2,-1.66586965339,-1.66586965339,0,-1.66666666667,0.000797013280975,3,1,2,3,1,-2.99880448008,0,0 16 28
12,101111,5,1,1,-0.666268160026,-0.666268160026,0,-0.666666666667,0.000398506640467,4,2,2,3,1,-2.99880448008,0,16 23 28
12,110000,2,1,0,0.333333333333,0.333333333333,0,0.333333333333,-4.17443857259e-14,1,3,2,1,1,-2.99880448008,0,4 14 21
12,110001,3,1,0,0.333333333333,0.333333333333,0,0.333333333333,-4.17443857259e-14,2,4,2,1,1,-2.99880448008,0,4 14 20
12,110010,3,0,1,-0.999601493359,-0.999601493359,0,-1,0.000398506640508,2,2,2,2,1,-2.99880448008,0,0 13 27
12,110011,4,1,1,-0.666268160026,-0.666268160026,0,-0.666666666667,0.000398506640467,3,3,2,2,1,-2.99880448008,0,4 14 29
12,110100,3,3,0,1,1,0,1,-1.25233157178e-13,0,4,3,1,1,-2.99880448008,0,4 16 26
12,110101,4,3,0,1,1,0,1,-1.25233157178e-13,1,5,3,1,1,-2.99880448008,0,4 16 26
12,110110,4,2,0,0.666666666667,0.666666666667,0,0.666666666667,-8.34887714518e-14,1,3,3,2,1,-2.99880448008,0,4 13 16
12,110111,5,2,0,0.666666666667,0.666666666667,0,0.666666666667,-8.34887714518e-14,2,4,3,2,1,-2.99880448008,0,4 14 16
12,111000,3,1,0,0.333333333333,0.333333333333,0,0.333333333333,-4.17443857259e-14,2,2,2,2,1,-2.99880448008,0,14 16 21
12,111001,4,1,1,-0.666268160026,-0.666268160026,0,-0.666666666667,0.000398506640467,3,3,2,2,1,-2.99880448008,0,14 16 29
12,111010,4,1,2,-1.66586965339,-1.66586965339,0,-1.66666666667,0.000797013280975,3,1,2,3,1,-2.99880448008,0,0 16 29
12,111011,5,1,1,-0.666268160026,-0.666268160026,0,-0.666666666667,0.000398506640467,4,2,2,3,1,-2.99880448008,0,14 16 29
12,111100,4,2,0,0.666666666667,0.666666666667,0,0.666666666667,-8.34887714518e-14,1,3,3,2,1,-2.99880448008,0,16 21 26
12,111101,5,2,0,0.666666666667,0.666666666667,0,0.666666666667,-8.34887714518e-14,2,4,3,2,1,-2.99880448008,0,4 14 16
12,111110,5,1,1,-0.666268160026,-0.666268160026,0,-0.666666666667,0.000398506640467,2,2,3,3,1,-2.99880448008,0,0 13 16
12,111111,6,1,1,-0.666268160026,-0.666268160026,0,-0.666666666667,0.000398506640467,3,3,3,3,1,-2.99880448008,0,0 14 16
13,000000,0,0,0,0,0,0,0,0,3,3,0,0,1,-2.99891207687,1,27 28 29
13,000001,1,0,0,0,0,0,0,0,4,4,0,0,1,-2.99891207687,0,10 14 18
13,000010,1,1,0,0.333333333333,0.333333333333,0,0.333333333333,-3.33066907388e-15,4,2,0,1,1,-2.99891207687,0,0 1 15
13,000011,2,0,1,-0.999637358957,-0.999637358957,-1.11022302463e-16,-1,0.000362641042863,5,3,0,1,1,-2.99891207687,0,7 15 28
13,000100,1,0,1,-0.999637358957,-0.999637358957,-1.11022302463e-16,-1,0.000362641042863,2,4,1,0,1,-2.99891207687,0,3 21 24
13,000101,2,1,0,0.333333333333,0.333333333333,0,0.333333333333,-3.33066907388e-15,3,5,1,0,1,-2.99891207687,0,11 18 28
13,000110,2,0,1,-0.999637358957,-0.999637358957,-1.11022302463e-16,-1,0.000362641042863,3,3,1,1,1,-2.99891207687,0,0 15 24
13,000111,3,0,0,0,0,0,0,0,4,4,1,1,1,-2.99891207687,0,0 15 28
13,001000,1,1,2,-1.66594138458,-1.66594138458,-2.22044604925e-16,-1.66666666667,0.000725282085722,4,2,0,1,1,-2.99891207687,0,5 7 24
13,001001,2,0,1,-0.999637358957,-0.999637358957,-1.11022302463e-16,-1,0.000362641042863,5,3,0,1,1,-2.99891207687,0,7 14 18
13,001010,2,0,2,-1.99927471791,-1.99927471791,-2.22044604925e-16,-2,0.000725282085725,5,1,0,2,1,-2.99891207687,0,7 24 28
13,001011,3,0,1,-0.999637358957,-0.999637358957,-1.11022302463e-16,-1,0.000362641042863,6,2,0,2,1,-2.99891207687,0,7 14 28
13,001100,2,2,1,-0.33297069229,-0.33297069229,-1.11022302463e-16,-0.333333333333,0.000362641042856,3,3,1,1,1,-2.99891207687,0,5 11 24
13,001101,3,1,0,0.333333333333,0.333333333333,0,0.333333333333,-3.33066907388e-15,4,4,1,1,1,-2.99891207687,0,11 14 28
13,001110,3,1,1,-0.666304025624,-0.666304025624,-2.22044604925e-16,-0.666666666667,0.000362641042859,4,2,1,2,1,-2.99891207687,0,5 24 28
13,001111,4,0,1,-0.999637358957,-0.999637358957,-1.11022302463e-16,-1,0.000362641042863,5,3,1,2,1,-2.99891207687,0,7 14 28
13,010000,1,2,0,0.666666666667,0.666666666667,0,0.666666666667,-6.66133814775e-15,2,4,1,0,1,-2.99891207687,0,1 5 22
13,010001,2,0,0,0,0,0,0,0,3,5,1,0,1,-2.99891207687,0,18 19 22
13,010010,2,1,0,0.333333333333,0.333333333333,0,0.333333333333,-3.33066907388e-15,3,3,1,1,1,-2.99891207687,0,1 12 15
13,010011,3,1,1,-0.666304025624,-0.666304025624,-2.22044604925e-16,-0.666666666667,0.000362641042859,4,4,1,1,1,-2.99891207687,0,1 7 15
13,010100,2,2,1,-0.33297069229,-0.33297069229,-1.11022302463e-16,-0.333333333333,0.000362641042856,1,5,2,0,1,-2.99891207687,0,1 5 24
13,010101,3,2,0,0.666666666667,0.666666666667,0,0.666666666667,-6.66133814775e-15,2,6,2,0,1,-2.99891207687,0,5 11 18
13,010110,3,1,0,0.333333333333,0.333333333333,0,0.333333333333,-3.33066907388e-15,2,4,2,1,1,-2.99891207687,0,0 1 12
13,010111,4,0,0,0,0,0,0,0,3,5,2,1,1,-2.99891207687,0,0 15 28
13,011000,2,1,1,-0.666304025624,-0.666304025624,-2.22044604925e-16,-0.666666666667,0.000362641042859,3,3,1,1,1,-2.99891207687,0,5 7 25
13,011001,3,1,1,-0.666304025624,-0.666304025624,-2.22044604925e-16,-0.666666666667,0.000362641042859,4,4,1,1,1,-2.99891207687,0,5 7 25
13,011010,3,1,1,-0.666304025624,-0.666304025624,-2.22044604925e-16,-0.666666666667,0.000362641042859,4,2,1,2,1,-2.99891207687,0,5 7 12
13,011011,4,0,1,-0.999637358957,-0.999637358957,-1.11022302463e-16,-1,0.000362641042863,5,3,1,2,1,-2.99891207687,0,7 28 29
13,011100,3,2,1,-0.33297069229,-0.33297069229,-1.11022302463e-16,-0.333333333333,0.000362641042856,2,4,2,1,1,-2.99891207687,0,5 11 24
13,011101,4,2,0,0.666666666667,0.666666666667,0,0.666666666667,-6.66133814775e-15,3,5,2,1,1,-2.99891207687,0,5 11 29
13,011110,4,1,1,-0.666304025624,-0.666304025624,-2.22044604925e-16,-0.666666666667,0.000362641042859,3,3,2,2,1,-2.99891207687,0,5 12 24
13,011111,5,1,0,0.333333333333,0.333333333333,0,0.333333333333,-3.33066907388e-15,4,4,2,2,1,-2.99891207687,0,5 28 29
13,100000,1,0,1,-0.999637358957,-0.999637358957,-1.11022302463e-16,-1,0.000362641042863,2,2,1,1,1,-2.99891207687,0,18 23 27
13,100001,2,0,0,0,0,0,0,0,3,3,1,1,1,-2.99891207687,0,10 16 18
13,100010,2,1,0,0.333333333333,0.333333333333,0,0.333333333333,-3.33066907388e-15,3,1,1,2,1,-2.99891207687,0,0 1 15
13,100011,3,0,0,0,0,0,0,0,4,2,1,2,1,-2.99891207687,0,0 15 18
13,100100,2,1,1,-0.666304025624,-0.666304025624,-2.22044604925e-16,-0.666666666667,0.000362641042859,1,3,2,1,1,-2.99891207687,0,3 11 24
13,100101,3,1,0,0.333333333333,0.333333333333,0,0.333333333333,-3.33066907388e-15,2,4,2,1,1,-2.99891207687,0,10 11 18
13,100110,3,0,1,-0.999637358957,-0.999637358957,-1.11022302463e-16,-1,0.000362641042863,2,2,2,2,1,-2.99891207687,0,0 3 24
13,100111,4,0,0,0,0,0,0,0,3,3,2,2,1,-2.99891207687,0,0 15 18
13,101000,2,0,2,-1.99927471791,-1.99927471791,-2.22044604925e-16,-2,0.000725282085725,3,1,1,2,1,-2.99891207687,0,18 23 24
13,101001,3,0,1,-0.999637358957,-0.999637358957,-1.11022302463e-16,-1,0.000362641042863,4,2,1,2,1,-2.99891207687,0,7 10 18
13,101010,3,0,3,-2.99891207687,-2.99891207687,0,-3,0.00108792312859,4,0,1,3,1,-2.99891207687,0,7 23 24
13,101011,4,0,1,-0.999637358957,-0.999637358957,-1.11022302463e-16,-1,0.000362641042863,5,1,1,3,1,-2.99891207687,0,7 10 18
13,101100,3,2,1,-0.33297069229,-0.33297069229,-1.11022302463e-16,-0.333333333333,0.000362641042856,2,2,2,2,1,-2.99891207687,0,5 11 24
13,101101,4,1,1,-0.666304025624,-0.666304025624,-2.22044604925e-16,-0.666666666667,0.000362641042859,3,3,2,2,1,-2.99891207687,0,11 18 24
13,101110,4,0,2,-1.99927471791,-1.99927471791,-2.22044604925e-16,-2,0.000725282085725,3,1,2,3,1,-2.99891207687,0,0 23 24
13,101111,5,1,1,-0.666304025624,-0.666304025624,-2.22044604925e-16,-0.666666666667,0.000362641042859,4,2,2,3,1,-2.99891207687,0,11 18 24
13,110000,2,1,0,0.333333333333,0.333333333333,0,0.333333333333,-3.33066907388e-15,1,3,2,1,1,-2.99891207687,0,1 20 27
13,110001,3,0,0,0,0,0,0,0,2,4,2,1,1,-2.99891207687,0,18 20 27
13,110010,3,1,0,0.333333333333,0.333333333333,0,0.333333333333,-3.33066907388e-15,2,2,2,2,1,-2.99891207687,0,0 1 12
13,110011,4,1,0,0.333333333333,0.333333333333,0,0.333333333333,-3.33066907388e-15,3,3,2,2,1,-2.99891207687,0,0 1 15
13,110100,3,3,0,1,1,0,1,-9.99200722163e-15,0,4,3,1,1,-2.99891207687,0,1 5 11
13,110101,4,1,0,0.333333333333,0.333333333333,0,0.333333333333,-3.33066907388e-15,1,5,3,1,1,-2.99891207687,0,0 11 18
13,110110,4,1,0,0.333333333333,0.333333333333,0,0.333333333333,-3.33066907388e-15,1,3,3,2,1,-2.99891207687,0,0 1 12
13,110111,5,1,0,0.333333333333,0.333333333333,0,0.333333333333,-3.33066907388e-15,2,4,3,2,1,-2.99891207687,0,0 1 15
13,111000,3,1,1,-0.666304025624,-0.666304025624,-2.22044604925e-16,-0.666666666667,0.000362641042859,2,2,2,2,1,-2.99891207687,0,5 18 24
13,111001,4,1,1,-0.666304025624,-0.666304025624,-2.22044604925e-16,-0.666666666667,0.000362641042859,3,3,2,2,1,-2.99891207687,0,5 7 18
13,111010,4,2,0,0.666666666667,0.666666666667,0,0.666666666667,-6.66133814775e-15,3,1,2,3,1,-2.99891207687,0,1 5 12
13,111011,5,0,1,-0.999637358957,-0.999637358957,-1.11022302463e-16,-1,0.000362641042863,4,2,2,3,1,-2.99891207687,0,7 15 18
13,111100,4,2,1,-0.33297069229,-0.33297069229,-1.11022302463e-16,-0.333333333333,0.000362641042856,1,3,3,2,1,-2.99891207687,0,5 11 24
13,111101,5,2,0,0.666666666667,0.666666666667,0,0.666666666667,-6.66133814775e-15,2,4,3,2,1,-2.99891207687,0,5 11 18
13,111110,5,1,1,-0.666304025624,-0.666304025624,-2.22044604925e-16,-0.666666666667,0.000362641042859,2,2,3,3,1,-2.99891207687,0,5 12 24
13,111111,6,2,0,0.666666666667,0.666666666667,0,0.666666666667,-6.66133814775e-15,3,3,3,3,1,-2.99891207687,0,5 11 18
14,000000,0,0,0,0,0,0,0,0,3,3,0,0,1,-2.99692996806,1,27 28 29
14,000001,1,1,0,0.333333333333,0.333333333333,0,0.333333333333,-4.82947015712e-15,4,4,0,0,1,-2.99692996806,0,14 17 21
14,000010,1,0,1,-0.998976656019,-0.998976656019,0,-1,0.00102334398081,4,2,0,1,1,-2.99692996806,0,2 18 28
14,000011,2,2,0,0.666666666667,0.666666666667,0,0.666666666667,-9.65894031424e-15,5,3,0,1,1,-2.99692996806,0,0 10 21
14,000100,1,0,1,-0.998976656019,-0.998976656019,0,-1,0.00102334398081,2,4,1,0,1,-2.99692996806,0,16 26 28
14,000101,2,2,0,0.666666666667,0.666666666667,0,0.666666666667,-9.65894031424e-15,3,5,1,0,1,-2.99692996806,0,0 7 21
14,000110,2,0,1,-0.998976656019,-0.998976656019,0,-1,0.00102334398081,3,3,1,1,1,-2.99692996806,0,16 18 28
14,000111,3,2,1,-0.332309989353,-0.332309989353,0,-0.333333333333,0.0010233439808,4,4,1,1,1,-2.99692996806,0,0 16 21
14,001000,1,0,0,0,0,0,0,0,4,2,0,1,1,-2.99692996806,0,14 25 26
14,001001,2,0,0,0,0,0,0,0,5,3,0,1,1,-2.99692996806,0,7 14 17
14,001010,2,0,2,-1.99795331204,-1.99795331204,0,-2,0.00204668796163,5,1,0,2,1,-2.99692996806,0,2 9 20
14,001011,3,0,2,-1.99795331204,-1.99795331204,0,-2,0.00204668796163,6,2,0,2,1,-2.99692996806,0,2 9 20
14,001100,2,0,1,-0.998976656019,-0.998976656019,0,-1,0.00102334398081,3,3,1,1,1,-2.99692996806,0,16 25 26
14,001101,3,1,0,0.333333333333,0.333333333333,0,0.333333333333,-4.82947015712e-15,4,4,1,1,1,-2.99692996806,0,7 21 25
14,001110,3,0,1,-0.998976656019,-0.998976656019,0,-1,0.00102334398081,4,2,1,2,1,-2.99692996806,0,16 20 26
14,001111,4,1,1,-0.665643322686,-0.665643322686,0,-0.666666666667,0.00102334398081,5,3,1,2,1,-2.99692996806,0,16 21 26
14,010000,1,0,0,0,0,0,0,0,2,4,1,0,1,-2.99692996806,0,5 14 22
14,010001,2,0,0,0,0,0,0,0,3,5,1,0,1,-2.99692996806,0,3 5 14
14,010010,2,0,1,-0.998976656019,-0.998976656019,0,-1,0.00102334398081,3,3,1,1,1,-2.99692996806,0,2 18 28
14,010011,3,2,0,0.666666666667,0.666666666667,0,0.666666666667,-9.65894031424e-15,4,4,1,1,1,-2.99692996806,0,0 5 21
14,010100,2,1,1,-0.665643322686,-0.665643322686,0,-0.666666666667,0.00102334398081,1,5,2,0,1,-2.99692996806,0,13 16 26
14,010101,3,2,0,0.666666666667,0.666666666667,0,0.666666666667,-9.65894031424e-15,2,6,2,0,1,-2.99692996806,0,0 7 21
14,010110,3,1,0,0.333333333333,0.333333333333,0,0.333333333333,-4.82947015712e-15,2,4,2,1,1,-2.99692996806,0,13 18 28
14,010111,4,2,1,-0.332309989353,-0.332309989353,0,-0.333333333333,0.0010233439808,3,5,2,1,1,-2.99692996806,0,0 16 21
14,011000,2,0,0,0,0,0,0,0,3,3,1,1,1,-2.99692996806,0,1 14 26
14,011001,3,0,0,0,0,0,0,0,4,4,1,1,1,-2.99692996806,0,5 7 14
14,011010,3,0,2,-1.99795331204,-1.99795331204,0,-2,0.00204668796163,4,2,1,2,1,-2.99692996806,0,2 9 26
14,011011,4,1,1,-0.665643322686,-0.665643322686,0,-0.666666666667,0.00102334398081,5,3,1,2,1,-2.99692996806,0,0 2 14
14,011100,3,0,1,-0.998976656019,-0.998976656019,0,-1,0.00102334398081,2,4,2,1,1,-2.99692996806,0,7 16 26
14,011101,4,1,0,0.333333333333,0.333333333333,0,0.333333333333,-4.82947015712e-15,3,5,2,1,1,-2.99692996806,0,7 14 21
14,011110,4,0,1,-0.998976656019,-0.998976656019,0,-1,0.00102334398081,3,3,2,2,1,-2.99692996806,0,16 18 26
14,011111,5,1,1,-0.665643322686,-0.665643322686,0,-0.666666666667,0.00102334398081,4,4,2,2,1,-2.99692996806,0,16 21 26
14,100000,1,3,0,1,1,0,1,-1.45439216226e-14,2,2,1,1,1,-2.99692996806,0,0 13 21
14,100001,2,2,0,0.666666666667,0.666666666667,0,0.666666666667,-9.65894031424e-15,3,3,1,1,1,-2.99692996806,0,0 17 21
14,100010,2,2,1,-0.332309989353,-0.332309989353,0,-0.333333333333,0.0010233439808,3,1,1,2,1,-2.99692996806,0,0 2 21
14,100011,3,2,0,0.666666666667,0.666666666667,0,0.666666666667,-9.65894031424e-15,4,2,1,2,1,-2.99692996806,0,0 17 21
14,100100,2,2,1,-0.332309989353,-0.332309989353,0,-0.333333333333,0.0010233439808,1,3,2,1,1,-2.99692996806,0,13 16 21
14,100101,3,2,0,0.666666666667,0.666666666667,0,0.666666666667,-9.65894031424e-15,2,4,2,1,1,-2.99692996806,0,0 17 21
14,100110,3,2,1,-0.332309989353,-0.332309989353,0,-0.333333333333,0.0010233439808,2,2,2,2,1,-2.99692996806,0,13 16 21
14,100111,4,2,1,-0.332309989353,-0.332309989353,0,-0.333333333333,0.0010233439808,3,3,2,2,1,-2.99692996806,0,0 16 21
14,101000,2,0,2,-1.99795331204,-1.99795331204,0,-2,0.00204668796163,3,1,1,2,1,-2.99692996806,0,2 9 17
14,101001,3,2,0,0.666666666667,0.666666666667,0,0.666666666667,-9.65894031424e-15,4,2,1,2,1,-2.99692996806,0,0 17 21
14,101010,3,0,3,-2.99692996806,-2.99692996806,0,-3,0.00307003194244,4,0,1,3,1,-2.99692996806,0,2 9 16
14,101011,4,1,2,-1.66461997871,-1.66461997871,0,-1.66666666667,0.00204668796162,5,1,1,3,1,-2.99692996806,0,2 9 21
14,101100,3,1,2,-1.66461997871,-1.66461997871,0,-1.66666666667,0.00204668796162,2,2,2,2,1,-2.99692996806,0,9 16 21
14,101101,4,2,1,-0.332309989353,-0.332309989353,0,-0.333333333333,0.0010233439808,3,3,2,2,1,-2.99692996806,0,0 16 21
14,101110,4,1,2,-1.66461997871,-1.66461997871,0,-1.66666666667,0.00204668796162,3,1,2,3,1,-2.99692996806,0,9 16 21
14,101111,5,1,2,-1.66461997871,-1.66461997871,0,-1.66666666667,0.00204668796162,4,2,2,3,1,-2.99692996806,0,9 16 21
14,110000,2,3,0,1,1,0,1,-1.45439216226e-14,1,3,2,1,1,-2.99692996806,0,0 13 21
14,110001,3,2,0,0.666666666667,0.666666666667,0,0.666666666667,-9.65894031424e-15,2,4,2,1,1,-2.99692996806,0,0 17 21
14,110010,3,2,1,-0.332309989353,-0.332309989353,0,-0.333333333333,0.0010233439808,2,2,2,2,1,-2.99692996806,0,0 2 13
14,110011,4,2,0,0.666666666667,0.666666666667,0,0.666666666667,-9.65894031424e-15,3,3,2,2,1,-2.99692996806,0,0 17 21
14,110100,3,3,0,1,1,0,1,-1.45439216226e-14,0,4,3,1,1,-2.99692996806,0,0 13 21
14,110101,4,2,0,0.666666666667,0.666666666667,0,0.666666666667,-9.65894031424e-15,1,5,3,1,1,-2.99692996806,0,0 17 21
14,110110,4,3,0,1,1,0,1,-1.45439216226e-14,1,3,3,2,1,-2.99692996806,0,0 13 21
14,110111,5,3,0,1,1,0,1,-1.45439216226e-14,2,4,3,2,1,-2.99692996806,0,0 13 21
14,111000,3,1,2,-1.66461997871,-1.66461997871,0,-1.66666666667,0.00204668796162,2,2,2,2,1,-2.99692996806,0,0 2 9
14,111001,4,1,0,0.333333333333,0.333333333333,0,0.333333333333,-4.82947015712e-15,3,3,2,2,1,-2.99692996806,0,0 14 17
14,111010,4,1,2,-1.66461997871,-1.66461997871,0,-1.66666666667,0.00204668796162,3,1,2,3,1,-2.99692996806,0,0 2 9
14,111011,5,2,1,-0.332309989353,-0.332309989353,0,-0.333333333333,0.0010233439808,4,2,2,3,1,-2.99692996806,0,0 2 21
14,111100,4,1,2,-1.66461997871,-1.66461997871,0,-1.66666666667,0.00204668796162,1,3,3,2,1,-2.99692996806,0,9 13 16
14,111101,5,2,0,0.666666666667,0.666666666667,0,0.666666666667,-9.65894031424e-15,2,4,3,2,1,-2.99692996806,0,0 17 21
14,111110,5,1,2,-1.66461997871,-1.66461997871,0,-1.66666666667,0.00204668796162,2,2,3,3,1,-2.99692996806,0,9 13 16
14,111111,6,2,1,-0.332309989353,-0.332309989353,0,-0.333333333333,0.0010233439808,3,3,3,3,1,-2.99692996806,0,0 16 21
15,000000,0,1,0,0.333333333333,0.333333333333,0,0.333333333333,-3.32622818178e-13,3,3,0,0,0.999999999999,-2.99825662326,1,27 28 29
15,000001,1,1,1,-0.666085541086,-0.666085541086,-2.22044604925e-16,-0.666666666667,0.000581125580633,4,4,0,0,0.999999999999,-2.99825662326,0,0 11 19
15,000010,1,0,1,-0.999418874419,-0.999418874419,-1.11022302463e-16,-1,0.000581125580966,4,2,0,1,0.999999999999,-2.99825662326,0,8 19 27
15,000011,2,0,1,-0.999418874419,-0.999418874419,-1.11022302463e-16,-1,0.000581125580966,5,3,0,1,0.999999999999,-2.99825662326,0,11 16 19
15,000100,1,2,0,0.666666666666,0.666666666666,0,0.666666666667,-6.65245636355e-13,2,4,1,0,0.999999999999,-2.99825662326,0,0 5 6
15,000101,2,1,0,0.333333333333,0.333333333333,0,0.333333333333,-3.32622818178e-13,3,5,1,0,0.999999999999,-2.99825662326,0,0 6 16
15,000110,2,0,1,-0.999418874419,-0.999418874419,-1.11022302463e-16,-1,0.000581125580966,3,3,1,1,0.999999999999,-2.99825662326,0,8 12 17
15,000111,3,1,1,-0.666085541086,-0.666085541086,-2.22044604925e-16,-0.666666666667,0.000581125580633,4,4,1,1,0.999999999999,-2.99825662326,0,0 15 19
15,001000,1,0,1,-0.999418874419,-0.999418874419,-1.11022302463e-16,-1,0.000581125580966,4,2,0,1,0.999999999999,-2.99825662326,0,6 15 18
15,001001,2,0,1,-0.999418874419,-0.999418874419,-1.11022302463e-16,-1,0.000581125580966,5,3,0,1,0.999999999999,-2.99825662326,0,11 15 19
15,001010,2,0,3,-2.99825662326,-2.99825662326,0,-3,0.0017433767429,5,1,0,2,0.999999999999,-2.99825662326,0,12 18 19
15,001011,3,0,1,-0.999418874419,-0.999418874419,-1.11022302463e-16,-1,0.000581125580966,6,2,0,2,0.999999999999,-2.99825662326,0,11 15 19
15,001100,2,1,0,0.333333333333,0.333333333333,0,0.333333333333,-3.32622818178e-13,3,3,1,1,0.999999999999,-2.99825662326,0,5 6 15
15,001101,3,0,1,-0.999418874419,-0.999418874419,-1.11022302463e-16,-1,0.000581125580966,4,4,1,1,0.999999999999,-2.99825662326,0,6 15 19
15,001110,3,1,1,-0.666085541086,-0.666085541086,-2.22044604925e-16,-0.666666666667,0.000581125580633,4,2,1,2,0.999999999999,-2.99825662326,0,5 12 15
15,001111,4,0,2,-1.99883774884,-1.99883774884,-2.22044604925e-16,-2,0.00116225116193,5,3,1,2,0.999999999999,-2.99825662326,0,12 15 19
15,010000,1,2,0,0.666666666666,0.666666666666,0,0.666666666667,-6.65245636355e-13,2,4,1,0,0.999999999999,-2.99825662326,0,0 5 7
15,010001,2,1,0,0.333333333333,0.333333333333,0,0.333333333333,-3.32622818178e-13,3,5,1,0,0.999999999999,-2.99825662326,0,0 1 11
15,010010,2,2,0,0.666666666666,0.666666666666,0,0.666666666667,-6.65245636355e-13,3,3,1,1,0.999999999999,-2.99825662326,0,5 8 29
15,010011,3,1,0,0.333333333333,0.333333333333,0,0.333333333333,-3.32622818178e-13,4,4,1,1,0.999999999999,-2.99825662326,0,0 8 11
15,010100,2,2,0,0.666666666666,0.666666666666,0,0.666666666667,-6.65245636355e-13,1,5,2,0,0.999999999999,-2.99825662326,0,0 5 22
15,010101,3,2,0,0.666666666666,0.666666666666,0,0.666666666667,-6.65245636355e-13,2,6,2,0,0.999999999999,-2.99825662326,0,0 1 5
15,010110,3,3,0,0.999999999999,0.999999999999,0,1,-9.97868454533e-13,2,4,2,1,0.999999999999,-2.99825662326,0,0 5 29
15,010111,4,2,0,0.666666666666,0.666666666666,0,0.666666666667,-6.65245636355e-13,3,5,2,1,0.999999999999,-2.99825662326,0,0 5 17
15,011000,2,1,1,-0.666085541086,-0.666085541086,-2.22044604925e-16,-0.666666666667,0.000581125580633,3,3,1,1,0.999999999999,-2.99825662326,0,5 7 12
15,011001,3,2,0,0.666666666666,0.666666666666,0,0.666666666667,-6.65245636355e-13,4,4,1,1,0.999999999999,-2.99825662326,0,0 5 11
15,011010,3,1,2,-1.66550441551,-1.66550441551,-2.22044604925e-16,-1.66666666667,0.0011622511616,4,2,1,2,0.999999999999,-2.99825662326,0,5 12 18
15,011011,4,0,2,-1.99883774884,-1.99883774884,-2.22044604925e-16,-2,0.00116225116193,5,3,1,2,0.999999999999,-2.99825662326,0,11 12 19
15,011100,3,2,0,0.666666666666,0.666666666666,0,0.666666666667,-6.65245636355e-13,2,4,2,1,0.999999999999,-2.99825662326,0,0 5 6
15,011101,4,2,0,0.666666666666,0.666666666666,0,0.666666666667,-6.65245636355e-13,3,5,2,1,0.999999999999,-2.99825662326,0,0 5 6
15,011110,4,2,1,-0.332752207753,-0.332752207753,-1.66533453694e-16,-0.333333333333,0.0005811255803,3,3,2,2,0.999999999999,-2.99825662326,0,0 5 12
15,011111,5,2,1,-0.332752207753,-0.332752207753,-1.66533453694e-16,-0.333333333333,0.0005811255803,4,4,2,2,0.999999999999,-2.99825662326,0,0 5 12
15,100000,1,0,0,0,0,0,0,0,2,2,1,1,0.999999999999,-2.99825662326,0,21 25 27
15,100001,2,0,0,0,0,0,0,0,3,3,1,1,0.999999999999,-2.99825662326,0,4 11 25
15,100010,2,0,1,-0.999418874419,-0.999418874419,-1.11022302463e-16,-1,0.000581125580966,3,1,1,2,0.999999999999,-2.99825662326,0,12 24 27
15,100011,3,0,1,-0.999418874419,-0.999418874419,-1.11022302463e-16,-1,0.000581125580966,4,2,1,2,0.999999999999,-2.99825662326,0,11 19 25
15,100100,2,0,1,-0.999418874419,-0.999418874419,-1.11022302463e-16,-1,0.000581125580966,1,3,2,1,0.999999999999,-2.99825662326,0,6 12 25
15,100101,3,1,0,0.333333333333,0.333333333333,0,0.333333333333,-3.32622818178e-13,2,4,2,1,0.999999999999,-2.99825662326,0,0 6 25
15,100110,3,0,1,-0.999418874419,-0.999418874419,-1.11022302463e-16,-1,0.000581125580966,2,2,2,2,0.999999999999,-2.99825662326,0,12 17 27
15,100111,4,1,1,-0.666085541086,-0.666085541086,-2.22044604925e-16,-0.666666666667,0.000581125580633,3,3,2,2,0.999999999999,-2.99825662326,0,0 19 25
15,101000,2,0,1,-0.999418874419,-0.999418874419,-1.11022302463e-16,-1,0.000581125580966,3,1,1,2,0.999999999999,-2.99825662326,0,6 12 21
15,101001,3,0,1,-0.999418874419,-0.999418874419,-1.11022302463e-16,-1,0.000581125580966,4,2,1,2,0.999999999999,-2.99825662326,0,4 6 19
15,101010,3,0,3,-2.99825662326,-2.99825662326,0,-3,0.0017433767429,4,0,1,3,0.999999999999,-2.99825662326,0,12 18 19
15,101011,4,0,2,-1.99883774884,-1.99883774884,-2.22044604925e-16,-2,0.00116225116193,5,1,1,3,0.999999999999,-2.99825662326,0,11 12 19
15,101100,3,1,1,-0.666085541086,-0.666085541086,-2.22044604925e-16,-0.666666666667,0.000581125580633,2,2,2,2,0.999999999999,-2.99825662326,0,5 6 12
15,101101,4,0,2,-1.99883774884,-1.99883774884,-2.22044604925e-16,-2,0.00116225116193,3,3,2,2,0.999999999999,-2.99825662326,0,6 12 19
15,101110,4,0,2,-1.99883774884,-1.99883774884,-2.22044604925e-16,-2,0.00116225116193,3,1,2,3,0.999999999999,-2.99825662326,0,6 12 19
15,101111,5,0,2,-1.99883774884,-1.99883774884,-2.22044604925e-16,-2,0.00116225116193,4,2,2,3,0.999999999999,-2.99825662326,0,6 12 19
15,110000,2,1,0,0.333333333333,0.333333333333,0,0.333333333333,-3.32622818178e-13,1,3,2,1,0.999999999999,-2.99825662326,0,7 20 29
15,110001,3,1,0,0.333333333333,0.333333333333,0,0.333333333333,-3.32622818178e-13,2,4,2,1,0.999999999999,-2.99825662326,0,0 1 7
15,110010,3,1,1,-0.666085541086,-0.666085541086,-2.22044604925e-16,-0.666666666667,0.000581125580633,2,2,2,2,0.999999999999,-2.99825662326,0,12 27 29
15,110011,4,1,1,-0.666085541086,-0.666085541086,-2.22044604925e-16,-0.666666666667,0.000581125580633,3,3,2,2,0.999999999999,-2.99825662326,0,0 11 12
15,110100,3,3,0,0.999999999999,0.999999999999,0,1,-9.97868454533e-13,0,4,3,1,0.999999999999,-2.99825662326,0,0 5 29
15,110101,4,1,0,0.333333333333,0.333333333333,0,0.333333333333,-3.32622818178e-13,1,5,3,1,0.999999999999,-2.99825662326,0,0 1 6
15,110110,4,2,1,-0.332752207753,-0.332752207753,-1.66533453694e-16,-0.333333333333,0.0005811255803,1,3,3,2,0.999999999999,-2.99825662326,0,0 12 29
15,110111,5,1,1,-0.666085541086,-0.666085541086,-2.22044604925e-16,-0.666666666667,0.000581125580633,2,4,3,2,0.999999999999,-2.99825662326,0,0 12 17
15,111000,3,1,1,-0.666085541086,-0.666085541086,-2.22044604925e-16,-0.666666666667,0.000581125580633,2,2,2,2,0.999999999999,-2.99825662326,0,5 7 12
15,111001,4,1,0,0.333333333333,0.333333333333,0,0.333333333333,-3.32622818178e-13,3,3,2,2,0.999999999999,-2.99825662326,0,0 6 11
15,111010,4,1,1,-0.666085541086,-0.666085541086,-2.22044604925e-16,-0.666666666667,0.000581125580633,3,1,2,3,0.999999999999,-2.99825662326,0,5 11 12
15,111011,5,0,2,-1.99883774884,-1.99883774884,-2.22044604925e-16,-2,0.00116225116193,4,2,2,3,0.999999999999,-2.99825662326,0,11 12 19
15,111100,4,1,1,-0.666085541086,-0.666085541086,-2.22044604925e-16,-0.666666666667,0.000581125580633,1,3,3,2,0.999999999999,-2.99825662326,0,5 6 12
15,111101,5,1,1,-0.666085541086,-0.666085541086,-2.22044604925e-16,-0.666666666667,0.000581125580633,2,4,3,2,0.999999999999,-2.99825662326,0,0 6 12
15,111110,5,1,1,-0.666085541086,-0.666085541086,-2.22044604925e-16,-0.666666666667,0.000581125580633,2,2,3,3,0.999999999999,-2.99825662326,0,5 6 12
15,111111,6,1,1,-0.666085541086,-0.666085541086,-2.22044604925e-16,-0.666666666667,0.000581125580633,3,3,3,3,0.999999999999,-2.99825662326,0,0 6 12
16,000000,0,0,0,0,0,0,0,0,3,3,0,0,1,-2.99891207687,1,27 28 29
16,000001,1,0,0,0,0,0,0,0,4,4,0,0,1,-2.99891207687,0,2 7 15
16,000010,1,0,1,-0.999637358957,-0.999637358957,-1.11022302463e-16,-1,0.000362641042863,4,2,0,1,1,-2.99891207687,0,4 7 9
16,000011,2,0,1,-0.999637358957,-0.999637358957,-1.11022302463e-16,-1,0.000362641042863,5,3,0,1,1,-2.99891207687,0,7 17 18
16,000100,1,1,0,0.333333333333,0.333333333333,0,0.333333333333,-3.33066907388e-15,2,4,1,0,1,-2.99891207687,0,2 12 26
16,000101,2,0,0,0,0,0,0,0,3,5,1,0,1,-2.99891207687,0,2 7 15
16,000110,2,1,0,0.333333333333,0.333333333333,0,0.333333333333,-3.33066907388e-15,3,3,1,1,1,-2.99891207687,0,12 15 26
16,000111,3,0,1,-0.999637358957,-0.999637358957,-1.11022302463e-16,-1,0.000362641042863,4,4,1,1,1,-2.99891207687,0,7 15 17
16,001000,1,1,0,0.333333333333,0.333333333333,0,0.333333333333,-3.33066907388e-15,4,2,0,1,1,-2.99891207687,0,3 18 19
16,001001,2,0,0,0,0,0,0,0,5,3,0,1,1,-2.99891207687,0,18 21 23
16,001010,2,0,1,-0.999637358957,-0.999637358957,-1.11022302463e-16,-1,0.000362641042863,5,1,0,2,1,-2.99891207687,0,0 4 18
16,001011,3,0,0,0,0,0,0,0,6,2,0,2,1,-2.99891207687,0,5 7 18
16,001100,2,1,0,0.333333333333,0.333333333333,0,0.333333333333,-3.33066907388e-15,3,3,1,1,1,-2.99891207687,0,2 3 26
16,001101,3,0,0,0,0,0,0,0,4,4,1,1,1,-2.99891207687,0,2 18 23
16,001110,3,1,0,0.333333333333,0.333333333333,0,0.333333333333,-3.33066907388e-15,4,2,1,2,1,-2.99891207687,0,12 18 26
16,001111,4,0,0,0,0,0,0,0,5,3,1,2,1,-2.99891207687,0,5 7 18
16,010000,1,1,0,0.333333333333,0.333333333333,0,0.333333333333,-3.33066907388e-15,2,4,1,0,1,-2.99891207687,0,3 5 25
16,010001,2,0,0,0,0,0,0,0,3,5,1,0,1,-2.99891207687,0,2 5 18
16,010010,2,0,1,-0.999637358957,-0.999637358957,-1.11022302463e-16,-1,0.000362641042863,3,3,1,1,1,-2.99891207687,0,4 5 9
16,010011,3,0,0,0,0,0,0,0,4,4,1,1,1,-2.99891207687,0,5 7 18
16,010100,2,2,0,0.666666666667,0.666666666667,0,0.666666666667,-6.66133814775e-15,1,5,2,0,1,-2.99891207687,0,2 3 13
16,010101,3,0,0,0,0,0,0,0,2,6,2,0,1,-2.99891207687,0,2 5 18
16,010110,3,0,0,0,0,0,0,0,2,4,2,1,1,-2.99891207687,0,5 9 18
16,010111,4,0,0,0,0,0,0,0,3,5,2,1,1,-2.99891207687,0,5 15 18
16,011000,2,1,0,0.333333333333,0.333333333333,0,0.333333333333,-3.33066907388e-15,3,3,1,1,1,-2.99891207687,0,3 5 18
16,011001,3,0,0,0,0,0,0,0,4,4,1,1,1,-2.99891207687,0,5 18 21
16,011010,3,0,0,0,0,0,0,0,4,2,1,2,1,-2.99891207687,0,5 9 18
16,011011,4,0,0,0,0,0,0,0,5,3,1,2,1,-2.99891207687,0,5 7 18
16,011100,3,1,0,0.333333333333,0.333333333333,0,0.333333333333,-3.33066907388e-15,2,4,2,1,1,-2.99891207687,0,2 3 5
16,011101,4,0,0,0,0,0,0,0,3,5,2,1,1,-2.99891207687,0,2 5 18
16,011110,4,1,0,0.333333333333,0.333333333333,0,0.333333333333,-3.33066907388e-15,3,3,2,2,1,-2.99891207687,0,3 5 18
16,011111,5,0,0,0,0,0,0,0,4,4,2,2,1,-2.99891207687,0,2 5 18
16,100000,1,1,2,-1.66594138458,-1.66594138458,-2.22044604925e-16,-1.66666666667,0.000725282085722,2,2,1,1,1,-2.99891207687,0,11 13 17
16,100001,2,1,1,-0.666304025624,-0.666304025624,-2.22044604925e-16,-0.666666666667,0.000362641042859,3,3,1,1,1,-2.99891207687,0,13 15 17
16,100010,2,0,3,-2.99891207687,-2.99891207687,0,-3,0.00108792312859,3,1,1,2,1,-2.99891207687,0,4 11 17
16,100011,3,0,2,-1.99927471791,-1.99927471791,-2.22044604925e-16,-2,0.000725282085725,4,2,1,2,1,-2.99891207687,0,4 15 17
16,100100,2,2,1,-0.33297069229,-0.33297069229,-1.66533453694e-16,-0.333333333333,0.000362641042856,1,3,2,1,1,-2.99891207687,0,11 12 13
16,100101,3,1,1,-0.666304025624,-0.666304025624,-2.22044604925e-16,-0.666666666667,0.000362641042859,2,4,2,1,1,-2.99891207687,0,13 15 17
16,100110,3,1,2,-1.66594138458,-1.66594138458,-2.22044604925e-16,-1.66666666667,0.000725282085722,2,2,2,2,1,-2.99891207687,0,11 12 17
16,100111,4,1,1,-0.666304025624,-0.666304025624,-2.22044604925e-16,-0.666666666667,0.000362641042859,3,3,2,2,1,-2.99891207687,0,12 15 17
16,101000,2,1,2,-1.66594138458,-1.66594138458,-2.22044604925e-16,-1.66666666667,0.000725282085722,3,1,1,2,1,-2.99891207687,0,3 11 17
16,101001,3,0,1,-0.999637358957,-0.999637358957,-1.11022302463e-16,-1,0.000362641042863,4,2,1,2,1,-2.99891207687,0,15 17 19
16,101010,3,0,3,-2.99891207687,-2.99891207687,0,-3,0.00108792312859,4,0,1,3,1,-2.99891207687,0,4 11 17
16,101011,4,0,1,-0.999637358957,-0.999637358957,-1.11022302463e-16,-1,0.000362641042863,5,1,1,3,1,-2.99891207687,0,15 17 18
16,101100,3,2,1,-0.33297069229,-0.33297069229,-1.66533453694e-16,-0.333333333333,0.000362641042856,2,2,2,2,1,-2.99891207687,0,3 11 13
16,101101,4,0,1,-0.999637358957,-0.999637358957,-1.11022302463e-16,-1,0.000362641042863,3,3,2,2,1,-2.99891207687,0,15 17 19
16,101110,4,2,1,-0.33297069229,-0.33297069229,-1.66533453694e-16,-0.333333333333,0.000362641042856,3,1,2,3,1,-2.99891207687,0,3 11 12
16,101111,5,1,1,-0.666304025624,-0.666304025624,-2.22044604925e-16,-0.666666666667,0.000362641042859,4,2,2,3,1,-2.99891207687,0,12 15 17
16,110000,2,2,1,-0.33297069229,-0.33297069229,-1.66533453694e-16,-0.333333333333,0.000362641042856,1,3,2,1,1,-2.99891207687,0,3 11 13
16,110001,3,1,1,-0.666304025624,-0.666304025624,-2.22044604925e-16,-0.666666666667,0.000362641042859,2,4,2,1,1,-2.99891207687,0,13 15 17
16,110010,3,2,1,-0.33297069229,-0.33297069229,-1.11022302463e-16,-0.333333333333,0.000362641042856,2,2,2,2,1,-2.99891207687,0,3 4 13
16,110011,4,0,2,-1.99927471791,-1.99927471791,-2.22044604925e-16,-2,0.000725282085725,3,3,2,2,1,-2.99891207687,0,4 15 17
16,110100,3,3,0,1,1,0,1,-9.99200722163e-15,0,4,3,1,1,-2.99891207687,0,3 12 13
16,110101,4,1,0,0.333333333333,0.333333333333,0,0.333333333333,-3.33066907388e-15,1,5,3,1,1,-2.99891207687,0,2 13 15
16,110110,4,3,0,1,1,0,1,-9.99200722163e-15,1,3,3,2,1,-2.99891207687,0,3 12 13
16,110111,5,1,0,0.333333333333,0.333333333333,0,0.333333333333,-3.33066907388e-15,2,4,3,2,1,-2.99891207687,0,5 13 15
16,111000,3,2,1,-0.33297069229,-0.33297069229,-1.66533453694e-16,-0.333333333333,0.000362641042856,2,2,2,2,1,-2.99891207687,0,3 11 13
16,111001,4,1,0,0.333333333333,0.333333333333,0,0.333333333333,-3.33066907388e-15,3,3,2,2,1,-2.99891207687,0,3 18 21
16,111010,4,1,2,-1.66594138458,-1.66594138458,-2.22044604925e-16,-1.66666666667,0.000725282085722,3,1,2,3,1,-2.99891207687,0,3 4 11
16,111011,5,0,1,-0.999637358957,-0.999637358957,-1.11022302463e-16,-1,0.000362641042863,4,2,2,3,1,-2.99891207687,0,4 5 18
16,111100,4,2,1,-0.33297069229,-0.33297069229,-1.66533453694e-16,-0.333333333333,0.000362641042856,1,3,3,2,1,-2.99891207687,0,3 11 13
16,111101,5,2,0,0.666666666667,0.666666666667,0,0.666666666667,-6.66133814775e-15,2,4,3,2,1,-2.99891207687,0,2 3 13
16,111110,5,2,1,-0.33297069229,-0.33297069229,-1.66533453694e-16,-0.333333333333,0.000362641042856,2,2,3,3,1,-2.99891207687,0,3 11 13
16,111111,6,0,0,0,0,0,0,0,3,3,3,3,1,-2.99891207687,0,5 15 18
17,000000,0,0,0,0,0,0,0,0,3,3,0,0,1,-2.99768651296,1,27 28 29
17,000001,1,0,0,0,0,0,0,0,4,4,0,0,1,-2.99768651296,0,23 27 29
17,000010,1,0,0,0,0,0,0,0,4,2,0,1,1,-2.99768651296,0,22 24 27
17,000011,2,0,0,0,0,0,0,0,5,3,0,1,1,-2.99768651296,0,22 24 27
17,000100,1,2,0,0.666666666667,0.666666666667,0,0.666666666667,-7.9936057773e-15,2,4,1,0,1,-2.99768651296,0,11 12 14
17,000101,2,0,0,0,0,0,0,0,3,5,1,0,1,-2.99768651296,0,19 23 27
17,000110,2,1,0,0.333333333333,0.333333333333,0,0.333333333333,-3.99680288865e-15,3,3,1,1,1,-2.99768651296,0,14 19 27
17,000111,3,0,0,0,0,0,0,0,4,4,1,1,1,-2.99768651296,0,19 22 27
17,001000,1,0,2,-1.99845767531,-1.99845767531,0,-2,0.00154232469393,4,2,0,1,1,-2.99768651296,0,17 25 28
17,001001,2,0,0,0,0,0,0,0,5,3,0,1,1,-2.99768651296,0,1 15 28
17,001010,2,0,2,-1.99845767531,-1.99845767531,0,-2,0.00154232469393,5,1,0,2,1,-2.99768651296,0,5 17 28
17,001011,3,0,0,0,0,0,0,0,6,2,0,2,1,-2.99768651296,0,15 27 28
17,001100,2,0,2,-1.99845767531,-1.99845767531,0,-2,0.00154232469393,3,3,1,1,1,-2.99768651296,0,17 25 28
17,001101,3,0,1,-0.999228837653,-0.999228837653,0,-1,0.000771162346966,4,4,1,1,1,-2.99768651296,0,17 27 28
17,001110,3,1,1,-0.66589550432,-0.66589550432,0,-0.666666666667,0.000771162346962,4,2,1,2,1,-2.99768651296,0,14 17 28
17,001111,4,0,1,-0.999228837653,-0.999228837653,0,-1,0.000771162346966,5,3,1,2,1,-2.99768651296,0,17 27 28
17,010000,1,0,0,0,0,0,0,0,2,4,1,0,1,-2.99768651296,0,2 20 29
17,010001,2,0,0,0,0,0,0,0,3,5,1,0,1,-2.99768651296,0,1 2 29
17,010010,2,1,0,0.333333333333,0.333333333333,0,0.333333333333,-3.99680288865e-15,3,3,1,1,1,-2.99768651296,0,2 13 19
17,010011,3,0,0,0,0,0,0,0,4,4,1,1,1,-2.99768651296,0,2 24 29
17,010100,2,2,0,0.666666666667,0.666666666667,0,0.666666666667,-7.9936057773e-15,1,5,2,0,1,-2.99768651296,0,13 14 19
17,010101,3,0,0,0,0,0,0,0,2,6,2,0,1,-2.99768651296,0,19 27 29
17,010110,3,2,0,0.666666666667,0.666666666667,0,0.666666666667,-7.9936057773e-15,2,4,2,1,1,-2.99768651296,0,13 14 19
17,010111,4,0,0,0,0,0,0,0,3,5,2,1,1,-2.99768651296,0,19 27 29
17,011000,2,0,1,-0.999228837653,-0.999228837653,0,-1,0.000771162346966,3,3,1,1,1,-2.99768651296,0,2 20 25
17,011001,3,0,0,0,0,0,0,0,4,4,1,1,1,-2.99768651296,0,2 20 29
17,011010,3,1,1,-0.66589550432,-0.66589550432,0,-0.666666666667,0.000771162346962,4,2,1,2,1,-2.99768651296,0,13 20 25
17,011011,4,0,0,0,0,0,0,0,5,3,1,2,1,-2.99768651296,0,2 15 20
17,011100,3,0,1,-0.999228837653,-0.999228837653,0,-1,0.000771162346966,2,4,2,1,1,-2.99768651296,0,9 19 25
17,011101,4,0,0,0,0,0,0,0,3,5,2,1,1,-2.99768651296,0,9 19 29
17,011110,4,1,1,-0.66589550432,-0.66589550432,0,-0.666666666667,0.000771162346962,3,3,2,2,1,-2.99768651296,0,13 19 25
17,011111,5,0,0,0,0,0,0,0,4,4,2,2,1,-2.99768651296,0,19 27 28
17,100000,1,0,0,0,0,0,0,0,2,2,1,1,1,-2.99768651296,0,1 20 29
17,100001,2,0,0,0,0,0,0,0,3,3,1,1,1,-2.99768651296,0,1 27 29
17,100010,2,2,0,0.666666666667,0.666666666667,0,0.666666666667,-7.9936057773e-15,3,1,1,2,1,-2.99768651296,0,13 14 27
17,100011,3,0,0,0,0,0,0,0,4,2,1,2,1,-2.99768651296,0,24 27 29
17,100100,2,2,1,-0.332562170986,-0.332562170986,0,-0.333333333333,0.000771162346958,1,3,2,1,1,-2.99768651296,0,12 14 17
17,100101,3,0,0,0,0,0,0,0,2,4,2,1,1,-2.99768651296,0,1 27 29
17,100110,3,2,0,0.666666666667,0.666666666667,0,0.666666666667,-7.9936057773e-15,2,2,2,2,1,-2.99768651296,0,12 14 27
17,100111,4,1,1,-0.66589550432,-0.66589550432,0,-0.666666666667,0.000771162346962,3,3,2,2,1,-2.99768651296,0,14 17 27
17,101000,2,0,2,-1.99845767531,-1.99845767531,0,-2,0.00154232469393,3,1,1,2,1,-2.99768651296,0,17 20 25
17,101001,3,0,1,-0.999228837653,-0.999228837653,0,-1,0.000771162346966,4,2,1,2,1,-2.99768651296,0,1 17 29
17,101010,3,0,3,-2.99768651296,-2.99768651296,0,-3,0.0023134870409,4,0,1,3,1,-2.99768651296,0,5 17 25
17,101011,4,0,1,-0.999228837653,-0.999228837653,0,-1,0.000771162346966,5,1,1,3,1,-2.99768651296,0,17 20 27
17,101100,3,1,2,-1.66512434197,-1.66512434197,0,-1.66666666667,0.00154232469393,2,2,2,2,1,-2.99768651296,0,12 17 25
17,101101,4,1,1,-0.66589550432,-0.66589550432,0,-0.666666666667,0.000771162346962,3,3,2,2,1,-2.99768651296,0,12 17 27
17,101110,4,2,1,-0.332562170986,-0.332562170986,0,-0.333333333333,0.000771162346958,3,1,2,3,1,-2.99768651296,0,12 14 17
17,101111,5,1,1,-0.66589550432,-0.66589550432,0,-0.666666666667,0.000771162346962,4,2,2,3,1,-2.99768651296,0,14 17 27
17,110000,2,0,0,0,0,0,0,0,1,3,2,1,1,-2.99768651296,0,1 20 29
17,110001,3,0,0,0,0,0,0,0,2,4,2,1,1,-2.99768651296,0,1 20 29
17,110010,3,1,0,0.333333333333,0.333333333333,0,0.333333333333,-3.99680288865e-15,2,2,2,2,1,-2.99768651296,0,13 20 29
17,110011,4,0,0,0,0,0,0,0,3,3,2,2,1,-2.99768651296,0,1 20 29
17,110100,3,3,0,1,1,0,1,-1.1990408666e-14,0,4,3,1,1,-2.99768651296,0,12 13 14
17,110101,4,0,0,0,0,0,0,0,1,5,3,1,1,-2.99768651296,0,1 27 29
17,110110,4,3,0,1,1,0,1,-1.1990408666e-14,1,3,3,2,1,-2.99768651296,0,12 13 14
17,110111,5,1,0,0.333333333333,0.333333333333,0,0.333333333333,-3.99680288865e-15,2,4,3,2,1,-2.99768651296,0,13 27 29
17,111000,3,0,1,-0.999228837653,-0.999228837653,0,-1,0.000771162346966,2,2,2,2,1,-2.99768651296,0,1 20 25
17,111001,4,0,0,0,0,0,0,0,3,3,2,2,1,-2.99768651296,0,1 20 29
17,111010,4,1,1,-0.66589550432,-0.66589550432,0,-0.666666666667,0.000771162346962,3,1,2,3,1,-2.99768651296,0,13 20 25
17,111011,5,0,0,0,0,0,0,0,4,2,2,3,1,-2.99768651296,0,1 20 29
17,111100,4,2,1,-0.332562170986,-0.332562170986,0,-0.333333333333,0.000771162346958,1,3,3,2,1,-2.99768651296,0,12 14 25
17,111101,5,0,1,-0.999228837653,-0.999228837653,0,-1,0.000771162346966,2,4,3,2,1,-2.99768651296,0,1 25 29
17,111110,5,2,1,-0.332562170986,-0.332562170986,0,-0.333333333333,0.000771162346958,2,2,3,3,1,-2.99768651296,0,13 14 25
17,111111,6,0,1,-0.999228837653,-0.999228837653,0,-1,0.000771162346966,3,3,3,3,1,-2.99768651296,0,17 27 29
18,000000,0,0,1,-0.999601493359,-0.999601493359,0,-1,0.000398506640508,3,3,0,0,1,-2.99880448008,1,27 28 29
18,000001,1,0,0,0,0,0,0,0,4,4,0,0,1,-2.99880448008,0,16 18 28
18,000010,1,0,2,-1.99920298672,-1.99920298672,0,-2,0.000797013281017,4,2,0,1,1,-2.99880448008,0,6 27 29
18,000011,2,0,2,-1.99920298672,-1.99920298672,0,-2,0.000797013281017,5,3,0,1,1,-2.99880448008,0,6 20 29
18,000100,1,0,1,-0.999601493359,-0.999601493359,0,-1,0.000398506640508,2,4,1,0,1,-2.99880448008,0,6 13 19
18,000101,2,1,1,-0.666268160026,-0.666268160026,0,-0.666666666667,0.000398506640506,3,5,1,0,1,-2.99880448008,0,2 6 16
18,000110,2,1,1,-0.666268160026,-0.666268160026,0,-0.666666666667,0.000398506640506,3,3,1,1,1,-2.99880448008,0,6 8 13
18,000111,3,1,2,-1.66586965339,-1.66586965339,0,-1.66666666667,0.000797013281015,4,4,1,1,1,-2.99880448008,0,6 8 12
18,001000,1,0,2,-1.99920298672,-1.99920298672,0,-2,0.000797013281017,4,2,0,1,1,-2.99880448008,0,6 12 15
18,001001,2,0,2,-1.99920298672,-1.99920298672,0,-2,0.000797013281017,5,3,0,1,1,-2.99880448008,0,6 12 28
18,001010,2,0,2,-1.99920298672,-1.99920298672,0,-2,0.000797013281017,5,1,0,2,1,-2.99880448008,0,6 12 17
18,001011,3,0,3,-2.99880448008,-2.99880448008,0,-3,0.00119551992153,6,2,0,2,1,-2.99880448008,0,6 12 29
18,001100,2,0,2,-1.99920298672,-1.99920298672,0,-2,0.000797013281017,3,3,1,1,1,-2.99880448008,0,6 12 13
18,001101,3,0,2,-1.99920298672,-1.99920298672,0,-2,0.000797013281017,4,4,1,1,1,-2.99880448008,0,6 12 13
18,001110,3,0,1,-0.999601493359,-0.999601493359,0,-1,0.000398506640508,4,2,1,2,1,-2.99880448008,0,6 13 17
18,001111,4,1,2,-1.66586965339,-1.66586965339,0,-1.66666666667,0.000797013281015,5,3,1,2,1,-2.99880448008,0,6 8 12
18,010000,1,1,1,-0.666268160026,-0.666268160026,0,-0.666666666667,0.000398506640506,2,4,1,0,1,-2.99880448008,0,2 23 29
18,010001,2,0,1,-0.999601493359,-0.999601493359,0,-1,0.000398506640508,3,5,1,0,1,-2.99880448008,0,23 28 29
18,010010,2,0,1,-0.999601493359,-0.999601493359,0,-1,0.000398506640508,3,3,1,1,1,-2.99880448008,0,17 23 29
18,010011,3,1,1,-0.666268160026,-0.666268160026,0,-0.666666666667,0.000398506640506,4,4,1,1,1,-2.99880448008,0,8 23 29
18,010100,2,2,0,0.666666666667,0.666666666667,0,0.666666666667,-4.10782519111e-15,1,5,2,0,1,-2.99880448008,0,2 17 25
18,010101,3,1,0,0.333333333333,0.333333333333,0,0.333333333333,-2.05391259556e-15,2,6,2,0,1,-2.99880448008,0,2 16 23
18,010110,3,0,1,-0.999601493359,-0.999601493359,0,-1,0.000398506640508,2,4,2,1,1,-2.99880448008,0,6 17 23
18,010111,4,0,2,-1.99920298672,-1.99920298672,0,-2,0.000797013281017,3,5,2,1,1,-2.99880448008,0,6 23 29
18,011000,2,0,1,-0.999601493359,-0.999601493359,0,-1,0.000398506640508,3,3,1,1,1,-2.99880448008,0,15 17 29
18,011001,3,0,2,-1.99920298672,-1.99920298672,0,-2,0.000797013281017,4,4,1,1,1,-2.99880448008,0,12 28 29
18,011010,3,0,2,-1.99920298672,-1.99920298672,0,-2,0.000797013281017,4,2,1,2,1,-2.99880448008,0,6 17 29
18,011011,4,0,3,-2.99880448008,-2.99880448008,0,-3,0.00119551992153,5,3,1,2,1,-2.99880448008,0,6 12 29
18,011100,3,1,1,-0.666268160026,-0.666268160026,0,-0.666666666667,0.000398506640506,2,4,2,1,1,-2.99880448008,0,2 6 17
18,011101,4,1,2,-1.66586965339,-1.66586965339,0,-1.66666666667,0.000797013281015,3,5,2,1,1,-2.99880448008,0,2 6 12
18,011110,4,1,1,-0.666268160026,-0.666268160026,0,-0.666666666667,0.000398506640506,3,3,2,2,1,-2.99880448008,0,6 8 17
18,011111,5,0,3,-2.99880448008,-2.99880448008,0,-3,0.00119551992153,4,4,2,2,1,-2.99880448008,0,6 12 29
18,100000,1,0,0,0,0,0,0,0,2,2,1,1,1,-2.99880448008,0,14 22 24
18,100001,2,0,1,-0.999601493359,-0.999601493359,0,-1,0.000398506640508,3,3,1,1,1,-2.99880448008,0,16 24 29
18,100010,2,0,1,-0.999601493359,-0.999601493359,0,-1,0.000398506640508,3,1,1,2,1,-2.99880448008,0,14 27 29
18,100011,3,1,1,-0.666268160026,-0.666268160026,0,-0.666666666667,0.000398506640506,4,2,1,2,1,-2.99880448008,0,8 24 29
18,100100,2,1,0,0.333333333333,0.333333333333,0,0.333333333333,-2.05391259556e-15,1,3,2,1,1,-2.99880448008,0,14 19 25
18,100101,3,2,0,0.666666666667,0.666666666667,0,0.666666666667,-4.10782519111e-15,2,4,2,1,1,-2.99880448008,0,8 16 25
18,100110,3,1,1,-0.666268160026,-0.666268160026,0,-0.666666666667,0.000398506640506,2,2,2,2,1,-2.99880448008,0,6 8 14
18,100111,4,1,2,-1.66586965339,-1.66586965339,0,-1.66666666667,0.000797013281015,3,3,2,2,1,-2.99880448008,0,6 8 29
18,101000,2,0,2,-1.99920298672,-1.99920298672,0,-2,0.000797013281017,3,1,1,2,1,-2.99880448008,0,10 12 29
18,101001,3,0,2,-1.99920298672,-1.99920298672,0,-2,0.000797013281017,4,2,1,2,1,-2.99880448008,0,12 28 29
18,101010,3,0,3,-2.99880448008,-2.99880448008,0,-3,0.00119551992153,4,0,1,3,1,-2.99880448008,0,6 12 29
18,101011,4,0,3,-2.99880448008,-2.99880448008,0,-3,0.00119551992153,5,1,1,3,1,-2.99880448008,0,6 12 29
18,101100,3,0,2,-1.99920298672,-1.99920298672,0,-2,0.000797013281017,2,2,2,2,1,-2.99880448008,0,6 12 19
18,101101,4,0,2,-1.99920298672,-1.99920298672,0,-2,0.000797013281017,3,3,2,2,1,-2.99880448008,0,6 12 16
18,101110,4,0,2,-1.99920298672,-1.99920298672,0,-2,0.000797013281017,3,1,2,3,1,-2.99880448008,0,6 12 17
18,101111,5,0,3,-2.99880448008,-2.99880448008,0,-3,0.00119551992153,4,2,2,3,1,-2.99880448008,0,6 12 29
18,110000,2,1,1,-0.666268160026,-0.666268160026,0,-0.666666666667,0.000398506640506,1,3,2,1,1,-2.99880448008,0,17 25 29
18,110001,3,1,1,-0.666268160026,-0.666268160026,0,-0.666666666667,0.000398506640506,2,4,2,1,1,-2.99880448008,0,25 28 29
18,110010,3,0,1,-0.999601493359,-0.999601493359,0,-1,0.000398506640508,2,2,2,2,1,-2.99880448008,0,17 27 29
18,110011,4,1,1,-0.666268160026,-0.666268160026,0,-0.666666666667,0.000398506640506,3,3,2,2,1,-2.99880448008,0,8 24 29
18,110100,3,3,0,1,1,0,1,-6.2172489379e-15,0,4,3,1,1,-2.99880448008,0,2 8 25
18,110101,4,1,1,-0.666268160026,-0.666268160026,0,-0.666666666667,0.000398506640506,1,5,3,1,1,-2.99880448008,0,16 25 29
18,110110,4,1,1,-0.666268160026,-0.666268160026,0,-0.666666666667,0.000398506640506,1,3,3,2,1,-2.99880448008,0,8 17 29
18,110111,5,1,1,-0.666268160026,-0.666268160026,0,-0.666666666667,0.000398506640506,2,4,3,2,1,-2.99880448008,0,7 8 29
18,111000,3,0,2,-1.99920298672,-1.99920298672,0,-2,0.000797013281017,2,2,2,2,1,-2.99880448008,0,12 17 29
18,111001,4,0,2,-1.99920298672,-1.99920298672,0,-2,0.000797013281017,3,3,2,2,1,-2.99880448008,0,12 28 29
18,111010,4,0,1,-0.999601493359,-0.999601493359,0,-1,0.000398506640508,3,1,2,3,1,-2.99880448008,0,17 27 29
18,111011,5,1,2,-1.66586965339,-1.66586965339,0,-1.66666666667,0.000797013281015,4,2,2,3,1,-2.99880448008,0,8 12 29
18,111100,4,2,0,0.666666666667,0.666666666667,0,0.666666666667,-4.10782519111e-15,1,3,3,2,1,-2.99880448008,0,8 17 25
18,111101,5,1,2,-1.66586965339,-1.66586965339,0,-1.66666666667,0.000797013281015,2,4,3,2,1,-2.99880448008,0,8 12 29
18,111110,5,0,2,-1.99920298672,-1.99920298672,0,-2,0.000797013281017,2,2,3,3,1,-2.99880448008,0,6 17 29
18,111111,6,0,3,-2.99880448008,-2.99880448008,0,-3,0.00119551992153,3,3,3,3,1,-2.99880448008,0,6 12 29
19,000000,0,0,1,-0.999518769906,-0.999518769906,-1.11022302463e-16,-1,0.000481230093598,3,3,0,0,1,-2.99855630972,1,27 28 29
19,000001,1,0,0,0,0,0,0,0,4,4,0,0,1,-2.99855630972,0,2 5 29
19,000010,1,0,0,0,0,0,0,0,4,2,0,1,1,-2.99855630972,0,0 26 29
19,000011,2,0,0,0,0,0,0,0,5,3,0,1,1,-2.99855630972,0,0 26 29
19,000100,1,2,0,0.666666666667,0.666666666667,0,0.666666666667,-5.55111512313e-16,2,4,1,0,1,-2.99855630972,0,2 7 17
19,000101,2,0,0,0,0,0,0,0,3,5,1,0,1,-2.99855630972,0,2 3 11
19,000110,2,0,1,-0.999518769906,-0.999518769906,-1.11022302463e-16,-1,0.000481230093598,3,3,1,1,1,-2.99855630972,0,0 2 6
19,000111,3,0,0,0,0,0,0,0,4,4,1,1,1,-2.99855630972,0,0 2 29
19,001000,1,0,1,-0.999518769906,-0.999518769906,-1.11022302463e-16,-1,0.000481230093598,4,2,0,1,1,-2.99855630972,0,2 4 28
19,001001,2,0,0,0,0,0,0,0,5,3,0,1,1,-2.99855630972,0,2 4 12
19,001010,2,0,2,-1.99903753981,-1.99903753981,-2.22044604925e-16,-2,0.000962460187196,5,1,0,2,1,-2.99855630972,0,2 6 28
19,001011,3,0,1,-0.999518769906,-0.999518769906,-1.11022302463e-16,-1,0.000481230093598,6,2,0,2,1,-2.99855630972,0,0 2 28
19,001100,2,0,0,0,0,0,0,0,3,3,1,1,1,-2.99855630972,0,2 3 13
19,001101,3,0,0,0,0,0,0,0,4,4,1,1,1,-2.99855630972,0,2 3 11
19,001110,3,0,2,-1.99903753981,-1.99903753981,-2.22044604925e-16,-2,0.000962460187196,4,2,1,2,1,-2.99855630972,0,2 6 28
19,001111,4,0,0,0,0,0,0,0,5,3,1,2,1,-2.99855630972,0,2 3 11
19,010000,1,0,0,0,0,0,0,0,2,4,1,0,1,-2.99855630972,0,12 19 27
19,010001,2,0,0,0,0,0,0,0,3,5,1,0,1,-2.99855630972,0,12 19 27
19,010010,2,0,2,-1.99903753981,-1.99903753981,-2.22044604925e-16,-2,0.000962460187196,3,3,1,1,1,-2.99855630972,0,16 28 29
19,010011,3,0,1,-0.999518769906,-0.999518769906,-1.11022302463e-16,-1,0.000481230093598,4,4,1,1,1,-2.99855630972,0,12 16 29
19,010100,2,3,0,1,1,0,1,-8.881784197e-16,1,5,2,0,1,-2.99855630972,0,7 15 17
19,010101,3,0,0,0,0,0,0,0,2,6,2,0,1,-2.99855630972,0,11 27 29
19,010110,3,2,0,0.666666666667,0.666666666667,0,0.666666666667,-5.55111512313e-16,2,4,2,1,1,-2.99855630972,0,7 17 29
19,010111,4,0,0,0,0,0,0,0,3,5,2,1,1,-2.99855630972,0,0 2 29
19,011000,2,0,2,-1.99903753981,-1.99903753981,-2.22044604925e-16,-2,0.000962460187196,3,3,1,1,1,-2.99855630972,0,12 16 28
19,011001,3,0,1,-0.999518769906,-0.999518769906,-1.11022302463e-16,-1,0.000481230093598,4,4,1,1,1,-2.99855630972,0,4 12 16
19,011010,3,0,2,-1.99903753981,-1.99903753981,-2.22044604925e-16,-2,0.000962460187196,4,2,1,2,1,-2.99855630972,0,12 16 28
19,011011,4,0,2,-1.99903753981,-1.99903753981,-2.22044604925e-16,-2,0.000962460187196,5,3,1,2,1,-2.99855630972,0,12 16 28
19,011100,3,3,0,1,1,0,1,-8.881784197e-16,2,4,2,1,1,-2.99855630972,0,7 15 17
19,011101,4,0,0,0,0,0,0,0,3,5,2,1,1,-2.99855630972,0,2 3 12
19,011110,4,1,2,-1.66570420648,-1.66570420648,-2.22044604925e-16,-1.66666666667,0.000962460187195,3,3,2,2,1,-2.99855630972,0,16 17 28
19,011111,5,0,1,-0.999518769906,-0.999518769906,-1.11022302463e-16,-1,0.000481230093598,4,4,2,2,1,-2.99855630972,0,2 16 29
19,100000,1,1,1,-0.666185436573,-0.666185436573,-1.11022302463e-16,-0.666666666667,0.000481230093598,2,2,1,1,1,-2.99855630972,0,6 7 29
19,100001,2,0,1,-0.999518769906,-0.999518769906,-1.11022302463e-16,-1,0.000481230093598,3,3,1,1,1,-2.99855630972,0,16 24 29
19,100010,2,0,1,-0.999518769906,-0.999518769906,-1.11022302463e-16,-1,0.000481230093598,3,1,1,2,1,-2.99855630972,0,6 23 29
19,100011,3,0,1,-0.999518769906,-0.999518769906,-1.11022302463e-16,-1,0.000481230093598,4,2,1,2,1,-2.99855630972,0,6 23 29
19,100100,2,2,1,-0.33285210324,-0.33285210324,-1.11022302463e-16,-0.333333333333,0.000481230093597,1,3,2,1,1,-2.99855630972,0,6 7 17
19,100101,3,0,0,0,0,0,0,0,2,4,2,1,1,-2.99855630972,0,2 3 29
19,100110,3,1,1,-0.666185436573,-0.666185436573,-1.11022302463e-16,-0.666666666667,0.000481230093598,2,2,2,2,1,-2.99855630972,0,6 7 29
19,100111,4,0,1,-0.999518769906,-0.999518769906,-1.11022302463e-16,-1,0.000481230093598,3,3,2,2,1,-2.99855630972,0,2 6 29
19,101000,2,0,3,-2.99855630972,-2.99855630972,0,-3,0.00144369028079,3,1,1,2,1,-2.99855630972,0,6 16 28
19,101001,3,0,2,-1.99903753981,-1.99903753981,-2.22044604925e-16,-2,0.000962460187196,4,2,1,2,1,-2.99855630972,0,6 16 29
19,101010,3,0,3,-2.99855630972,-2.99855630972,0,-3,0.00144369028079,4,0,1,3,1,-2.99855630972,0,6 16 28
19,101011,4,0,2,-1.99903753981,-1.99903753981,-2.22044604925e-16,-2,0.000962460187196,5,1,1,3,1,-2.99855630972,0,6 16 29
19,101100,3,2,1,-0.33285210324,-0.33285210324,-1.11022302463e-16,-0.333333333333,0.000481230093597,2,2,2,2,1,-2.99855630972,0,6 7 15
19,101101,4,0,1,-0.999518769906,-0.999518769906,-1.11022302463e-16,-1,0.000481230093598,3,3,2,2,1,-2.99855630972,0,2 3 6
19,101110,4,0,3,-2.99855630972,-2.99855630972,0,-3,0.00144369028079,3,1,2,3,1,-2.99855630972,0,6 16 28
19,101111,5,0,1,-0.999518769906,-0.999518769906,-1.11022302463e-16,-1,0.000481230093598,4,2,2,3,1,-2.99855630972,0,2 6 29
19,110000,2,1,1,-0.666185436573,-0.666185436573,-1.11022302463e-16,-0.666666666667,0.000481230093598,1,3,2,1,1,-2.99855630972,0,7 16 29
19,110001,3,0,1,-0.999518769906,-0.999518769906,-1.11022302463e-16,-1,0.000481230093598,2,4,2,1,1,-2.99855630972,0,12 16 29
19,110010,3,0,2,-1.99903753981,-1.99903753981,-2.22044604925e-16,-2,0.000962460187196,2,2,2,2,1,-2.99855630972,0,16 28 29
19,110011,4,0,2,-1.99903753981,-1.99903753981,-2.22044604925e-16,-2,0.000962460187196,3,3,2,2,1,-2.99855630972,0,6 16 29
19,110100,3,3,0,1,1,0,1,-8.881784197e-16,0,4,3,1,1,-2.99855630972,0,7 15 17
19,110101,4,1,1,-0.666185436573,-0.666185436573,-1.11022302463e-16,-0.666666666667,0.000481230093598,1,5,3,1,1,-2.99855630972,0,7 16 29
19,110110,4,1,1,-0.666185436573,-0.666185436573,-1.11022302463e-16,-0.666666666667,0.000481230093598,1,3,3,2,1,-2.99855630972,0,6 7 29
19,110111,5,0,2,-1.99903753981,-1.99903753981,-2.22044604925e-16,-2,0.000962460187196,2,4,3,2,1,-2.99855630972,0,6 16 29
19,111000,3,1,2,-1.66570420648,-1.66570420648,-2.22044604925e-16,-1.66666666667,0.000962460187195,2,2,2,2,1,-2.99855630972,0,7 16 28
19,111001,4,0,1,-0.999518769906,-0.999518769906,-1.11022302463e-16,-1,0.000481230093598,3,3,2,2,1,-2.99855630972,0,12 16 29
19,111010,4,0,3,-2.99855630972,-2.99855630972,0,-3,0.00144369028079,3,1,2,3,1,-2.99855630972,0,6 16 28
19,111011,5,0,2,-1.99903753981,-1.99903753981,-2.22044604925e-16,-2,0.000962460187196,4,2,2,3,1,-2.99855630972,0,16 28 29
19,111100,4,2,1,-0.33285210324,-0.33285210324,-1.11022302463e-16,-0.333333333333,0.000481230093597,1,3,3,2,1,-2.99855630972,0,7 15 16
19,111101,5,2,1,-0.33285210324,-0.33285210324,-1.11022302463e-16,-0.333333333333,0.000481230093597,2,4,3,2,1,-2.99855630972,0,7 15 16
19,111110,5,0,3,-2.99855630972,-2.99855630972,0,-3,0.00144369028079,2,2,3,3,1,-2.99855630972,0,6 16 28
19,111111,6,0,2,-1.99903753981,-1.99903753981,-2.22044604925e-16,-2,0.000962460187196,3,3,3,3,1,-2.99855630972,0,6 16 29
20,000000,0,0,2,-1.99974298275,-1.99974298275,0,-2,0.000257017246271,3,3,0,0,0.999999999998,-2.99961447413,1,27 28 29
20,000001,1,0,0,0,0,0,0,0,4,4,0,0,0.999999999998,-2.99961447413,0,11 12 20
20,000010,1,0,0,0,0,0,0,0,4,2,0,1,0.999999999998,-2.99961447413,0,1 12 23
20,000011,2,0,0,0,0,0,0,0,5,3,0,1,0.999999999998,-2.99961447413,0,2 12 20
20,000100,1,1,0,0.333333333333,0.333333333333,0,0.333333333333,-5.33073585274e-13,2,4,1,0,0.999999999998,-2.99961447413,0,6 16 20
20,000101,2,1,0,0.333333333333,0.333333333333,0,0.333333333333,-5.33073585274e-13,3,5,1,0,0.999999999998,-2.99961447413,0,16 20 25
20,000110,2,1,0,0.333333333333,0.333333333333,0,0.333333333333,-5.33073585274e-13,3,3,1,1,0.999999999998,-2.99961447413,0,16 21 23
20,000111,3,1,0,0.333333333333,0.333333333333,0,0.333333333333,-5.33073585274e-13,4,4,1,1,0.999999999998,-2.99961447413,0,16 20 21
20,001000,1,0,1,-0.999871491377,-0.999871491377,0,-1,0.000128508623136,4,2,0,1,0.999999999998,-2.99961447413,0,9 19 26
20,001001,2,1,1,-0.666538158044,-0.666538158044,0,-0.666666666667,0.000128508622602,5,3,0,1,0.999999999998,-2.99961447413,0,13 26 27
20,001010,2,0,2,-1.99974298275,-1.99974298275,0,-2,0.000257017246271,5,1,0,2,0.999999999998,-2.99961447413,0,19 26 27
20,001011,3,1,1,-0.666538158044,-0.666538158044,0,-0.666666666667,0.000128508622602,6,2,0,2,0.999999999998,-2.99961447413,0,13 26 27
20,001100,2,1,1,-0.666538158044,-0.666538158044,0,-0.666666666667,0.000128508622602,3,3,1,1,0.999999999998,-2.99961447413,0,7 13 19
20,001101,3,1,0,0.333333333333,0.333333333333,0,0.333333333333,-5.33073585274e-13,4,4,1,1,0.999999999998,-2.99961447413,0,13 20 21
20,001110,3,0,2,-1.99974298275,-1.99974298275,0,-2,0.000257017246271,4,2,1,2,0.999999999998,-2.99961447413,0,19 23 27
20,001111,4,1,1,-0.666538158044,-0.666538158044,0,-0.666666666667,0.000128508622602,5,3,1,2,0.999999999998,-2.99961447413,0,13 21 27
20,010000,1,1,0,0.333333333333,0.333333333333,0,0.333333333333,-5.33073585274e-13,2,4,1,0,0.999999999998,-2.99961447413,0,12 13 21
20,010001,2,1,0,0.333333333333,0.333333333333,0,0.333333333333,-5.33073585274e-13,3,5,1,0,0.999999999998,-2.99961447413,0,12 13 20
20,010010,2,0,0,0,0,0,0,0,3,3,1,1,0.999999999998,-2.99961447413,0,1 12 21
20,010011,3,1,0,0.333333333333,0.333333333333,0,0.333333333333,-5.33073585274e-13,4,4,1,1,0.999999999998,-2.99961447413,0,12 13 21
20,010100,2,2,0,0.666666666666,0.666666666666,0,0.666666666667,-1.06614717055e-12,1,5,2,0,0.999999999998,-2.99961447413,0,13 16 21
20,010101,3,1,0,0.333333333333,0.333333333333,0,0.333333333333,-5.33073585274e-13,2,6,2,0,0.999999999998,-2.99961447413,0,16 20 21
20,010110,3,1,0,0.333333333333,0.333333333333,0,0.333333333333,-5.33073585274e-13,2,4,2,1,0.999999999998,-2.99961447413,0,16 21 23
20,010111,4,1,0,0.333333333333,0.333333333333,0,0.333333333333,-5.33073585274e-13,3,5,2,1,0.999999999998,-2.99961447413,0,12 16 21
20,011000,2,1,1,-0.666538158044,-0.666538158044,0,-0.666666666667,0.000128508622602,3,3,1,1,0.999999999998,-2.99961447413,0,13 19 21
20,011001,3,1,0,0.333333333333,0.333333333333,0,0.333333333333,-5.33073585274e-13,4,4,1,1,0.999999999998,-2.99961447413,0,12 13 21
20,011010,3,1,0,0.333333333333,0.333333333333,0,0.333333333333,-5.33073585274e-13,4,2,1,2,0.999999999998,-2.99961447413,0,12 13 21
20,011011,4,1,0,0.333333333333,0.333333333333,0,0.333333333333,-5.33073585274e-13,5,3,1,2,0.999999999998,-2.99961447413,0,12 13 21
20,011100,3,1,1,-0.666538158044,-0.666538158044,0,-0.666666666667,0.000128508622602,2,4,2,1,0.999999999998,-2.99961447413,0,13 19 21
20,011101,4,1,0,0.333333333333,0.333333333333,0,0.333333333333,-5.33073585274e-13,3,5,2,1,0.999999999998,-2.99961447413,0,13 20 21
20,011110,4,1,1,-0.666538158044,-0.666538158044,0,-0.666666666667,0.000128508622602,3,3,2,2,0.999999999998,-2.99961447413,0,13 19 21
20,011111,5,1,0,0.333333333333,0.333333333333,0,0.333333333333,-5.33073585274e-13,4,4,2,2,0.999999999998,-2.99961447413,0,13 20 21
20,100000,1,1,1,-0.666538158044,-0.666538158044,0,-0.666666666667,0.000128508622602,2,2,1,1,0.999999999998,-2.99961447413,0,5 24 29
20,100001,2,2,0,0.666666666666,0.666666666666,0,0.666666666667,-1.06614717055e-12,3,3,1,1,0.999999999998,-2.99961447413,0,11 16 24
20,100010,2,0,1,-0.999871491377,-0.999871491377,0,-1,0.000128508623136,3,1,1,2,0.999999999998,-2.99961447413,0,1 10 29
20,100011,3,0,1,-0.999871491377,-0.999871491377,0,-1,0.000128508623136,4,2,1,2,0.999999999998,-2.99961447413,0,10 12 29
20,100100,2,2,0,0.666666666666,0.666666666666,0,0.666666666667,-1.06614717055e-12,1,3,2,1,0.999999999998,-2.99961447413,0,16 18 24
20,100101,3,2,0,0.666666666666,0.666666666666,0,0.666666666667,-1.06614717055e-12,2,4,2,1,0.999999999998,-2.99961447413,0,16 20 24
20,100110,3,1,1,-0.666538158044,-0.666538158044,0,-0.666666666667,0.000128508622602,2,2,2,2,0.999999999998,-2.99961447413,0,4 16 29
20,100111,4,3,0,0.999999999998,0.999999999998,0,1,-1.59927626697e-12,3,3,2,2,0.999999999998,-2.99961447413,0,13 16 24
20,101000,2,0,1,-0.999871491377,-0.999871491377,0,-1,0.000128508623136,3,1,1,2,0.999999999998,-2.99961447413,0,3 9 29
20,101001,3,2,0,0.666666666666,0.666666666666,0,0.666666666667,-1.06614717055e-12,4,2,1,2,0.999999999998,-2.99961447413,0,9 13 24
20,101010,3,0,3,-2.99961447413,-2.99961447413,0,-3,0.000385525869406,4,0,1,3,0.999999999998,-2.99961447413,0,19 27 29
20,101011,4,1,2,-1.66640964942,-1.66640964942,0,-1.66666666667,0.000257017245738,5,1,1,3,0.999999999998,-2.99961447413,0,13 27 29
20,101100,3,1,1,-0.666538158044,-0.666538158044,0,-0.666666666667,0.000128508622602,2,2,2,2,0.999999999998,-2.99961447413,0,7 13 19
20,101101,4,3,0,0.999999999998,0.999999999998,0,1,-1.59927626697e-12,3,3,2,2,0.999999999998,-2.99961447413,0,13 16 24
20,101110,4,0,2,-1.99974298275,-1.99974298275,0,-2,0.000257017246271,3,1,2,3,0.999999999998,-2.99961447413,0,7 19 29
20,101111,5,2,1,-0.333204824711,-0.333204824711,0,-0.333333333333,0.000128508622069,4,2,2,3,0.999999999998,-2.99961447413,0,13 16 27
20,110000,2,3,0,0.999999999998,0.999999999998,0,1,-1.59927626697e-12,1,3,2,1,0.999999999998,-2.99961447413,0,13 16 24
20,110001,3,2,0,0.666666666666,0.666666666666,0,0.666666666667,-1.06614717055e-12,2,4,2,1,0.999999999998,-2.99961447413,0,11 13 24
20,110010,3,0,0,0,0,0,0,0,2,2,2,2,0.999999999998,-2.99961447413,0,1 10 12
20,110011,4,2,0,0.666666666666,0.666666666666,0,0.666666666667,-1.06614717055e-12,3,3,2,2,0.999999999998,-2.99961447413,0,12 13 16
20,110100,3,3,0,0.999999999998,0.999999999998,0,1,-1.59927626697e-12,0,4,3,1,0.999999999998,-2.99961447413,0,13 16 24
20,110101,4,3,0,0.999999999998,0.999999999998,0,1,-1.59927626697e-12,1,5,3,1,0.999999999998,-2.99961447413,0,13 16 24
20,110110,4,3,0,0.999999999998,0.999999999998,0,1,-1.59927626697e-12,1,3,3,2,0.999999999998,-2.99961447413,0,13 16 24
20,110111,5,3,0,0.999999999998,0.999999999998,0,1,-1.59927626697e-12,2,4,3,2,0.999999999998,-2.99961447413,0,13 16 24
20,111000,3,1,1,-0.666538158044,-0.666538158044,0,-0.666666666667,0.000128508622602,2,2,2,2,0.999999999998,-2.99961447413,0,9 13 19
20,111001,4,3,0,0.999999999998,0.999999999998,0,1,-1.59927626697e-12,3,3,2,2,0.999999999998,-2.99961447413,0,13 16 24
20,111010,4,1,1,-0.666538158044,-0.666538158044,0,-0.666666666667,0.000128508622602,3,1,2,3,0.999999999998,-2.99961447413,0,1 13 19
20,111011,5,1,0,0.333333333333,0.333333333333,0,0.333333333333,-5.33073585274e-13,4,2,2,3,0.999999999998,-2.99961447413,0,12 13 21
20,111100,4,2,1,-0.333204824711,-0.333204824711,0,-0.333333333333,0.000128508622069,1,3,3,2,0.999999999998,-2.99961447413,0,13 19 24
20,111101,5,3,0,0.999999999998,0.999999999998,0,1,-1.59927626697e-12,2,4,3,2,0.999999999998,-2.99961447413,0,13 16 24
20,111110,5,1,1,-0.666538158044,-0.666538158044,0,-0.666666666667,0.000128508622602,2,2,3,3,0.999999999998,-2.99961447413,0,13 19 21
20,111111,6,2,0,0.666666666666,0.666666666666,0,0.666666666667,-1.06614717055e-12,3,3,3,3,0.999999999998,-2.99961447413,0,13 16 21
